{"fecha_utimo_corte":"27 Enero 2024","hora_local":"22:38 h UTC-7","tipo_eleccion":"Ayuntamiento","nombre_archivo_json":"ayuntamiento_votos_partidos_politicos_vista_graficas_nivel_entidad.json","partidos":[{"partido_id":2,"partido_nombre":"PAN","partido_logo":"\/emblemas\/PAN.png","partido_color":"#003D92","partido_total_votos_general_numero":"0","partido_total_votos_general_porcentaje":"0.0000"},{"partido_id":3,"partido_nombre":"PRI","partido_logo":"\/emblemas\/PRI.jpeg","partido_color":"#80D291","partido_total_votos_general_numero":"0","partido_total_votos_general_porcentaje":"0.0000"},{"partido_id":4,"partido_nombre":"FXM","partido_logo":"\/emblemas\/PRD.png","partido_color":"#DCAE6A","partido_total_votos_general_numero":"0","partido_total_votos_general_porcentaje":"0.0000"},{"partido_id":5,"partido_nombre":"PT","partido_logo":"\/emblemas\/PT.jpeg","partido_color":"#E63500","partido_total_votos_general_numero":"15,892","partido_total_votos_general_porcentaje":"11.6603"},{"partido_id":6,"partido_nombre":"PVEM","partido_logo":"\/emblemas\/PVEM.jpeg","partido_color":"#2B7621","partido_total_votos_general_numero":"21,297","partido_total_votos_general_porcentaje":"15.6261"},{"partido_id":7,"partido_nombre":"MC","partido_logo":"\/emblemas\/MC.jpeg","partido_color":"#FF6D00","partido_total_votos_general_numero":"21,925","partido_total_votos_general_porcentaje":"16.0869"},{"partido_id":8,"partido_nombre":"PRS","partido_logo":"\/emblemas\/PRS.png","partido_color":"#39454D","partido_total_votos_general_numero":"0","partido_total_votos_general_porcentaje":"0.0000"},{"partido_id":9,"partido_nombre":"MORENA","partido_logo":"\/emblemas\/MORENA.jpeg","partido_color":"#651C32","partido_total_votos_general_numero":"8,250","partido_total_votos_general_porcentaje":"6.0532"},{"partido_id":10,"partido_nombre":"PHBCS","partido_logo":"\/emblemas\/PH_BCS.png","partido_color":"#DCAE6A","partido_total_votos_general_numero":"0","partido_total_votos_general_porcentaje":"0.0000"},{"partido_id":12,"partido_nombre":"PNABCS","partido_logo":"\/emblemas\/PNABCS.jpeg","partido_color":"#329FAE","partido_total_votos_general_numero":"23,044","partido_total_votos_general_porcentaje":"16.9079"},{"partido_id":13,"partido_nombre":"PES","partido_logo":"\/emblemas\/PES.png","partido_color":"#924F9D","partido_total_votos_general_numero":"23,703","partido_total_votos_general_porcentaje":"17.3915"},{"partido_id":15,"partido_nombre":"FXM","partido_logo":"\/emblemas\/FXM.jpg","partido_color":"#DCAE6A","partido_total_votos_general_numero":"22,180","partido_total_votos_general_porcentaje":"16.2740"},{"partido_id":16,"partido_nombre":"PML","partido_logo":"\/emblemas\/PML.png","partido_color":"#DCAE6A","partido_total_votos_general_numero":"0","partido_total_votos_general_porcentaje":"0.0000"},{"partido_id":99,"partido_nombre":"CANDIDATURAS NO REGISTRADAS","partido_logo":"SIN_LOGO","partido_color":"#888B89","partido_total_votos_general_numero":"32,936","partido_total_votos_general_porcentaje":"24.1659"},{"partido_id":999,"partido_nombre":"NULOS","partido_logo":"SIN_LOGO","partido_color":"#888B89","partido_total_votos_general_numero":"1,573","partido_total_votos_general_porcentaje":"1.1541"}]}