{"fecha_utimo_corte":"27 Enero 2024","hora_local":"22:38 h UTC-7","tipo_eleccion":"Ayuntamiento","nombre_archivo_json":"ayuntamiento_votos_candidaturas_combinaciones_vista_tarjetas_nivel_municipio.json","municipios":[{"municipio_id":1,"datos_candidaturas":[{"candidatura_id":2,"candidatura_logo":"\/emblemas\/PAN.png","candidatura_nombre":"PAN","candidatura_total_votos_numero":"sin dato","candidatura_total_votos_porcentaje":"0.0000","seleccionado":false},{"candidatura_id":3,"candidatura_logo":"\/emblemas\/PRI.jpeg","candidatura_nombre":"PRI","candidatura_total_votos_numero":"sin dato","candidatura_total_votos_porcentaje":"0.0000","seleccionado":false},{"candidatura_id":4,"candidatura_logo":"\/emblemas\/PRD.png","candidatura_nombre":"PRD","candidatura_total_votos_numero":"sin dato","candidatura_total_votos_porcentaje":"0.0000","seleccionado":false},{"candidatura_id":5,"candidatura_logo":"\/emblemas\/PT.jpeg","candidatura_nombre":"PT","candidatura_total_votos_numero":"11","candidatura_total_votos_porcentaje":"5.699","seleccionado":false},{"candidatura_id":6,"candidatura_logo":"\/emblemas\/PVEM.jpeg","candidatura_nombre":"PVEM","candidatura_total_votos_numero":"27","candidatura_total_votos_porcentaje":"13.99","seleccionado":false},{"candidatura_id":7,"candidatura_logo":"\/emblemas\/MC.jpeg","candidatura_nombre":"MC","candidatura_total_votos_numero":"35","candidatura_total_votos_porcentaje":"18.135","seleccionado":false},{"candidatura_id":8,"candidatura_logo":"\/emblemas\/PRS.png","candidatura_nombre":"PRS","candidatura_total_votos_numero":"sin dato","candidatura_total_votos_porcentaje":"0.0000","seleccionado":false},{"candidatura_id":9,"candidatura_logo":"\/emblemas\/MORENA.jpeg","candidatura_nombre":"MORENA","candidatura_total_votos_numero":"sin dato","candidatura_total_votos_porcentaje":"0.0000","seleccionado":false},{"candidatura_id":10,"candidatura_logo":"\/emblemas\/PH_BCS.png","candidatura_nombre":"PHBCS","candidatura_total_votos_numero":"sin dato","candidatura_total_votos_porcentaje":"0.0000","seleccionado":false},{"candidatura_id":12,"candidatura_logo":"\/emblemas\/PNABCS.jpeg","candidatura_nombre":"PNABCS","candidatura_total_votos_numero":"65","candidatura_total_votos_porcentaje":"33.679","seleccionado":false},{"candidatura_id":13,"candidatura_logo":"\/emblemas\/PES.png","candidatura_nombre":"PES","candidatura_total_votos_numero":"55","candidatura_total_votos_porcentaje":"28.497","seleccionado":false},{"candidatura_id":15,"candidatura_logo":"\/emblemas\/FXM.jpg","candidatura_nombre":"FXM","candidatura_total_votos_numero":"sin dato","candidatura_total_votos_porcentaje":"0.0000","seleccionado":false},{"candidatura_id":16,"candidatura_logo":"\/emblemas\/PML.png","candidatura_nombre":"PML","candidatura_total_votos_numero":"sin dato","candidatura_total_votos_porcentaje":"0.0000","seleccionado":false}]},{"municipio_id":2,"datos_candidaturas":[{"candidatura_id":5,"candidatura_logo":"\/emblemas\/PT.jpeg","candidatura_nombre":"PT","candidatura_total_votos_numero":"42","candidatura_total_votos_porcentaje":"21.106","seleccionado":false},{"candidatura_id":9,"candidatura_logo":"\/emblemas\/MORENA.jpeg","candidatura_nombre":"MORENA","candidatura_total_votos_numero":"27","candidatura_total_votos_porcentaje":"13.568","seleccionado":false},{"candidatura_id":10,"candidatura_logo":"\/emblemas\/PH_BCS.png","candidatura_nombre":"PHBCS","candidatura_total_votos_numero":"sin dato","candidatura_total_votos_porcentaje":"0.0000","seleccionado":false},{"candidatura_id":12,"candidatura_logo":"\/emblemas\/PNABCS.jpeg","candidatura_nombre":"PNABCS","candidatura_total_votos_numero":"68","candidatura_total_votos_porcentaje":"34.171","seleccionado":false},{"candidatura_id":13,"candidatura_logo":"\/emblemas\/PES.png","candidatura_nombre":"PES","candidatura_total_votos_numero":"62","candidatura_total_votos_porcentaje":"31.156","seleccionado":false}]},{"municipio_id":3,"datos_candidaturas":[{"candidatura_id":2,"candidatura_logo":"\/emblemas\/PAN.png","candidatura_nombre":"PAN","candidatura_total_votos_numero":"sin dato","candidatura_total_votos_porcentaje":"0.0000","seleccionado":false},{"candidatura_id":3,"candidatura_logo":"\/emblemas\/PRI.jpeg","candidatura_nombre":"PRI","candidatura_total_votos_numero":"sin dato","candidatura_total_votos_porcentaje":"0.0000","seleccionado":false},{"candidatura_id":4,"candidatura_logo":"\/emblemas\/PRD.png","candidatura_nombre":"PRD","candidatura_total_votos_numero":"sin dato","candidatura_total_votos_porcentaje":"0.0000","seleccionado":false},{"candidatura_id":5,"candidatura_logo":"\/emblemas\/PT.jpeg","candidatura_nombre":"PT","candidatura_total_votos_numero":"61","candidatura_total_votos_porcentaje":"12.979","seleccionado":false},{"candidatura_id":6,"candidatura_logo":"\/emblemas\/PVEM.jpeg","candidatura_nombre":"PVEM","candidatura_total_votos_numero":"83","candidatura_total_votos_porcentaje":"17.66","seleccionado":false},{"candidatura_id":7,"candidatura_logo":"\/emblemas\/MC.jpeg","candidatura_nombre":"MC","candidatura_total_votos_numero":"44","candidatura_total_votos_porcentaje":"9.362","seleccionado":false},{"candidatura_id":8,"candidatura_logo":"\/emblemas\/PRS.png","candidatura_nombre":"PRS","candidatura_total_votos_numero":"sin dato","candidatura_total_votos_porcentaje":"0.0000","seleccionado":false},{"candidatura_id":9,"candidatura_logo":"\/emblemas\/MORENA.jpeg","candidatura_nombre":"MORENA","candidatura_total_votos_numero":"26","candidatura_total_votos_porcentaje":"5.532","seleccionado":false},{"candidatura_id":10,"candidatura_logo":"\/emblemas\/PH_BCS.png","candidatura_nombre":"PHBCS","candidatura_total_votos_numero":"sin dato","candidatura_total_votos_porcentaje":"0.0000","seleccionado":false},{"candidatura_id":12,"candidatura_logo":"\/emblemas\/PNABCS.jpeg","candidatura_nombre":"PNABCS","candidatura_total_votos_numero":"122","candidatura_total_votos_porcentaje":"25.957","seleccionado":false},{"candidatura_id":13,"candidatura_logo":"\/emblemas\/PES.png","candidatura_nombre":"PES","candidatura_total_votos_numero":"97","candidatura_total_votos_porcentaje":"20.638","seleccionado":false},{"candidatura_id":15,"candidatura_logo":"\/emblemas\/FXM.jpg","candidatura_nombre":"FXM","candidatura_total_votos_numero":"37","candidatura_total_votos_porcentaje":"7.872","seleccionado":false},{"candidatura_id":16,"candidatura_logo":"\/emblemas\/PML.png","candidatura_nombre":"PML","candidatura_total_votos_numero":"sin dato","candidatura_total_votos_porcentaje":"0.0000","seleccionado":false}]},{"municipio_id":4,"datos_candidaturas":[{"candidatura_id":2,"candidatura_logo":"\/emblemas\/PAN.png","candidatura_nombre":"PAN","candidatura_total_votos_numero":"sin dato","candidatura_total_votos_porcentaje":"0.0000","seleccionado":false},{"candidatura_id":3,"candidatura_logo":"\/emblemas\/PRI.jpeg","candidatura_nombre":"PRI","candidatura_total_votos_numero":"sin dato","candidatura_total_votos_porcentaje":"0.0000","seleccionado":false},{"candidatura_id":4,"candidatura_logo":"\/emblemas\/PRD.png","candidatura_nombre":"PRD","candidatura_total_votos_numero":"sin dato","candidatura_total_votos_porcentaje":"0.0000","seleccionado":false},{"candidatura_id":5,"candidatura_logo":"\/emblemas\/PT.jpeg","candidatura_nombre":"PT","candidatura_total_votos_numero":"21","candidatura_total_votos_porcentaje":"4.872","seleccionado":false},{"candidatura_id":6,"candidatura_logo":"\/emblemas\/PVEM.jpeg","candidatura_nombre":"PVEM","candidatura_total_votos_numero":"90","candidatura_total_votos_porcentaje":"20.882","seleccionado":false},{"candidatura_id":7,"candidatura_logo":"\/emblemas\/MC.jpeg","candidatura_nombre":"MC","candidatura_total_votos_numero":"158","candidatura_total_votos_porcentaje":"36.659","seleccionado":false},{"candidatura_id":8,"candidatura_logo":"\/emblemas\/PRS.png","candidatura_nombre":"PRS","candidatura_total_votos_numero":"sin dato","candidatura_total_votos_porcentaje":"0.0000","seleccionado":false},{"candidatura_id":9,"candidatura_logo":"\/emblemas\/MORENA.jpeg","candidatura_nombre":"MORENA","candidatura_total_votos_numero":"12","candidatura_total_votos_porcentaje":"2.784","seleccionado":false},{"candidatura_id":10,"candidatura_logo":"\/emblemas\/PH_BCS.png","candidatura_nombre":"PHBCS","candidatura_total_votos_numero":"sin dato","candidatura_total_votos_porcentaje":"0.0000","seleccionado":false},{"candidatura_id":12,"candidatura_logo":"\/emblemas\/PNABCS.jpeg","candidatura_nombre":"PNABCS","candidatura_total_votos_numero":"96","candidatura_total_votos_porcentaje":"22.274","seleccionado":false},{"candidatura_id":13,"candidatura_logo":"\/emblemas\/PES.png","candidatura_nombre":"PES","candidatura_total_votos_numero":"5","candidatura_total_votos_porcentaje":"1.16","seleccionado":false},{"candidatura_id":15,"candidatura_logo":"\/emblemas\/FXM.jpg","candidatura_nombre":"FXM","candidatura_total_votos_numero":"49","candidatura_total_votos_porcentaje":"11.369","seleccionado":false},{"candidatura_id":16,"candidatura_logo":"\/emblemas\/PML.png","candidatura_nombre":"PML","candidatura_total_votos_numero":"sin dato","candidatura_total_votos_porcentaje":"0.0000","seleccionado":false}]},{"municipio_id":5,"datos_candidaturas":[{"candidatura_id":2,"candidatura_logo":"\/emblemas\/PAN.png","candidatura_nombre":"PAN","candidatura_total_votos_numero":"sin dato","candidatura_total_votos_porcentaje":"0.0000","seleccionado":false},{"candidatura_id":3,"candidatura_logo":"\/emblemas\/PRI.jpeg","candidatura_nombre":"PRI","candidatura_total_votos_numero":"sin dato","candidatura_total_votos_porcentaje":"0.0000","seleccionado":false},{"candidatura_id":4,"candidatura_logo":"\/emblemas\/PRD.png","candidatura_nombre":"PRD","candidatura_total_votos_numero":"sin dato","candidatura_total_votos_porcentaje":"0.0000","seleccionado":false},{"candidatura_id":5,"candidatura_logo":"\/emblemas\/PT.jpeg","candidatura_nombre":"PT","candidatura_total_votos_numero":"26","candidatura_total_votos_porcentaje":"9.155","seleccionado":false},{"candidatura_id":6,"candidatura_logo":"\/emblemas\/PVEM.jpeg","candidatura_nombre":"PVEM","candidatura_total_votos_numero":"81","candidatura_total_votos_porcentaje":"28.521","seleccionado":false},{"candidatura_id":7,"candidatura_logo":"\/emblemas\/MC.jpeg","candidatura_nombre":"MC","candidatura_total_votos_numero":"48","candidatura_total_votos_porcentaje":"16.901","seleccionado":false},{"candidatura_id":8,"candidatura_logo":"\/emblemas\/PRS.png","candidatura_nombre":"PRS","candidatura_total_votos_numero":"sin dato","candidatura_total_votos_porcentaje":"0.0000","seleccionado":false},{"candidatura_id":9,"candidatura_logo":"\/emblemas\/MORENA.jpeg","candidatura_nombre":"MORENA","candidatura_total_votos_numero":"17","candidatura_total_votos_porcentaje":"5.986","seleccionado":false},{"candidatura_id":13,"candidatura_logo":"\/emblemas\/PES.png","candidatura_nombre":"PES","candidatura_total_votos_numero":"65","candidatura_total_votos_porcentaje":"22.887","seleccionado":false},{"candidatura_id":15,"candidatura_logo":"\/emblemas\/FXM.jpg","candidatura_nombre":"FXM","candidatura_total_votos_numero":"47","candidatura_total_votos_porcentaje":"16.549","seleccionado":false},{"candidatura_id":16,"candidatura_logo":"\/emblemas\/PML.png","candidatura_nombre":"PML","candidatura_total_votos_numero":"sin dato","candidatura_total_votos_porcentaje":"0.0000","seleccionado":false}]}]}