{"fecha_utimo_corte":"27 Enero 2024","hora_local":"22:38 h UTC-7","tipo_eleccion":"Ayuntamiento","nombre_archivo_json":"ayuntamiento_votos_candidatos_vista_tarjetas_nivel_municipio.json","municipios":[{"municipio_id":1,"municipio_nombre":"COMOND\u00da","candidato_id_con_mayor_numero_votos":172,"mayor_numero_votos_numero":3990,"datos_candidaturas":[{"candidato_id":97,"candidato_nombre":"Nigel","candidato_apellidos":"Ledner","candidato_foto_url":"\/candidatos\/avatar-persona.svg","candidatura_total_votos_numero":"0","candidatura_total_votos_porcentaje":"0.0000","candidatura_nombre":"PAN","candidatura_logo":"\/emblemas\/PAN.png","seleccionado":false},{"candidato_id":885,"candidato_nombre":"Kylee","candidato_apellidos":"Lakin","candidato_foto_url":"\/candidatos\/avatar-persona.svg","candidatura_total_votos_numero":"0","candidatura_total_votos_porcentaje":"0.0000","candidatura_nombre":"PRI","candidatura_logo":"\/emblemas\/PRI.jpeg","seleccionado":false},{"candidato_id":635,"candidato_nombre":"Robbie","candidato_apellidos":"Brekke","candidato_foto_url":"\/candidatos\/avatar-persona.svg","candidatura_total_votos_numero":"0","candidatura_total_votos_porcentaje":"0.0000","candidatura_nombre":"PRD","candidatura_logo":"\/emblemas\/PRD.png","seleccionado":false},{"candidato_id":429,"candidato_nombre":"Nettie","candidato_apellidos":"OConnell","candidato_foto_url":"\/candidatos\/avatar-persona.svg","candidatura_total_votos_numero":"1,298","candidatura_total_votos_porcentaje":"5.4967","candidatura_nombre":"PT","candidatura_logo":"\/emblemas\/PT.jpeg","seleccionado":false},{"candidato_id":445,"candidato_nombre":"Katlynn","candidato_apellidos":"Lebsack","candidato_foto_url":"\/candidatos\/avatar-persona.svg","candidatura_total_votos_numero":"3,502","candidatura_total_votos_porcentaje":"14.8302","candidatura_nombre":"PVEM","candidatura_logo":"\/emblemas\/PVEM.jpeg","seleccionado":false},{"candidato_id":172,"candidato_nombre":"Ruth","candidato_apellidos":"Koepp","candidato_foto_url":"\/candidatos\/avatar-persona.svg","candidatura_total_votos_numero":"3,990","candidatura_total_votos_porcentaje":"16.8968","candidatura_nombre":"MC","candidatura_logo":"\/emblemas\/MC.jpeg","seleccionado":false},{"candidato_id":309,"candidato_nombre":"Aaron","candidato_apellidos":"Rodriguez","candidato_foto_url":"\/candidatos\/avatar-persona.svg","candidatura_total_votos_numero":"0","candidatura_total_votos_porcentaje":"0.0000","candidatura_nombre":"PRS","candidatura_logo":"\/emblemas\/PRS.png","seleccionado":false},{"candidato_id":436,"candidato_nombre":"Emmalee","candidato_apellidos":"Murray","candidato_foto_url":"\/candidatos\/avatar-persona.svg","candidatura_total_votos_numero":"1,227","candidatura_total_votos_porcentaje":"5.1961","candidatura_nombre":"MORENA","candidatura_logo":"\/emblemas\/MORENA.jpeg","seleccionado":false},{"candidato_id":442,"candidato_nombre":"Jimmy","candidato_apellidos":"Cremin","candidato_foto_url":"\/candidatos\/avatar-persona.svg","candidatura_total_votos_numero":"0","candidatura_total_votos_porcentaje":"0.0000","candidatura_nombre":"PHBCS","candidatura_logo":"\/emblemas\/PH_BCS.png","seleccionado":false},{"candidato_id":291,"candidato_nombre":"Elmo","candidato_apellidos":"Block","candidato_foto_url":"\/candidatos\/avatar-persona.svg","candidatura_total_votos_numero":"3,512","candidatura_total_votos_porcentaje":"14.8725","candidatura_nombre":"PNABCS","candidatura_logo":"\/emblemas\/PNABCS.jpeg","seleccionado":false},{"candidato_id":923,"candidato_nombre":"Efren","candidato_apellidos":"Quitzon","candidato_foto_url":"\/candidatos\/avatar-persona.svg","candidatura_total_votos_numero":"3,269","candidatura_total_votos_porcentaje":"13.8435","candidatura_nombre":"PES","candidatura_logo":"\/emblemas\/PES.png","seleccionado":false},{"candidato_id":110,"candidato_nombre":"Reece","candidato_apellidos":"McDermott","candidato_foto_url":"\/candidatos\/avatar-persona.svg","candidatura_total_votos_numero":"3,178","candidatura_total_votos_porcentaje":"13.4581","candidatura_nombre":"RSP","candidatura_logo":"\/emblemas\/RSP.jpeg","seleccionado":false},{"candidato_id":209,"candidato_nombre":"Myrtice","candidato_apellidos":"Heidenreich","candidato_foto_url":"\/candidatos\/avatar-persona.svg","candidatura_total_votos_numero":"3,638","candidatura_total_votos_porcentaje":"15.4061","candidatura_nombre":"FXM","candidatura_logo":"\/emblemas\/FXM.jpg","seleccionado":false},{"candidato_id":1024,"candidato_nombre":"Kyle","candidato_apellidos":"Laking","candidato_foto_url":"\/candidatos\/avatar-persona.svg","candidatura_total_votos_numero":"0","candidatura_total_votos_porcentaje":"0.0000","candidatura_nombre":"PML","candidatura_logo":"\/emblemas\/PML.png","seleccionado":false}]},{"municipio_id":2,"municipio_nombre":"MULEG\u00c9","candidato_id_con_mayor_numero_votos":109,"mayor_numero_votos_numero":2012,"datos_candidaturas":[{"candidato_id":54,"candidato_nombre":"Petra","candidato_apellidos":"D'Amore","candidato_foto_url":"\/candidatos\/avatar-persona.svg","candidatura_total_votos_numero":"0","candidatura_total_votos_porcentaje":"0.0000","candidatura_nombre":"PAN","candidatura_logo":"\/emblemas\/PAN.png","seleccionado":false},{"candidato_id":782,"candidato_nombre":"Florencio","candidato_apellidos":"Tremblay","candidato_foto_url":"\/candidatos\/avatar-persona.svg","candidatura_total_votos_numero":"0","candidatura_total_votos_porcentaje":"0.0000","candidatura_nombre":"PRI","candidatura_logo":"\/emblemas\/PRI.jpeg","seleccionado":false},{"candidato_id":367,"candidato_nombre":"Montana","candidato_apellidos":"Cronin","candidato_foto_url":"\/candidatos\/avatar-persona.svg","candidatura_total_votos_numero":"0","candidatura_total_votos_porcentaje":"0.0000","candidatura_nombre":"PRD","candidatura_logo":"\/emblemas\/PRD.png","seleccionado":false},{"candidato_id":428,"candidato_nombre":"Flavio","candidato_apellidos":"Bauch","candidato_foto_url":"\/candidatos\/avatar-persona.svg","candidatura_total_votos_numero":"642","candidatura_total_votos_porcentaje":"9.1103","candidatura_nombre":"PT","candidatura_logo":"\/emblemas\/PT.jpeg","seleccionado":false},{"candidato_id":478,"candidato_nombre":"Beverly","candidato_apellidos":"Cassin","candidato_foto_url":"\/candidatos\/avatar-persona.svg","candidatura_total_votos_numero":"0","candidatura_total_votos_porcentaje":"0.0000","candidatura_nombre":"PRS","candidatura_logo":"\/emblemas\/PRS.png","seleccionado":false},{"candidato_id":435,"candidato_nombre":"Nettie","candidato_apellidos":"Dooley","candidato_foto_url":"\/candidatos\/avatar-persona.svg","candidatura_total_votos_numero":"683","candidatura_total_votos_porcentaje":"9.6921","candidatura_nombre":"MORENA","candidatura_logo":"\/emblemas\/MORENA.jpeg","seleccionado":false},{"candidato_id":431,"candidato_nombre":"Carmela","candidato_apellidos":"Effertz","candidato_foto_url":"\/candidatos\/avatar-persona.svg","candidatura_total_votos_numero":"0","candidatura_total_votos_porcentaje":"0.0000","candidatura_nombre":"PHBCS","candidatura_logo":"\/emblemas\/PH_BCS.png","seleccionado":false},{"candidato_id":496,"candidato_nombre":"Cara","candidato_apellidos":"Will","candidato_foto_url":"\/candidatos\/avatar-persona.svg","candidatura_total_votos_numero":"1,757","candidatura_total_votos_porcentaje":"24.9326","candidatura_nombre":"PNABCS","candidatura_logo":"\/emblemas\/PNABCS.jpeg","seleccionado":false},{"candidato_id":704,"candidato_nombre":"Khalid","candidato_apellidos":"Hill","candidato_foto_url":"\/candidatos\/avatar-persona.svg","candidatura_total_votos_numero":"1,953","candidatura_total_votos_porcentaje":"27.7139","candidatura_nombre":"PES","candidatura_logo":"\/emblemas\/PES.png","seleccionado":false},{"candidato_id":109,"candidato_nombre":"Marcia","candidato_apellidos":"Cartwright","candidato_foto_url":"\/candidatos\/avatar-persona.svg","candidatura_total_votos_numero":"2,012","candidatura_total_votos_porcentaje":"28.5512","candidatura_nombre":"RSP","candidatura_logo":"\/emblemas\/RSP.jpeg","seleccionado":false},{"candidato_id":1025,"candidato_nombre":"Florencio","candidato_apellidos":"Trem","candidato_foto_url":"\/candidatos\/avatar-persona.svg","candidatura_total_votos_numero":"0","candidatura_total_votos_porcentaje":"0.0000","candidatura_nombre":"PML","candidatura_logo":"\/emblemas\/PML.png","seleccionado":false}]},{"municipio_id":3,"municipio_nombre":"LA PAZ","candidato_id_con_mayor_numero_votos":722,"mayor_numero_votos_numero":11725,"datos_candidaturas":[{"candidato_id":19,"candidato_nombre":"Winfield","candidato_apellidos":"Tremblay","candidato_foto_url":"\/candidatos\/avatar-persona.svg","candidatura_total_votos_numero":"0","candidatura_total_votos_porcentaje":"0.0000","candidatura_nombre":"PAN","candidatura_logo":"\/emblemas\/PAN.png","seleccionado":false},{"candidato_id":245,"candidato_nombre":"Tierra","candidato_apellidos":"Oberbrunner","candidato_foto_url":"\/candidatos\/avatar-persona.svg","candidatura_total_votos_numero":"0","candidatura_total_votos_porcentaje":"0.0000","candidatura_nombre":"PRI","candidatura_logo":"\/emblemas\/PRI.jpeg","seleccionado":false},{"candidato_id":425,"candidato_nombre":"Noah","candidato_apellidos":"Stokes","candidato_foto_url":"\/candidatos\/avatar-persona.svg","candidatura_total_votos_numero":"0","candidatura_total_votos_porcentaje":"0.0000","candidatura_nombre":"PRD","candidatura_logo":"\/emblemas\/PRD.png","seleccionado":false},{"candidato_id":427,"candidato_nombre":"Tabitha","candidato_apellidos":"Terry","candidato_foto_url":"\/candidatos\/avatar-persona.svg","candidatura_total_votos_numero":"3,671","candidatura_total_votos_porcentaje":"4.9579","candidatura_nombre":"PT","candidatura_logo":"\/emblemas\/PT.jpeg","seleccionado":false},{"candidato_id":851,"candidato_nombre":"Lizzie","candidato_apellidos":"Haag","candidato_foto_url":"\/candidatos\/avatar-persona.svg","candidatura_total_votos_numero":"10,882","candidatura_total_votos_porcentaje":"14.6969","candidatura_nombre":"PVEM","candidatura_logo":"\/emblemas\/PVEM.jpeg","seleccionado":false},{"candidato_id":189,"candidato_nombre":"Maryjane","candidato_apellidos":"Botsford","candidato_foto_url":"\/candidatos\/avatar-persona.svg","candidatura_total_votos_numero":"10,713","candidatura_total_votos_porcentaje":"14.4686","candidatura_nombre":"MC","candidatura_logo":"\/emblemas\/MC.jpeg","seleccionado":false},{"candidato_id":225,"candidato_nombre":"Sarah","candidato_apellidos":"Rogahn","candidato_foto_url":"\/candidatos\/avatar-persona.svg","candidatura_total_votos_numero":"0","candidatura_total_votos_porcentaje":"0.0000","candidatura_nombre":"PRS","candidatura_logo":"\/emblemas\/PRS.png","seleccionado":false},{"candidato_id":434,"candidato_nombre":"Lesly","candidato_apellidos":"Turner","candidato_foto_url":"\/candidatos\/avatar-persona.svg","candidatura_total_votos_numero":"3,858","candidatura_total_votos_porcentaje":"5.2105","candidatura_nombre":"MORENA","candidatura_logo":"\/emblemas\/MORENA.jpeg","seleccionado":false},{"candidato_id":197,"candidato_nombre":"Lane","candidato_apellidos":"Bosco","candidato_foto_url":"\/candidatos\/avatar-persona.svg","candidatura_total_votos_numero":"0","candidatura_total_votos_porcentaje":"0.0000","candidatura_nombre":"PHBCS","candidatura_logo":"\/emblemas\/PH_BCS.png","seleccionado":false},{"candidato_id":119,"candidato_nombre":"Marielle","candidato_apellidos":"Schneider","candidato_foto_url":"\/candidatos\/avatar-persona.svg","candidatura_total_votos_numero":"11,175","candidatura_total_votos_porcentaje":"15.0926","candidatura_nombre":"PNABCS","candidatura_logo":"\/emblemas\/PNABCS.jpeg","seleccionado":false},{"candidato_id":399,"candidato_nombre":"Cindy","candidato_apellidos":"Schneider","candidato_foto_url":"\/candidatos\/avatar-persona.svg","candidatura_total_votos_numero":"10,731","candidatura_total_votos_porcentaje":"14.4929","candidatura_nombre":"PES","candidatura_logo":"\/emblemas\/PES.png","seleccionado":false},{"candidato_id":108,"candidato_nombre":"Imani","candidato_apellidos":"Hamill","candidato_foto_url":"\/candidatos\/avatar-persona.svg","candidatura_total_votos_numero":"11,288","candidatura_total_votos_porcentaje":"15.2452","candidatura_nombre":"RSP","candidatura_logo":"\/emblemas\/RSP.jpeg","seleccionado":false},{"candidato_id":722,"candidato_nombre":"Wilbert","candidato_apellidos":"Considine","candidato_foto_url":"\/candidatos\/avatar-persona.svg","candidatura_total_votos_numero":"11,725","candidatura_total_votos_porcentaje":"15.8354","candidatura_nombre":"FXM","candidatura_logo":"\/emblemas\/FXM.jpg","seleccionado":false},{"candidato_id":1023,"candidato_nombre":"Tierras","candidato_apellidos":"Ober","candidato_foto_url":"\/candidatos\/avatar-persona.svg","candidatura_total_votos_numero":"0","candidatura_total_votos_porcentaje":"0.0000","candidatura_nombre":"PML","candidatura_logo":"\/emblemas\/PML.png","seleccionado":false}]},{"municipio_id":4,"municipio_nombre":"LOS CABOS","candidato_id_con_mayor_numero_votos":802,"mayor_numero_votos_numero":7482,"datos_candidaturas":[{"candidato_id":1,"candidato_nombre":"Arnulfo","candidato_apellidos":"Stokes","candidato_foto_url":"\/candidatos\/avatar-persona.svg","candidatura_total_votos_numero":"0","candidatura_total_votos_porcentaje":"0.0000","candidatura_nombre":"PAN","candidatura_logo":"\/emblemas\/PAN.png","seleccionado":false},{"candidato_id":829,"candidato_nombre":"Benjamin","candidato_apellidos":"Russel","candidato_foto_url":"\/candidatos\/avatar-persona.svg","candidatura_total_votos_numero":"0","candidatura_total_votos_porcentaje":"0.0000","candidatura_nombre":"PRI","candidatura_logo":"\/emblemas\/PRI.jpeg","seleccionado":false},{"candidato_id":520,"candidato_nombre":"Ebba","candidato_apellidos":"Rice","candidato_foto_url":"\/candidatos\/avatar-persona.svg","candidatura_total_votos_numero":"0","candidatura_total_votos_porcentaje":"0.0000","candidatura_nombre":"PRD","candidatura_logo":"\/emblemas\/PRD.png","seleccionado":false},{"candidato_id":426,"candidato_nombre":"Damon","candidato_apellidos":"Conroy","candidato_foto_url":"\/candidatos\/avatar-persona.svg","candidatura_total_votos_numero":"2,280","candidatura_total_votos_porcentaje":"5.7574","candidatura_nombre":"PT","candidatura_logo":"\/emblemas\/PT.jpeg","seleccionado":false},{"candidato_id":744,"candidato_nombre":"Alana","candidato_apellidos":"Schuppe","candidato_foto_url":"\/candidatos\/avatar-persona.svg","candidatura_total_votos_numero":"4,550","candidatura_total_votos_porcentaje":"11.4896","candidatura_nombre":"PVEM","candidatura_logo":"\/emblemas\/PVEM.jpeg","seleccionado":false},{"candidato_id":575,"candidato_nombre":"Lenny","candidato_apellidos":"Stracke","candidato_foto_url":"\/candidatos\/avatar-persona.svg","candidatura_total_votos_numero":"4,884","candidatura_total_votos_porcentaje":"12.3330","candidatura_nombre":"MC","candidatura_logo":"\/emblemas\/MC.jpeg","seleccionado":false},{"candidato_id":613,"candidato_nombre":"Cassandre","candidato_apellidos":"Champlin","candidato_foto_url":"\/candidatos\/avatar-persona.svg","candidatura_total_votos_numero":"0","candidatura_total_votos_porcentaje":"0.0000","candidatura_nombre":"PRS","candidatura_logo":"\/emblemas\/PRS.png","seleccionado":false},{"candidato_id":433,"candidato_nombre":"Brennon","candidato_apellidos":"Kirlin","candidato_foto_url":"\/candidatos\/avatar-persona.svg","candidatura_total_votos_numero":"2,395","candidatura_total_votos_porcentaje":"6.0478","candidatura_nombre":"MORENA","candidatura_logo":"\/emblemas\/MORENA.jpeg","seleccionado":false},{"candidato_id":444,"candidato_nombre":"Aubree","candidato_apellidos":"Murphy","candidato_foto_url":"\/candidatos\/avatar-persona.svg","candidatura_total_votos_numero":"0","candidatura_total_votos_porcentaje":"0.0000","candidatura_nombre":"PHBCS","candidatura_logo":"\/emblemas\/PH_BCS.png","seleccionado":false},{"candidato_id":659,"candidato_nombre":"Mollie","candidato_apellidos":"Heller","candidato_foto_url":"\/candidatos\/avatar-persona.svg","candidatura_total_votos_numero":"6,294","candidatura_total_votos_porcentaje":"15.8935","candidatura_nombre":"PNABCS","candidatura_logo":"\/emblemas\/PNABCS.jpeg","seleccionado":false},{"candidato_id":802,"candidato_nombre":"Minerva","candidato_apellidos":"Fadel","candidato_foto_url":"\/candidatos\/avatar-persona.svg","candidatura_total_votos_numero":"7,482","candidatura_total_votos_porcentaje":"18.8935","candidatura_nombre":"PES","candidatura_logo":"\/emblemas\/PES.png","seleccionado":false},{"candidato_id":107,"candidato_nombre":"Josie","candidato_apellidos":"Wilderman","candidato_foto_url":"\/candidatos\/avatar-persona.svg","candidatura_total_votos_numero":"6,990","candidatura_total_votos_porcentaje":"17.6511","candidatura_nombre":"RSP","candidatura_logo":"\/emblemas\/RSP.jpeg","seleccionado":false},{"candidato_id":595,"candidato_nombre":"Makenzie","candidato_apellidos":"Rohan","candidato_foto_url":"\/candidatos\/avatar-persona.svg","candidatura_total_votos_numero":"4,726","candidatura_total_votos_porcentaje":"11.9340","candidatura_nombre":"FXM","candidatura_logo":"\/emblemas\/FXM.jpg","seleccionado":false},{"candidato_id":1026,"candidato_nombre":"Benjamin","candidato_apellidos":"Russelini","candidato_foto_url":"\/candidatos\/avatar-persona.svg","candidatura_total_votos_numero":"0","candidatura_total_votos_porcentaje":"0.0000","candidatura_nombre":"PML","candidatura_logo":"\/emblemas\/PML.png","seleccionado":false}]},{"municipio_id":5,"municipio_nombre":"LORETO","candidato_id_con_mayor_numero_votos":907,"mayor_numero_votos_numero":358,"datos_candidaturas":[{"candidato_id":72,"candidato_nombre":"Bradford","candidato_apellidos":"Becker","candidato_foto_url":"\/candidatos\/avatar-persona.svg","candidatura_total_votos_numero":"0","candidatura_total_votos_porcentaje":"0.0000","candidatura_nombre":"PAN","candidatura_logo":"\/emblemas\/PAN.png","seleccionado":false},{"candidato_id":385,"candidato_nombre":"Cassandre","candidato_apellidos":"Rohan","candidato_foto_url":"\/candidatos\/avatar-persona.svg","candidatura_total_votos_numero":"0","candidatura_total_votos_porcentaje":"0.0000","candidatura_nombre":"PRD","candidatura_logo":"\/emblemas\/PRD.png","seleccionado":false},{"candidato_id":430,"candidato_nombre":"Cortez","candidato_apellidos":"Hettinger","candidato_foto_url":"\/candidatos\/avatar-persona.svg","candidatura_total_votos_numero":"69","candidatura_total_votos_porcentaje":"4.2724","candidatura_nombre":"PT","candidatura_logo":"\/emblemas\/PT.jpeg","seleccionado":false},{"candidato_id":907,"candidato_nombre":"Carolyn","candidato_apellidos":"Leuschke","candidato_foto_url":"\/candidatos\/avatar-persona.svg","candidatura_total_votos_numero":"358","candidatura_total_votos_porcentaje":"22.1672","candidatura_nombre":"PVEM","candidatura_logo":"\/emblemas\/PVEM.jpeg","seleccionado":false},{"candidato_id":685,"candidato_nombre":"Mitchell","candidato_apellidos":"Cole","candidato_foto_url":"\/candidatos\/avatar-persona.svg","candidatura_total_votos_numero":"278","candidatura_total_votos_porcentaje":"17.2136","candidatura_nombre":"MC","candidatura_logo":"\/emblemas\/MC.jpeg","seleccionado":false},{"candidato_id":980,"candidato_nombre":"Selina","candidato_apellidos":"Mann","candidato_foto_url":"\/candidatos\/avatar-persona.svg","candidatura_total_votos_numero":"0","candidatura_total_votos_porcentaje":"0.0000","candidatura_nombre":"PRS","candidatura_logo":"\/emblemas\/PRS.png","seleccionado":false},{"candidato_id":437,"candidato_nombre":"Emmy","candidato_apellidos":"Spencer","candidato_foto_url":"\/candidatos\/avatar-persona.svg","candidatura_total_votos_numero":"87","candidatura_total_votos_porcentaje":"5.3870","candidatura_nombre":"MORENA","candidatura_logo":"\/emblemas\/MORENA.jpeg","seleccionado":false},{"candidato_id":441,"candidato_nombre":"Carleton","candidato_apellidos":"Bayer","candidato_foto_url":"\/candidatos\/avatar-persona.svg","candidatura_total_votos_numero":"0","candidatura_total_votos_porcentaje":"0.0000","candidatura_nombre":"PHBCS","candidatura_logo":"\/emblemas\/PH_BCS.png","seleccionado":false},{"candidato_id":339,"candidato_nombre":"Fatima","candidato_apellidos":"Keeling","candidato_foto_url":"\/candidatos\/avatar-persona.svg","candidatura_total_votos_numero":"268","candidatura_total_votos_porcentaje":"16.5944","candidatura_nombre":"PES","candidatura_logo":"\/emblemas\/PES.png","seleccionado":false},{"candidato_id":111,"candidato_nombre":"Zelma","candidato_apellidos":"Hand","candidato_foto_url":"\/candidatos\/avatar-persona.svg","candidatura_total_votos_numero":"215","candidatura_total_votos_porcentaje":"13.3127","candidatura_nombre":"RSP","candidatura_logo":"\/emblemas\/RSP.jpeg","seleccionado":false},{"candidato_id":1004,"candidato_nombre":"Nova","candidato_apellidos":"Grant","candidato_foto_url":"\/candidatos\/avatar-persona.svg","candidatura_total_votos_numero":"340","candidatura_total_votos_porcentaje":"21.0526","candidatura_nombre":"FXM","candidatura_logo":"\/emblemas\/FXM.jpg","seleccionado":false}]}]}