{"fecha_ultimo_corte":"27 Enero 2024","hora_local":"22:38 h UTC-7","tipo_eleccion":"Ayuntamiento","nombre_archivo_json":"ayuntamiento_votos_por_seccion_nivel_municipio.json","datos_municipios":[{"municipio_id":1,"municipio_nombre":"COMOND\u00da","datos_nombres_columnas":[{"candidatura_id":9999999,"candidatura_nombre":"Secciones","candidatura_logo":"sin logo"},{"candidatura_id":2,"candidatura_nombre":"PAN","candidatura_logo":"\/emblemas\/PAN.png"},{"candidatura_id":3,"candidatura_nombre":"PRI","candidatura_logo":"\/emblemas\/PRI.jpeg"},{"candidatura_id":4,"candidatura_nombre":"PRD","candidatura_logo":"\/emblemas\/PRD.png"},{"candidatura_id":5,"candidatura_nombre":"PT","candidatura_logo":"\/emblemas\/PT.jpeg"},{"candidatura_id":6,"candidatura_nombre":"PVEM","candidatura_logo":"\/emblemas\/PVEM.jpeg"},{"candidatura_id":7,"candidatura_nombre":"MC","candidatura_logo":"\/emblemas\/MC.jpeg"},{"candidatura_id":8,"candidatura_nombre":"PRS","candidatura_logo":"\/emblemas\/PRS.png"},{"candidatura_id":9,"candidatura_nombre":"MORENA","candidatura_logo":"\/emblemas\/MORENA.jpeg"},{"candidatura_id":10,"candidatura_nombre":"PHBCS","candidatura_logo":"\/emblemas\/PH_BCS.png"},{"candidatura_id":12,"candidatura_nombre":"PNABCS","candidatura_logo":"\/emblemas\/PNABCS.jpeg"},{"candidatura_id":13,"candidatura_nombre":"PES","candidatura_logo":"\/emblemas\/PES.png"},{"candidatura_id":15,"candidatura_nombre":"FXM","candidatura_logo":"\/emblemas\/FXM.jpg"},{"candidatura_id":16,"candidatura_nombre":"PML","candidatura_logo":"\/emblemas\/PML.png"},{"candidatura_id":99,"candidatura_nombre":"Candidaturas no registradas","candidatura_logo":"sin logo"},{"candidatura_id":999,"candidatura_nombre":"Votos nulos","candidatura_logo":"sin logo"},{"candidatura_id":9999,"candidatura_nombre":"Total","candidatura_logo":"sin logo"}],"datos_secciones":[{"seccion_id":"1","seccion_descripcion":"secci\u00f3n 001","datos_votos":[]},{"seccion_id":"2","seccion_descripcion":"secci\u00f3n 002","datos_votos":[]},{"seccion_id":"3","seccion_descripcion":"secci\u00f3n 003","datos_votos":[]},{"seccion_id":"4","seccion_descripcion":"secci\u00f3n 004","datos_votos":[]},{"seccion_id":"5","seccion_descripcion":"secci\u00f3n 005","datos_votos":[]},{"seccion_id":"6","seccion_descripcion":"secci\u00f3n 006","datos_votos":[]},{"seccion_id":"7","seccion_descripcion":"secci\u00f3n 007","datos_votos":[]},{"seccion_id":"8","seccion_descripcion":"secci\u00f3n 008","datos_votos":[]},{"seccion_id":"9","seccion_descripcion":"secci\u00f3n 009","datos_votos":[]},{"seccion_id":"10","seccion_descripcion":"secci\u00f3n 010","datos_votos":[]},{"seccion_id":"11","seccion_descripcion":"secci\u00f3n 011","datos_votos":[]},{"seccion_id":"12","seccion_descripcion":"secci\u00f3n 012","datos_votos":[]},{"seccion_id":"13","seccion_descripcion":"secci\u00f3n 013","datos_votos":[]},{"seccion_id":"14","seccion_descripcion":"secci\u00f3n 014","datos_votos":[]},{"seccion_id":"15","seccion_descripcion":"secci\u00f3n 015","datos_votos":[]},{"seccion_id":"16","seccion_descripcion":"secci\u00f3n 016","datos_votos":[]},{"seccion_id":"17","seccion_descripcion":"secci\u00f3n 017","datos_votos":[]},{"seccion_id":"18","seccion_descripcion":"secci\u00f3n 018","datos_votos":[]},{"seccion_id":"19","seccion_descripcion":"secci\u00f3n 019","datos_votos":[]},{"seccion_id":"20","seccion_descripcion":"secci\u00f3n 020","datos_votos":[]},{"seccion_id":"21","seccion_descripcion":"secci\u00f3n 021","datos_votos":[]},{"seccion_id":"22","seccion_descripcion":"secci\u00f3n 022","datos_votos":[]},{"seccion_id":"23","seccion_descripcion":"secci\u00f3n 023","datos_votos":[]},{"seccion_id":"24","seccion_descripcion":"secci\u00f3n 024","datos_votos":[]},{"seccion_id":"25","seccion_descripcion":"secci\u00f3n 025","datos_votos":[]},{"seccion_id":"26","seccion_descripcion":"secci\u00f3n 026","datos_votos":[]},{"seccion_id":"27","seccion_descripcion":"secci\u00f3n 027","datos_votos":[]},{"seccion_id":"28","seccion_descripcion":"secci\u00f3n 028","datos_votos":[]},{"seccion_id":"29","seccion_descripcion":"secci\u00f3n 029","datos_votos":[]},{"seccion_id":"30","seccion_descripcion":"secci\u00f3n 030","datos_votos":[]},{"seccion_id":"31","seccion_descripcion":"secci\u00f3n 031","datos_votos":[]},{"seccion_id":"32","seccion_descripcion":"secci\u00f3n 032","datos_votos":[]},{"seccion_id":"33","seccion_descripcion":"secci\u00f3n 033","datos_votos":[]},{"seccion_id":"34","seccion_descripcion":"secci\u00f3n 034","datos_votos":[]},{"seccion_id":"35","seccion_descripcion":"secci\u00f3n 035","datos_votos":[]},{"seccion_id":"36","seccion_descripcion":"secci\u00f3n 036","datos_votos":[]},{"seccion_id":"37","seccion_descripcion":"secci\u00f3n 037","datos_votos":[]},{"seccion_id":"38","seccion_descripcion":"secci\u00f3n 038","datos_votos":[]},{"seccion_id":"39","seccion_descripcion":"secci\u00f3n 039","datos_votos":[]},{"seccion_id":"40","seccion_descripcion":"secci\u00f3n 040","datos_votos":[]},{"seccion_id":"41","seccion_descripcion":"secci\u00f3n 041","datos_votos":[]},{"seccion_id":"42","seccion_descripcion":"secci\u00f3n 042","datos_votos":[]},{"seccion_id":"43","seccion_descripcion":"secci\u00f3n 043","datos_votos":[]},{"seccion_id":"44","seccion_descripcion":"secci\u00f3n 044","datos_votos":[]},{"seccion_id":"45","seccion_descripcion":"secci\u00f3n 045","datos_votos":[]},{"seccion_id":"46","seccion_descripcion":"secci\u00f3n 046","datos_votos":[]},{"seccion_id":"47","seccion_descripcion":"secci\u00f3n 047","datos_votos":[]},{"seccion_id":"48","seccion_descripcion":"secci\u00f3n 048","datos_votos":[]},{"seccion_id":"49","seccion_descripcion":"secci\u00f3n 049","datos_votos":[]},{"seccion_id":"50","seccion_descripcion":"secci\u00f3n 050","datos_votos":[]},{"seccion_id":"51","seccion_descripcion":"secci\u00f3n 051","datos_votos":[]},{"seccion_id":"52","seccion_descripcion":"secci\u00f3n 052","datos_votos":[]},{"seccion_id":"53","seccion_descripcion":"secci\u00f3n 053","datos_votos":[]},{"seccion_id":"54","seccion_descripcion":"secci\u00f3n 054","datos_votos":[]},{"seccion_id":"55","seccion_descripcion":"secci\u00f3n 055","datos_votos":[]},{"seccion_id":"56","seccion_descripcion":"secci\u00f3n 056","datos_votos":[]},{"seccion_id":"57","seccion_descripcion":"secci\u00f3n 057","datos_votos":[]},{"seccion_id":"58","seccion_descripcion":"secci\u00f3n 058","datos_votos":[]},{"seccion_id":"59","seccion_descripcion":"secci\u00f3n 059","datos_votos":[]},{"seccion_id":"60","seccion_descripcion":"secci\u00f3n 060","datos_votos":[]},{"seccion_id":"61","seccion_descripcion":"secci\u00f3n 061","datos_votos":[]},{"seccion_id":"62","seccion_descripcion":"secci\u00f3n 062","datos_votos":[]},{"seccion_id":"63","seccion_descripcion":"secci\u00f3n 063","datos_votos":[]},{"seccion_id":"66","seccion_descripcion":"secci\u00f3n 066","datos_votos":[]},{"seccion_id":"67","seccion_descripcion":"secci\u00f3n 067","datos_votos":[]},{"seccion_id":"68","seccion_descripcion":"secci\u00f3n 068","datos_votos":[]},{"seccion_id":"69","seccion_descripcion":"secci\u00f3n 069","datos_votos":[]},{"seccion_id":"70","seccion_descripcion":"secci\u00f3n 070","datos_votos":[]},{"seccion_id":"71","seccion_descripcion":"secci\u00f3n 071","datos_votos":[]},{"seccion_id":"72","seccion_descripcion":"secci\u00f3n 072","datos_votos":[]},{"seccion_id":"73","seccion_descripcion":"secci\u00f3n 073","datos_votos":[]},{"seccion_id":"74","seccion_descripcion":"secci\u00f3n 074","datos_votos":[]}]},{"municipio_id":2,"municipio_nombre":"MULEG\u00c9","datos_nombres_columnas":[{"candidatura_id":9999999,"candidatura_nombre":"Secciones","candidatura_logo":"sin logo"},{"candidatura_id":5,"candidatura_nombre":"PT","candidatura_logo":"\/emblemas\/PT.jpeg"},{"candidatura_id":9,"candidatura_nombre":"MORENA","candidatura_logo":"\/emblemas\/MORENA.jpeg"},{"candidatura_id":10,"candidatura_nombre":"PHBCS","candidatura_logo":"\/emblemas\/PH_BCS.png"},{"candidatura_id":12,"candidatura_nombre":"PNABCS","candidatura_logo":"\/emblemas\/PNABCS.jpeg"},{"candidatura_id":13,"candidatura_nombre":"PES","candidatura_logo":"\/emblemas\/PES.png"},{"candidatura_id":99,"candidatura_nombre":"Candidaturas no registradas","candidatura_logo":"sin logo"},{"candidatura_id":999,"candidatura_nombre":"Votos nulos","candidatura_logo":"sin logo"},{"candidatura_id":9999,"candidatura_nombre":"Total","candidatura_logo":"sin logo"}],"datos_secciones":[{"seccion_id":"75","seccion_descripcion":"secci\u00f3n 075","datos_votos":[]},{"seccion_id":"76","seccion_descripcion":"secci\u00f3n 076","datos_votos":[]},{"seccion_id":"77","seccion_descripcion":"secci\u00f3n 077","datos_votos":[]},{"seccion_id":"78","seccion_descripcion":"secci\u00f3n 078","datos_votos":[]},{"seccion_id":"79","seccion_descripcion":"secci\u00f3n 079","datos_votos":[]},{"seccion_id":"80","seccion_descripcion":"secci\u00f3n 080","datos_votos":[]},{"seccion_id":"81","seccion_descripcion":"secci\u00f3n 081","datos_votos":[]},{"seccion_id":"82","seccion_descripcion":"secci\u00f3n 082","datos_votos":[]},{"seccion_id":"83","seccion_descripcion":"secci\u00f3n 083","datos_votos":[]},{"seccion_id":"84","seccion_descripcion":"secci\u00f3n 084","datos_votos":[]},{"seccion_id":"85","seccion_descripcion":"secci\u00f3n 085","datos_votos":[]},{"seccion_id":"86","seccion_descripcion":"secci\u00f3n 086","datos_votos":[]},{"seccion_id":"87","seccion_descripcion":"secci\u00f3n 087","datos_votos":[]},{"seccion_id":"88","seccion_descripcion":"secci\u00f3n 088","datos_votos":[]},{"seccion_id":"89","seccion_descripcion":"secci\u00f3n 089","datos_votos":[]},{"seccion_id":"90","seccion_descripcion":"secci\u00f3n 090","datos_votos":[]},{"seccion_id":"91","seccion_descripcion":"secci\u00f3n 091","datos_votos":[]},{"seccion_id":"92","seccion_descripcion":"secci\u00f3n 092","datos_votos":[]},{"seccion_id":"93","seccion_descripcion":"secci\u00f3n 093","datos_votos":[]},{"seccion_id":"94","seccion_descripcion":"secci\u00f3n 094","datos_votos":[]},{"seccion_id":"95","seccion_descripcion":"secci\u00f3n 095","datos_votos":[]},{"seccion_id":"96","seccion_descripcion":"secci\u00f3n 096","datos_votos":[]},{"seccion_id":"97","seccion_descripcion":"secci\u00f3n 097","datos_votos":[]},{"seccion_id":"98","seccion_descripcion":"secci\u00f3n 098","datos_votos":[]},{"seccion_id":"99","seccion_descripcion":"secci\u00f3n 099","datos_votos":[]},{"seccion_id":"101","seccion_descripcion":"secci\u00f3n 101","datos_votos":[]},{"seccion_id":"102","seccion_descripcion":"secci\u00f3n 102","datos_votos":[]},{"seccion_id":"103","seccion_descripcion":"secci\u00f3n 103","datos_votos":[]},{"seccion_id":"104","seccion_descripcion":"secci\u00f3n 104","datos_votos":[]},{"seccion_id":"105","seccion_descripcion":"secci\u00f3n 105","datos_votos":[]},{"seccion_id":"107","seccion_descripcion":"secci\u00f3n 107","datos_votos":[]},{"seccion_id":"108","seccion_descripcion":"secci\u00f3n 108","datos_votos":[]},{"seccion_id":"109","seccion_descripcion":"secci\u00f3n 109","datos_votos":[]},{"seccion_id":"110","seccion_descripcion":"secci\u00f3n 110","datos_votos":[]},{"seccion_id":"111","seccion_descripcion":"secci\u00f3n 111","datos_votos":[]},{"seccion_id":"112","seccion_descripcion":"secci\u00f3n 112","datos_votos":[]},{"seccion_id":"113","seccion_descripcion":"secci\u00f3n 113","datos_votos":[]},{"seccion_id":"114","seccion_descripcion":"secci\u00f3n 114","datos_votos":[]},{"seccion_id":"115","seccion_descripcion":"secci\u00f3n 115","datos_votos":[]},{"seccion_id":"116","seccion_descripcion":"secci\u00f3n 116","datos_votos":[]},{"seccion_id":"117","seccion_descripcion":"secci\u00f3n 117","datos_votos":[]},{"seccion_id":"118","seccion_descripcion":"secci\u00f3n 118","datos_votos":[]},{"seccion_id":"119","seccion_descripcion":"secci\u00f3n 119","datos_votos":[]},{"seccion_id":"120","seccion_descripcion":"secci\u00f3n 120","datos_votos":[]}]},{"municipio_id":3,"municipio_nombre":"LA PAZ","datos_nombres_columnas":[{"candidatura_id":9999999,"candidatura_nombre":"Secciones","candidatura_logo":"sin logo"},{"candidatura_id":2,"candidatura_nombre":"PAN","candidatura_logo":"\/emblemas\/PAN.png"},{"candidatura_id":3,"candidatura_nombre":"PRI","candidatura_logo":"\/emblemas\/PRI.jpeg"},{"candidatura_id":4,"candidatura_nombre":"PRD","candidatura_logo":"\/emblemas\/PRD.png"},{"candidatura_id":5,"candidatura_nombre":"PT","candidatura_logo":"\/emblemas\/PT.jpeg"},{"candidatura_id":6,"candidatura_nombre":"PVEM","candidatura_logo":"\/emblemas\/PVEM.jpeg"},{"candidatura_id":7,"candidatura_nombre":"MC","candidatura_logo":"\/emblemas\/MC.jpeg"},{"candidatura_id":8,"candidatura_nombre":"PRS","candidatura_logo":"\/emblemas\/PRS.png"},{"candidatura_id":9,"candidatura_nombre":"MORENA","candidatura_logo":"\/emblemas\/MORENA.jpeg"},{"candidatura_id":10,"candidatura_nombre":"PHBCS","candidatura_logo":"\/emblemas\/PH_BCS.png"},{"candidatura_id":12,"candidatura_nombre":"PNABCS","candidatura_logo":"\/emblemas\/PNABCS.jpeg"},{"candidatura_id":13,"candidatura_nombre":"PES","candidatura_logo":"\/emblemas\/PES.png"},{"candidatura_id":15,"candidatura_nombre":"FXM","candidatura_logo":"\/emblemas\/FXM.jpg"},{"candidatura_id":16,"candidatura_nombre":"PML","candidatura_logo":"\/emblemas\/PML.png"},{"candidatura_id":99,"candidatura_nombre":"Candidaturas no registradas","candidatura_logo":"sin logo"},{"candidatura_id":999,"candidatura_nombre":"Votos nulos","candidatura_logo":"sin logo"},{"candidatura_id":9999,"candidatura_nombre":"Total","candidatura_logo":"sin logo"}],"datos_secciones":[{"seccion_id":"121","seccion_descripcion":"secci\u00f3n 121","datos_votos":[]},{"seccion_id":"122","seccion_descripcion":"secci\u00f3n 122","datos_votos":[]},{"seccion_id":"123","seccion_descripcion":"secci\u00f3n 123","datos_votos":[]},{"seccion_id":"124","seccion_descripcion":"secci\u00f3n 124","datos_votos":[]},{"seccion_id":"125","seccion_descripcion":"secci\u00f3n 125","datos_votos":[]},{"seccion_id":"126","seccion_descripcion":"secci\u00f3n 126","datos_votos":[]},{"seccion_id":"127","seccion_descripcion":"secci\u00f3n 127","datos_votos":[]},{"seccion_id":"128","seccion_descripcion":"secci\u00f3n 128","datos_votos":[]},{"seccion_id":"129","seccion_descripcion":"secci\u00f3n 129","datos_votos":[]},{"seccion_id":"130","seccion_descripcion":"secci\u00f3n 130","datos_votos":[]},{"seccion_id":"131","seccion_descripcion":"secci\u00f3n 131","datos_votos":[]},{"seccion_id":"132","seccion_descripcion":"secci\u00f3n 132","datos_votos":[]},{"seccion_id":"133","seccion_descripcion":"secci\u00f3n 133","datos_votos":[]},{"seccion_id":"134","seccion_descripcion":"secci\u00f3n 134","datos_votos":[]},{"seccion_id":"135","seccion_descripcion":"secci\u00f3n 135","datos_votos":[]},{"seccion_id":"136","seccion_descripcion":"secci\u00f3n 136","datos_votos":[]},{"seccion_id":"137","seccion_descripcion":"secci\u00f3n 137","datos_votos":[]},{"seccion_id":"138","seccion_descripcion":"secci\u00f3n 138","datos_votos":[]},{"seccion_id":"139","seccion_descripcion":"secci\u00f3n 139","datos_votos":[]},{"seccion_id":"140","seccion_descripcion":"secci\u00f3n 140","datos_votos":[]},{"seccion_id":"141","seccion_descripcion":"secci\u00f3n 141","datos_votos":[]},{"seccion_id":"142","seccion_descripcion":"secci\u00f3n 142","datos_votos":[]},{"seccion_id":"143","seccion_descripcion":"secci\u00f3n 143","datos_votos":[]},{"seccion_id":"144","seccion_descripcion":"secci\u00f3n 144","datos_votos":[]},{"seccion_id":"145","seccion_descripcion":"secci\u00f3n 145","datos_votos":[]},{"seccion_id":"146","seccion_descripcion":"secci\u00f3n 146","datos_votos":[]},{"seccion_id":"147","seccion_descripcion":"secci\u00f3n 147","datos_votos":[]},{"seccion_id":"148","seccion_descripcion":"secci\u00f3n 148","datos_votos":[]},{"seccion_id":"149","seccion_descripcion":"secci\u00f3n 149","datos_votos":[]},{"seccion_id":"150","seccion_descripcion":"secci\u00f3n 150","datos_votos":[]},{"seccion_id":"151","seccion_descripcion":"secci\u00f3n 151","datos_votos":[]},{"seccion_id":"152","seccion_descripcion":"secci\u00f3n 152","datos_votos":[]},{"seccion_id":"153","seccion_descripcion":"secci\u00f3n 153","datos_votos":[]},{"seccion_id":"154","seccion_descripcion":"secci\u00f3n 154","datos_votos":[]},{"seccion_id":"155","seccion_descripcion":"secci\u00f3n 155","datos_votos":[]},{"seccion_id":"156","seccion_descripcion":"secci\u00f3n 156","datos_votos":[]},{"seccion_id":"157","seccion_descripcion":"secci\u00f3n 157","datos_votos":[]},{"seccion_id":"158","seccion_descripcion":"secci\u00f3n 158","datos_votos":[]},{"seccion_id":"159","seccion_descripcion":"secci\u00f3n 159","datos_votos":[]},{"seccion_id":"160","seccion_descripcion":"secci\u00f3n 160","datos_votos":[]},{"seccion_id":"161","seccion_descripcion":"secci\u00f3n 161","datos_votos":[]},{"seccion_id":"162","seccion_descripcion":"secci\u00f3n 162","datos_votos":[]},{"seccion_id":"163","seccion_descripcion":"secci\u00f3n 163","datos_votos":[]},{"seccion_id":"164","seccion_descripcion":"secci\u00f3n 164","datos_votos":[]},{"seccion_id":"165","seccion_descripcion":"secci\u00f3n 165","datos_votos":[]},{"seccion_id":"166","seccion_descripcion":"secci\u00f3n 166","datos_votos":[]},{"seccion_id":"167","seccion_descripcion":"secci\u00f3n 167","datos_votos":[]},{"seccion_id":"168","seccion_descripcion":"secci\u00f3n 168","datos_votos":[]},{"seccion_id":"169","seccion_descripcion":"secci\u00f3n 169","datos_votos":[]},{"seccion_id":"170","seccion_descripcion":"secci\u00f3n 170","datos_votos":[]},{"seccion_id":"171","seccion_descripcion":"secci\u00f3n 171","datos_votos":[]},{"seccion_id":"172","seccion_descripcion":"secci\u00f3n 172","datos_votos":[]},{"seccion_id":"173","seccion_descripcion":"secci\u00f3n 173","datos_votos":[]},{"seccion_id":"174","seccion_descripcion":"secci\u00f3n 174","datos_votos":[]},{"seccion_id":"175","seccion_descripcion":"secci\u00f3n 175","datos_votos":[]},{"seccion_id":"176","seccion_descripcion":"secci\u00f3n 176","datos_votos":[]},{"seccion_id":"177","seccion_descripcion":"secci\u00f3n 177","datos_votos":[]},{"seccion_id":"178","seccion_descripcion":"secci\u00f3n 178","datos_votos":[]},{"seccion_id":"179","seccion_descripcion":"secci\u00f3n 179","datos_votos":[]},{"seccion_id":"180","seccion_descripcion":"secci\u00f3n 180","datos_votos":[]},{"seccion_id":"181","seccion_descripcion":"secci\u00f3n 181","datos_votos":[]},{"seccion_id":"182","seccion_descripcion":"secci\u00f3n 182","datos_votos":[]},{"seccion_id":"183","seccion_descripcion":"secci\u00f3n 183","datos_votos":[]},{"seccion_id":"184","seccion_descripcion":"secci\u00f3n 184","datos_votos":[]},{"seccion_id":"185","seccion_descripcion":"secci\u00f3n 185","datos_votos":[]},{"seccion_id":"186","seccion_descripcion":"secci\u00f3n 186","datos_votos":[]},{"seccion_id":"187","seccion_descripcion":"secci\u00f3n 187","datos_votos":[]},{"seccion_id":"188","seccion_descripcion":"secci\u00f3n 188","datos_votos":[]},{"seccion_id":"189","seccion_descripcion":"secci\u00f3n 189","datos_votos":[]},{"seccion_id":"190","seccion_descripcion":"secci\u00f3n 190","datos_votos":[]},{"seccion_id":"191","seccion_descripcion":"secci\u00f3n 191","datos_votos":[]},{"seccion_id":"192","seccion_descripcion":"secci\u00f3n 192","datos_votos":[]},{"seccion_id":"193","seccion_descripcion":"secci\u00f3n 193","datos_votos":[]},{"seccion_id":"194","seccion_descripcion":"secci\u00f3n 194","datos_votos":[]},{"seccion_id":"195","seccion_descripcion":"secci\u00f3n 195","datos_votos":[]},{"seccion_id":"196","seccion_descripcion":"secci\u00f3n 196","datos_votos":[]},{"seccion_id":"197","seccion_descripcion":"secci\u00f3n 197","datos_votos":[]},{"seccion_id":"198","seccion_descripcion":"secci\u00f3n 198","datos_votos":[]},{"seccion_id":"199","seccion_descripcion":"secci\u00f3n 199","datos_votos":[]},{"seccion_id":"200","seccion_descripcion":"secci\u00f3n 200","datos_votos":[]},{"seccion_id":"201","seccion_descripcion":"secci\u00f3n 201","datos_votos":[]},{"seccion_id":"202","seccion_descripcion":"secci\u00f3n 202","datos_votos":[]},{"seccion_id":"203","seccion_descripcion":"secci\u00f3n 203","datos_votos":[]},{"seccion_id":"204","seccion_descripcion":"secci\u00f3n 204","datos_votos":[]},{"seccion_id":"205","seccion_descripcion":"secci\u00f3n 205","datos_votos":[]},{"seccion_id":"206","seccion_descripcion":"secci\u00f3n 206","datos_votos":[]},{"seccion_id":"207","seccion_descripcion":"secci\u00f3n 207","datos_votos":[]},{"seccion_id":"208","seccion_descripcion":"secci\u00f3n 208","datos_votos":[]},{"seccion_id":"209","seccion_descripcion":"secci\u00f3n 209","datos_votos":[]},{"seccion_id":"210","seccion_descripcion":"secci\u00f3n 210","datos_votos":[]},{"seccion_id":"211","seccion_descripcion":"secci\u00f3n 211","datos_votos":[]},{"seccion_id":"212","seccion_descripcion":"secci\u00f3n 212","datos_votos":[]},{"seccion_id":"213","seccion_descripcion":"secci\u00f3n 213","datos_votos":[]},{"seccion_id":"214","seccion_descripcion":"secci\u00f3n 214","datos_votos":[]},{"seccion_id":"215","seccion_descripcion":"secci\u00f3n 215","datos_votos":[]},{"seccion_id":"216","seccion_descripcion":"secci\u00f3n 216","datos_votos":[]},{"seccion_id":"217","seccion_descripcion":"secci\u00f3n 217","datos_votos":[]},{"seccion_id":"218","seccion_descripcion":"secci\u00f3n 218","datos_votos":[]},{"seccion_id":"219","seccion_descripcion":"secci\u00f3n 219","datos_votos":[]},{"seccion_id":"220","seccion_descripcion":"secci\u00f3n 220","datos_votos":[]},{"seccion_id":"221","seccion_descripcion":"secci\u00f3n 221","datos_votos":[]},{"seccion_id":"222","seccion_descripcion":"secci\u00f3n 222","datos_votos":[]},{"seccion_id":"223","seccion_descripcion":"secci\u00f3n 223","datos_votos":[]},{"seccion_id":"224","seccion_descripcion":"secci\u00f3n 224","datos_votos":[]},{"seccion_id":"225","seccion_descripcion":"secci\u00f3n 225","datos_votos":[]},{"seccion_id":"226","seccion_descripcion":"secci\u00f3n 226","datos_votos":[]},{"seccion_id":"227","seccion_descripcion":"secci\u00f3n 227","datos_votos":[]},{"seccion_id":"228","seccion_descripcion":"secci\u00f3n 228","datos_votos":[]},{"seccion_id":"229","seccion_descripcion":"secci\u00f3n 229","datos_votos":[]},{"seccion_id":"230","seccion_descripcion":"secci\u00f3n 230","datos_votos":[]},{"seccion_id":"231","seccion_descripcion":"secci\u00f3n 231","datos_votos":[]},{"seccion_id":"232","seccion_descripcion":"secci\u00f3n 232","datos_votos":[]},{"seccion_id":"233","seccion_descripcion":"secci\u00f3n 233","datos_votos":[]},{"seccion_id":"234","seccion_descripcion":"secci\u00f3n 234","datos_votos":[]},{"seccion_id":"235","seccion_descripcion":"secci\u00f3n 235","datos_votos":[]},{"seccion_id":"236","seccion_descripcion":"secci\u00f3n 236","datos_votos":[]},{"seccion_id":"237","seccion_descripcion":"secci\u00f3n 237","datos_votos":[]},{"seccion_id":"238","seccion_descripcion":"secci\u00f3n 238","datos_votos":[]},{"seccion_id":"239","seccion_descripcion":"secci\u00f3n 239","datos_votos":[]},{"seccion_id":"240","seccion_descripcion":"secci\u00f3n 240","datos_votos":[]},{"seccion_id":"241","seccion_descripcion":"secci\u00f3n 241","datos_votos":[]},{"seccion_id":"242","seccion_descripcion":"secci\u00f3n 242","datos_votos":[]},{"seccion_id":"243","seccion_descripcion":"secci\u00f3n 243","datos_votos":[]},{"seccion_id":"244","seccion_descripcion":"secci\u00f3n 244","datos_votos":[]},{"seccion_id":"245","seccion_descripcion":"secci\u00f3n 245","datos_votos":[]},{"seccion_id":"246","seccion_descripcion":"secci\u00f3n 246","datos_votos":[]},{"seccion_id":"247","seccion_descripcion":"secci\u00f3n 247","datos_votos":[]},{"seccion_id":"248","seccion_descripcion":"secci\u00f3n 248","datos_votos":[]},{"seccion_id":"249","seccion_descripcion":"secci\u00f3n 249","datos_votos":[]},{"seccion_id":"250","seccion_descripcion":"secci\u00f3n 250","datos_votos":[]},{"seccion_id":"251","seccion_descripcion":"secci\u00f3n 251","datos_votos":[]},{"seccion_id":"254","seccion_descripcion":"secci\u00f3n 254","datos_votos":[]},{"seccion_id":"255","seccion_descripcion":"secci\u00f3n 255","datos_votos":[]},{"seccion_id":"256","seccion_descripcion":"secci\u00f3n 256","datos_votos":[]},{"seccion_id":"257","seccion_descripcion":"secci\u00f3n 257","datos_votos":[]},{"seccion_id":"258","seccion_descripcion":"secci\u00f3n 258","datos_votos":[]},{"seccion_id":"259","seccion_descripcion":"secci\u00f3n 259","datos_votos":[]},{"seccion_id":"260","seccion_descripcion":"secci\u00f3n 260","datos_votos":[]},{"seccion_id":"261","seccion_descripcion":"secci\u00f3n 261","datos_votos":[]},{"seccion_id":"262","seccion_descripcion":"secci\u00f3n 262","datos_votos":[]},{"seccion_id":"263","seccion_descripcion":"secci\u00f3n 263","datos_votos":[]},{"seccion_id":"264","seccion_descripcion":"secci\u00f3n 264","datos_votos":[]},{"seccion_id":"265","seccion_descripcion":"secci\u00f3n 265","datos_votos":[]},{"seccion_id":"266","seccion_descripcion":"secci\u00f3n 266","datos_votos":[]},{"seccion_id":"267","seccion_descripcion":"secci\u00f3n 267","datos_votos":[]},{"seccion_id":"268","seccion_descripcion":"secci\u00f3n 268","datos_votos":[]},{"seccion_id":"269","seccion_descripcion":"secci\u00f3n 269","datos_votos":[]},{"seccion_id":"270","seccion_descripcion":"secci\u00f3n 270","datos_votos":[]},{"seccion_id":"271","seccion_descripcion":"secci\u00f3n 271","datos_votos":[]},{"seccion_id":"272","seccion_descripcion":"secci\u00f3n 272","datos_votos":[]},{"seccion_id":"273","seccion_descripcion":"secci\u00f3n 273","datos_votos":[]},{"seccion_id":"274","seccion_descripcion":"secci\u00f3n 274","datos_votos":[]},{"seccion_id":"276","seccion_descripcion":"secci\u00f3n 276","datos_votos":[]},{"seccion_id":"277","seccion_descripcion":"secci\u00f3n 277","datos_votos":[]},{"seccion_id":"278","seccion_descripcion":"secci\u00f3n 278","datos_votos":[]},{"seccion_id":"279","seccion_descripcion":"secci\u00f3n 279","datos_votos":[]},{"seccion_id":"280","seccion_descripcion":"secci\u00f3n 280","datos_votos":[]},{"seccion_id":"281","seccion_descripcion":"secci\u00f3n 281","datos_votos":[]},{"seccion_id":"282","seccion_descripcion":"secci\u00f3n 282","datos_votos":[]},{"seccion_id":"283","seccion_descripcion":"secci\u00f3n 283","datos_votos":[]},{"seccion_id":"284","seccion_descripcion":"secci\u00f3n 284","datos_votos":[]},{"seccion_id":"285","seccion_descripcion":"secci\u00f3n 285","datos_votos":[]},{"seccion_id":"286","seccion_descripcion":"secci\u00f3n 286","datos_votos":[]},{"seccion_id":"287","seccion_descripcion":"secci\u00f3n 287","datos_votos":[]},{"seccion_id":"288","seccion_descripcion":"secci\u00f3n 288","datos_votos":[]},{"seccion_id":"289","seccion_descripcion":"secci\u00f3n 289","datos_votos":[]},{"seccion_id":"348","seccion_descripcion":"secci\u00f3n 348","datos_votos":[]},{"seccion_id":"349","seccion_descripcion":"secci\u00f3n 349","datos_votos":[]},{"seccion_id":"350","seccion_descripcion":"secci\u00f3n 350","datos_votos":[]},{"seccion_id":"440","seccion_descripcion":"secci\u00f3n 440","datos_votos":[]},{"seccion_id":"441","seccion_descripcion":"secci\u00f3n 441","datos_votos":[]},{"seccion_id":"442","seccion_descripcion":"secci\u00f3n 442","datos_votos":[]},{"seccion_id":"443","seccion_descripcion":"secci\u00f3n 443","datos_votos":[]},{"seccion_id":"444","seccion_descripcion":"secci\u00f3n 444","datos_votos":[]},{"seccion_id":"445","seccion_descripcion":"secci\u00f3n 445","datos_votos":[]},{"seccion_id":"446","seccion_descripcion":"secci\u00f3n 446","datos_votos":[]},{"seccion_id":"447","seccion_descripcion":"secci\u00f3n 447","datos_votos":[]},{"seccion_id":"448","seccion_descripcion":"secci\u00f3n 448","datos_votos":[]},{"seccion_id":"449","seccion_descripcion":"secci\u00f3n 449","datos_votos":[]},{"seccion_id":"450","seccion_descripcion":"secci\u00f3n 450","datos_votos":[]},{"seccion_id":"451","seccion_descripcion":"secci\u00f3n 451","datos_votos":[]},{"seccion_id":"452","seccion_descripcion":"secci\u00f3n 452","datos_votos":[]},{"seccion_id":"453","seccion_descripcion":"secci\u00f3n 453","datos_votos":[]},{"seccion_id":"454","seccion_descripcion":"secci\u00f3n 454","datos_votos":[]},{"seccion_id":"455","seccion_descripcion":"secci\u00f3n 455","datos_votos":[]},{"seccion_id":"456","seccion_descripcion":"secci\u00f3n 456","datos_votos":[]},{"seccion_id":"457","seccion_descripcion":"secci\u00f3n 457","datos_votos":[]},{"seccion_id":"458","seccion_descripcion":"secci\u00f3n 458","datos_votos":[]},{"seccion_id":"459","seccion_descripcion":"secci\u00f3n 459","datos_votos":[]},{"seccion_id":"460","seccion_descripcion":"secci\u00f3n 460","datos_votos":[]},{"seccion_id":"461","seccion_descripcion":"secci\u00f3n 461","datos_votos":[]},{"seccion_id":"462","seccion_descripcion":"secci\u00f3n 462","datos_votos":[]},{"seccion_id":"463","seccion_descripcion":"secci\u00f3n 463","datos_votos":[]},{"seccion_id":"464","seccion_descripcion":"secci\u00f3n 464","datos_votos":[]},{"seccion_id":"465","seccion_descripcion":"secci\u00f3n 465","datos_votos":[]},{"seccion_id":"466","seccion_descripcion":"secci\u00f3n 466","datos_votos":[]},{"seccion_id":"467","seccion_descripcion":"secci\u00f3n 467","datos_votos":[]},{"seccion_id":"468","seccion_descripcion":"secci\u00f3n 468","datos_votos":[]},{"seccion_id":"469","seccion_descripcion":"secci\u00f3n 469","datos_votos":[]},{"seccion_id":"470","seccion_descripcion":"secci\u00f3n 470","datos_votos":[]},{"seccion_id":"471","seccion_descripcion":"secci\u00f3n 471","datos_votos":[]},{"seccion_id":"472","seccion_descripcion":"secci\u00f3n 472","datos_votos":[]},{"seccion_id":"473","seccion_descripcion":"secci\u00f3n 473","datos_votos":[]},{"seccion_id":"474","seccion_descripcion":"secci\u00f3n 474","datos_votos":[]},{"seccion_id":"475","seccion_descripcion":"secci\u00f3n 475","datos_votos":[]},{"seccion_id":"476","seccion_descripcion":"secci\u00f3n 476","datos_votos":[]},{"seccion_id":"477","seccion_descripcion":"secci\u00f3n 477","datos_votos":[]},{"seccion_id":"478","seccion_descripcion":"secci\u00f3n 478","datos_votos":[]},{"seccion_id":"479","seccion_descripcion":"secci\u00f3n 479","datos_votos":[]},{"seccion_id":"480","seccion_descripcion":"secci\u00f3n 480","datos_votos":[]},{"seccion_id":"481","seccion_descripcion":"secci\u00f3n 481","datos_votos":[]},{"seccion_id":"482","seccion_descripcion":"secci\u00f3n 482","datos_votos":[]},{"seccion_id":"483","seccion_descripcion":"secci\u00f3n 483","datos_votos":[]},{"seccion_id":"484","seccion_descripcion":"secci\u00f3n 484","datos_votos":[]},{"seccion_id":"485","seccion_descripcion":"secci\u00f3n 485","datos_votos":[]},{"seccion_id":"486","seccion_descripcion":"secci\u00f3n 486","datos_votos":[]},{"seccion_id":"487","seccion_descripcion":"secci\u00f3n 487","datos_votos":[]},{"seccion_id":"488","seccion_descripcion":"secci\u00f3n 488","datos_votos":[]},{"seccion_id":"489","seccion_descripcion":"secci\u00f3n 489","datos_votos":[]},{"seccion_id":"490","seccion_descripcion":"secci\u00f3n 490","datos_votos":[]},{"seccion_id":"491","seccion_descripcion":"secci\u00f3n 491","datos_votos":[]},{"seccion_id":"492","seccion_descripcion":"secci\u00f3n 492","datos_votos":[]},{"seccion_id":"493","seccion_descripcion":"secci\u00f3n 493","datos_votos":[]},{"seccion_id":"494","seccion_descripcion":"secci\u00f3n 494","datos_votos":[]},{"seccion_id":"495","seccion_descripcion":"secci\u00f3n 495","datos_votos":[]}]},{"municipio_id":4,"municipio_nombre":"LOS CABOS","datos_nombres_columnas":[{"candidatura_id":9999999,"candidatura_nombre":"Secciones","candidatura_logo":"sin logo"},{"candidatura_id":2,"candidatura_nombre":"PAN","candidatura_logo":"\/emblemas\/PAN.png"},{"candidatura_id":3,"candidatura_nombre":"PRI","candidatura_logo":"\/emblemas\/PRI.jpeg"},{"candidatura_id":4,"candidatura_nombre":"PRD","candidatura_logo":"\/emblemas\/PRD.png"},{"candidatura_id":5,"candidatura_nombre":"PT","candidatura_logo":"\/emblemas\/PT.jpeg"},{"candidatura_id":6,"candidatura_nombre":"PVEM","candidatura_logo":"\/emblemas\/PVEM.jpeg"},{"candidatura_id":7,"candidatura_nombre":"MC","candidatura_logo":"\/emblemas\/MC.jpeg"},{"candidatura_id":8,"candidatura_nombre":"PRS","candidatura_logo":"\/emblemas\/PRS.png"},{"candidatura_id":9,"candidatura_nombre":"MORENA","candidatura_logo":"\/emblemas\/MORENA.jpeg"},{"candidatura_id":10,"candidatura_nombre":"PHBCS","candidatura_logo":"\/emblemas\/PH_BCS.png"},{"candidatura_id":12,"candidatura_nombre":"PNABCS","candidatura_logo":"\/emblemas\/PNABCS.jpeg"},{"candidatura_id":13,"candidatura_nombre":"PES","candidatura_logo":"\/emblemas\/PES.png"},{"candidatura_id":15,"candidatura_nombre":"FXM","candidatura_logo":"\/emblemas\/FXM.jpg"},{"candidatura_id":16,"candidatura_nombre":"PML","candidatura_logo":"\/emblemas\/PML.png"},{"candidatura_id":99,"candidatura_nombre":"Candidaturas no registradas","candidatura_logo":"sin logo"},{"candidatura_id":999,"candidatura_nombre":"Votos nulos","candidatura_logo":"sin logo"},{"candidatura_id":9999,"candidatura_nombre":"Total","candidatura_logo":"sin logo"}],"datos_secciones":[{"seccion_id":"290","seccion_descripcion":"secci\u00f3n 290","datos_votos":[]},{"seccion_id":"291","seccion_descripcion":"secci\u00f3n 291","datos_votos":[]},{"seccion_id":"292","seccion_descripcion":"secci\u00f3n 292","datos_votos":[]},{"seccion_id":"293","seccion_descripcion":"secci\u00f3n 293","datos_votos":[]},{"seccion_id":"294","seccion_descripcion":"secci\u00f3n 294","datos_votos":[]},{"seccion_id":"295","seccion_descripcion":"secci\u00f3n 295","datos_votos":[]},{"seccion_id":"296","seccion_descripcion":"secci\u00f3n 296","datos_votos":[]},{"seccion_id":"297","seccion_descripcion":"secci\u00f3n 297","datos_votos":[]},{"seccion_id":"298","seccion_descripcion":"secci\u00f3n 298","datos_votos":[]},{"seccion_id":"299","seccion_descripcion":"secci\u00f3n 299","datos_votos":[]},{"seccion_id":"300","seccion_descripcion":"secci\u00f3n 300","datos_votos":[]},{"seccion_id":"302","seccion_descripcion":"secci\u00f3n 302","datos_votos":[]},{"seccion_id":"303","seccion_descripcion":"secci\u00f3n 303","datos_votos":[]},{"seccion_id":"304","seccion_descripcion":"secci\u00f3n 304","datos_votos":[]},{"seccion_id":"305","seccion_descripcion":"secci\u00f3n 305","datos_votos":[]},{"seccion_id":"306","seccion_descripcion":"secci\u00f3n 306","datos_votos":[]},{"seccion_id":"307","seccion_descripcion":"secci\u00f3n 307","datos_votos":[]},{"seccion_id":"308","seccion_descripcion":"secci\u00f3n 308","datos_votos":[]},{"seccion_id":"309","seccion_descripcion":"secci\u00f3n 309","datos_votos":[]},{"seccion_id":"310","seccion_descripcion":"secci\u00f3n 310","datos_votos":[]},{"seccion_id":"311","seccion_descripcion":"secci\u00f3n 311","datos_votos":[]},{"seccion_id":"312","seccion_descripcion":"secci\u00f3n 312","datos_votos":[]},{"seccion_id":"313","seccion_descripcion":"secci\u00f3n 313","datos_votos":[]},{"seccion_id":"314","seccion_descripcion":"secci\u00f3n 314","datos_votos":[]},{"seccion_id":"315","seccion_descripcion":"secci\u00f3n 315","datos_votos":[]},{"seccion_id":"316","seccion_descripcion":"secci\u00f3n 316","datos_votos":[]},{"seccion_id":"317","seccion_descripcion":"secci\u00f3n 317","datos_votos":[]},{"seccion_id":"318","seccion_descripcion":"secci\u00f3n 318","datos_votos":[]},{"seccion_id":"319","seccion_descripcion":"secci\u00f3n 319","datos_votos":[]},{"seccion_id":"320","seccion_descripcion":"secci\u00f3n 320","datos_votos":[]},{"seccion_id":"321","seccion_descripcion":"secci\u00f3n 321","datos_votos":[]},{"seccion_id":"322","seccion_descripcion":"secci\u00f3n 322","datos_votos":[]},{"seccion_id":"323","seccion_descripcion":"secci\u00f3n 323","datos_votos":[]},{"seccion_id":"324","seccion_descripcion":"secci\u00f3n 324","datos_votos":[]},{"seccion_id":"325","seccion_descripcion":"secci\u00f3n 325","datos_votos":[]},{"seccion_id":"326","seccion_descripcion":"secci\u00f3n 326","datos_votos":[]},{"seccion_id":"327","seccion_descripcion":"secci\u00f3n 327","datos_votos":[]},{"seccion_id":"328","seccion_descripcion":"secci\u00f3n 328","datos_votos":[]},{"seccion_id":"329","seccion_descripcion":"secci\u00f3n 329","datos_votos":[]},{"seccion_id":"331","seccion_descripcion":"secci\u00f3n 331","datos_votos":[]},{"seccion_id":"332","seccion_descripcion":"secci\u00f3n 332","datos_votos":[]},{"seccion_id":"333","seccion_descripcion":"secci\u00f3n 333","datos_votos":[]},{"seccion_id":"334","seccion_descripcion":"secci\u00f3n 334","datos_votos":[]},{"seccion_id":"335","seccion_descripcion":"secci\u00f3n 335","datos_votos":[]},{"seccion_id":"336","seccion_descripcion":"secci\u00f3n 336","datos_votos":[]},{"seccion_id":"351","seccion_descripcion":"secci\u00f3n 351","datos_votos":[]},{"seccion_id":"352","seccion_descripcion":"secci\u00f3n 352","datos_votos":[]},{"seccion_id":"353","seccion_descripcion":"secci\u00f3n 353","datos_votos":[]},{"seccion_id":"354","seccion_descripcion":"secci\u00f3n 354","datos_votos":[]},{"seccion_id":"355","seccion_descripcion":"secci\u00f3n 355","datos_votos":[]},{"seccion_id":"356","seccion_descripcion":"secci\u00f3n 356","datos_votos":[]},{"seccion_id":"357","seccion_descripcion":"secci\u00f3n 357","datos_votos":[]},{"seccion_id":"358","seccion_descripcion":"secci\u00f3n 358","datos_votos":[]},{"seccion_id":"359","seccion_descripcion":"secci\u00f3n 359","datos_votos":[]},{"seccion_id":"360","seccion_descripcion":"secci\u00f3n 360","datos_votos":[]},{"seccion_id":"361","seccion_descripcion":"secci\u00f3n 361","datos_votos":[]},{"seccion_id":"362","seccion_descripcion":"secci\u00f3n 362","datos_votos":[]},{"seccion_id":"363","seccion_descripcion":"secci\u00f3n 363","datos_votos":[]},{"seccion_id":"364","seccion_descripcion":"secci\u00f3n 364","datos_votos":[]},{"seccion_id":"365","seccion_descripcion":"secci\u00f3n 365","datos_votos":[]},{"seccion_id":"366","seccion_descripcion":"secci\u00f3n 366","datos_votos":[]},{"seccion_id":"367","seccion_descripcion":"secci\u00f3n 367","datos_votos":[]},{"seccion_id":"368","seccion_descripcion":"secci\u00f3n 368","datos_votos":[]},{"seccion_id":"369","seccion_descripcion":"secci\u00f3n 369","datos_votos":[]},{"seccion_id":"370","seccion_descripcion":"secci\u00f3n 370","datos_votos":[]},{"seccion_id":"371","seccion_descripcion":"secci\u00f3n 371","datos_votos":[]},{"seccion_id":"372","seccion_descripcion":"secci\u00f3n 372","datos_votos":[]},{"seccion_id":"373","seccion_descripcion":"secci\u00f3n 373","datos_votos":[]},{"seccion_id":"374","seccion_descripcion":"secci\u00f3n 374","datos_votos":[]},{"seccion_id":"375","seccion_descripcion":"secci\u00f3n 375","datos_votos":[]},{"seccion_id":"376","seccion_descripcion":"secci\u00f3n 376","datos_votos":[]},{"seccion_id":"377","seccion_descripcion":"secci\u00f3n 377","datos_votos":[]},{"seccion_id":"378","seccion_descripcion":"secci\u00f3n 378","datos_votos":[]},{"seccion_id":"379","seccion_descripcion":"secci\u00f3n 379","datos_votos":[]},{"seccion_id":"380","seccion_descripcion":"secci\u00f3n 380","datos_votos":[]},{"seccion_id":"381","seccion_descripcion":"secci\u00f3n 381","datos_votos":[]},{"seccion_id":"382","seccion_descripcion":"secci\u00f3n 382","datos_votos":[]},{"seccion_id":"383","seccion_descripcion":"secci\u00f3n 383","datos_votos":[]},{"seccion_id":"384","seccion_descripcion":"secci\u00f3n 384","datos_votos":[]},{"seccion_id":"385","seccion_descripcion":"secci\u00f3n 385","datos_votos":[]},{"seccion_id":"386","seccion_descripcion":"secci\u00f3n 386","datos_votos":[]},{"seccion_id":"387","seccion_descripcion":"secci\u00f3n 387","datos_votos":[]},{"seccion_id":"388","seccion_descripcion":"secci\u00f3n 388","datos_votos":[]},{"seccion_id":"389","seccion_descripcion":"secci\u00f3n 389","datos_votos":[]},{"seccion_id":"390","seccion_descripcion":"secci\u00f3n 390","datos_votos":[]},{"seccion_id":"391","seccion_descripcion":"secci\u00f3n 391","datos_votos":[]},{"seccion_id":"392","seccion_descripcion":"secci\u00f3n 392","datos_votos":[]},{"seccion_id":"393","seccion_descripcion":"secci\u00f3n 393","datos_votos":[]},{"seccion_id":"394","seccion_descripcion":"secci\u00f3n 394","datos_votos":[]},{"seccion_id":"395","seccion_descripcion":"secci\u00f3n 395","datos_votos":[]},{"seccion_id":"396","seccion_descripcion":"secci\u00f3n 396","datos_votos":[]},{"seccion_id":"397","seccion_descripcion":"secci\u00f3n 397","datos_votos":[]},{"seccion_id":"398","seccion_descripcion":"secci\u00f3n 398","datos_votos":[]},{"seccion_id":"399","seccion_descripcion":"secci\u00f3n 399","datos_votos":[]},{"seccion_id":"400","seccion_descripcion":"secci\u00f3n 400","datos_votos":[]},{"seccion_id":"401","seccion_descripcion":"secci\u00f3n 401","datos_votos":[]},{"seccion_id":"402","seccion_descripcion":"secci\u00f3n 402","datos_votos":[]},{"seccion_id":"403","seccion_descripcion":"secci\u00f3n 403","datos_votos":[]},{"seccion_id":"404","seccion_descripcion":"secci\u00f3n 404","datos_votos":[]},{"seccion_id":"405","seccion_descripcion":"secci\u00f3n 405","datos_votos":[]},{"seccion_id":"406","seccion_descripcion":"secci\u00f3n 406","datos_votos":[]},{"seccion_id":"407","seccion_descripcion":"secci\u00f3n 407","datos_votos":[]},{"seccion_id":"408","seccion_descripcion":"secci\u00f3n 408","datos_votos":[]},{"seccion_id":"409","seccion_descripcion":"secci\u00f3n 409","datos_votos":[]},{"seccion_id":"410","seccion_descripcion":"secci\u00f3n 410","datos_votos":[]},{"seccion_id":"411","seccion_descripcion":"secci\u00f3n 411","datos_votos":[]},{"seccion_id":"412","seccion_descripcion":"secci\u00f3n 412","datos_votos":[]},{"seccion_id":"413","seccion_descripcion":"secci\u00f3n 413","datos_votos":[]},{"seccion_id":"414","seccion_descripcion":"secci\u00f3n 414","datos_votos":[]},{"seccion_id":"415","seccion_descripcion":"secci\u00f3n 415","datos_votos":[]},{"seccion_id":"416","seccion_descripcion":"secci\u00f3n 416","datos_votos":[]},{"seccion_id":"417","seccion_descripcion":"secci\u00f3n 417","datos_votos":[]},{"seccion_id":"418","seccion_descripcion":"secci\u00f3n 418","datos_votos":[]},{"seccion_id":"419","seccion_descripcion":"secci\u00f3n 419","datos_votos":[]},{"seccion_id":"420","seccion_descripcion":"secci\u00f3n 420","datos_votos":[]},{"seccion_id":"421","seccion_descripcion":"secci\u00f3n 421","datos_votos":[]},{"seccion_id":"422","seccion_descripcion":"secci\u00f3n 422","datos_votos":[]},{"seccion_id":"423","seccion_descripcion":"secci\u00f3n 423","datos_votos":[]},{"seccion_id":"424","seccion_descripcion":"secci\u00f3n 424","datos_votos":[]},{"seccion_id":"425","seccion_descripcion":"secci\u00f3n 425","datos_votos":[]},{"seccion_id":"426","seccion_descripcion":"secci\u00f3n 426","datos_votos":[]},{"seccion_id":"427","seccion_descripcion":"secci\u00f3n 427","datos_votos":[]},{"seccion_id":"428","seccion_descripcion":"secci\u00f3n 428","datos_votos":[]},{"seccion_id":"429","seccion_descripcion":"secci\u00f3n 429","datos_votos":[]},{"seccion_id":"430","seccion_descripcion":"secci\u00f3n 430","datos_votos":[]},{"seccion_id":"431","seccion_descripcion":"secci\u00f3n 431","datos_votos":[]},{"seccion_id":"432","seccion_descripcion":"secci\u00f3n 432","datos_votos":[]},{"seccion_id":"433","seccion_descripcion":"secci\u00f3n 433","datos_votos":[]},{"seccion_id":"434","seccion_descripcion":"secci\u00f3n 434","datos_votos":[]},{"seccion_id":"435","seccion_descripcion":"secci\u00f3n 435","datos_votos":[]},{"seccion_id":"436","seccion_descripcion":"secci\u00f3n 436","datos_votos":[]},{"seccion_id":"437","seccion_descripcion":"secci\u00f3n 437","datos_votos":[]},{"seccion_id":"438","seccion_descripcion":"secci\u00f3n 438","datos_votos":[]},{"seccion_id":"439","seccion_descripcion":"secci\u00f3n 439","datos_votos":[]}]},{"municipio_id":5,"municipio_nombre":"LORETO","datos_nombres_columnas":[{"candidatura_id":9999999,"candidatura_nombre":"Secciones","candidatura_logo":"sin logo"},{"candidatura_id":2,"candidatura_nombre":"PAN","candidatura_logo":"\/emblemas\/PAN.png"},{"candidatura_id":3,"candidatura_nombre":"PRI","candidatura_logo":"\/emblemas\/PRI.jpeg"},{"candidatura_id":4,"candidatura_nombre":"PRD","candidatura_logo":"\/emblemas\/PRD.png"},{"candidatura_id":5,"candidatura_nombre":"PT","candidatura_logo":"\/emblemas\/PT.jpeg"},{"candidatura_id":6,"candidatura_nombre":"PVEM","candidatura_logo":"\/emblemas\/PVEM.jpeg"},{"candidatura_id":7,"candidatura_nombre":"MC","candidatura_logo":"\/emblemas\/MC.jpeg"},{"candidatura_id":8,"candidatura_nombre":"PRS","candidatura_logo":"\/emblemas\/PRS.png"},{"candidatura_id":9,"candidatura_nombre":"MORENA","candidatura_logo":"\/emblemas\/MORENA.jpeg"},{"candidatura_id":13,"candidatura_nombre":"PES","candidatura_logo":"\/emblemas\/PES.png"},{"candidatura_id":15,"candidatura_nombre":"FXM","candidatura_logo":"\/emblemas\/FXM.jpg"},{"candidatura_id":16,"candidatura_nombre":"PML","candidatura_logo":"\/emblemas\/PML.png"},{"candidatura_id":99,"candidatura_nombre":"Candidaturas no registradas","candidatura_logo":"sin logo"},{"candidatura_id":999,"candidatura_nombre":"Votos nulos","candidatura_logo":"sin logo"},{"candidatura_id":9999,"candidatura_nombre":"Total","candidatura_logo":"sin logo"}],"datos_secciones":[{"seccion_id":"337","seccion_descripcion":"secci\u00f3n 337","datos_votos":[]},{"seccion_id":"338","seccion_descripcion":"secci\u00f3n 338","datos_votos":[]},{"seccion_id":"339","seccion_descripcion":"secci\u00f3n 339","datos_votos":[]},{"seccion_id":"340","seccion_descripcion":"secci\u00f3n 340","datos_votos":[]},{"seccion_id":"341","seccion_descripcion":"secci\u00f3n 341","datos_votos":[]},{"seccion_id":"342","seccion_descripcion":"secci\u00f3n 342","datos_votos":[]},{"seccion_id":"343","seccion_descripcion":"secci\u00f3n 343","datos_votos":[]},{"seccion_id":"344","seccion_descripcion":"secci\u00f3n 344","datos_votos":[]},{"seccion_id":"345","seccion_descripcion":"secci\u00f3n 345","datos_votos":[]},{"seccion_id":"346","seccion_descripcion":"secci\u00f3n 346","datos_votos":[]},{"seccion_id":"347","seccion_descripcion":"secci\u00f3n 347","datos_votos":[]}]}]}