{"fecha_utimo_corte":"27 Enero 2024","hora_local":"22:38 h UTC-7","tipo_eleccion":"Ayuntamiento","nombre_archivo_json":"ayuntamiento_votos_partido_politicos_vista_tarjetas_nivel_municipio.json","municipios":[{"municipio_id":1,"municipio_nombre":"COMOND\u00da","partidos":[{"partido_id":2,"partido_nombre":"PAN","partido_logo":"\/emblemas\/PAN.png","partido_total_votos_entidad_numero":"0","partido_total_votos_entidad_porcentaje":"0.0000","seleccionado":false},{"partido_id":3,"partido_nombre":"PRI","partido_logo":"\/emblemas\/PRI.jpeg","partido_total_votos_entidad_numero":"0","partido_total_votos_entidad_porcentaje":"0.0000","seleccionado":false},{"partido_id":4,"partido_nombre":"PRD","partido_logo":"\/emblemas\/PRD.png","partido_total_votos_entidad_numero":"0","partido_total_votos_entidad_porcentaje":"0.0000","seleccionado":false},{"partido_id":5,"partido_nombre":"PT","partido_logo":"\/emblemas\/PT.jpeg","partido_total_votos_entidad_numero":"2,458","partido_total_votos_entidad_porcentaje":"11.3817","seleccionado":false},{"partido_id":6,"partido_nombre":"PVEM","partido_logo":"\/emblemas\/PVEM.jpeg","partido_total_votos_entidad_numero":"3,502","partido_total_votos_entidad_porcentaje":"16.2160","seleccionado":false},{"partido_id":7,"partido_nombre":"MC","partido_logo":"\/emblemas\/MC.jpeg","partido_total_votos_entidad_numero":"3,990","partido_total_votos_entidad_porcentaje":"18.4756","seleccionado":false},{"partido_id":8,"partido_nombre":"PRS","partido_logo":"\/emblemas\/PRS.png","partido_total_votos_entidad_numero":"0","partido_total_votos_entidad_porcentaje":"0.0000","seleccionado":false},{"partido_id":9,"partido_nombre":"MORENA","partido_logo":"\/emblemas\/MORENA.jpeg","partido_total_votos_entidad_numero":"1,227","partido_total_votos_entidad_porcentaje":"5.6816","seleccionado":false},{"partido_id":10,"partido_nombre":"PHBCS","partido_logo":"\/emblemas\/PH_BCS.png","partido_total_votos_entidad_numero":"0","partido_total_votos_entidad_porcentaje":"0.0000","seleccionado":false},{"partido_id":12,"partido_nombre":"PNABCS","partido_logo":"\/emblemas\/PNABCS.jpeg","partido_total_votos_entidad_numero":"3,512","partido_total_votos_entidad_porcentaje":"16.2623","seleccionado":false},{"partido_id":13,"partido_nombre":"PES","partido_logo":"\/emblemas\/PES.png","partido_total_votos_entidad_numero":"3,269","partido_total_votos_entidad_porcentaje":"15.1371","seleccionado":false},{"partido_id":15,"partido_nombre":"FXM","partido_logo":"\/emblemas\/FXM.jpg","partido_total_votos_entidad_numero":"3,638","partido_total_votos_entidad_porcentaje":"16.8457","seleccionado":false},{"partido_id":16,"partido_nombre":"PML","partido_logo":"\/emblemas\/PML.png","partido_total_votos_entidad_numero":"0","partido_total_votos_entidad_porcentaje":"0.0000","seleccionado":false}]},{"municipio_id":2,"municipio_nombre":"MULEG\u00c9","partidos":[{"partido_id":2,"partido_nombre":"PAN","partido_logo":"\/emblemas\/PAN.png","partido_total_votos_entidad_numero":"0","partido_total_votos_entidad_porcentaje":"0.0000","seleccionado":false},{"partido_id":3,"partido_nombre":"PRI","partido_logo":"\/emblemas\/PRI.jpeg","partido_total_votos_entidad_numero":"0","partido_total_votos_entidad_porcentaje":"0.0000","seleccionado":false},{"partido_id":4,"partido_nombre":"PRD","partido_logo":"\/emblemas\/PRD.png","partido_total_votos_entidad_numero":"0","partido_total_votos_entidad_porcentaje":"0.0000","seleccionado":false},{"partido_id":5,"partido_nombre":"PT","partido_logo":"\/emblemas\/PT.jpeg","partido_total_votos_entidad_numero":"1,355","partido_total_votos_entidad_porcentaje":"11.7174","seleccionado":false},{"partido_id":6,"partido_nombre":"PVEM","partido_logo":"\/emblemas\/PVEM.jpeg","partido_total_votos_entidad_numero":"2,005","partido_total_votos_entidad_porcentaje":"17.3383","seleccionado":false},{"partido_id":7,"partido_nombre":"PVEM","partido_logo":"\/emblemas\/MC.jpeg","partido_total_votos_entidad_numero":"2,060","partido_total_votos_entidad_porcentaje":"17.8139","seleccionado":false},{"partido_id":8,"partido_nombre":"PRS","partido_logo":"\/emblemas\/PRS.png","partido_total_votos_entidad_numero":"0","partido_total_votos_entidad_porcentaje":"0.0000","seleccionado":false},{"partido_id":9,"partido_nombre":"MORENA","partido_logo":"\/emblemas\/MORENA.jpeg","partido_total_votos_entidad_numero":"683","partido_total_votos_entidad_porcentaje":"5.9063","seleccionado":false},{"partido_id":10,"partido_nombre":"PHBCS","partido_logo":"\/emblemas\/PH_BCS.png","partido_total_votos_entidad_numero":"0","partido_total_votos_entidad_porcentaje":"0.0000","seleccionado":false},{"partido_id":12,"partido_nombre":"PNABCS","partido_logo":"\/emblemas\/PNABCS.jpeg","partido_total_votos_entidad_numero":"1,757","partido_total_votos_entidad_porcentaje":"15.1937","seleccionado":false},{"partido_id":13,"partido_nombre":"PES","partido_logo":"\/emblemas\/PES.png","partido_total_votos_entidad_numero":"1,953","partido_total_votos_entidad_porcentaje":"16.8886","seleccionado":false},{"partido_id":15,"partido_nombre":"PXM","partido_logo":"\/emblemas\/FXM.jpg","partido_total_votos_entidad_numero":"1,751","partido_total_votos_entidad_porcentaje":"15.1418","seleccionado":false},{"partido_id":16,"partido_nombre":"PXM","partido_logo":"\/emblemas\/PML.png","partido_total_votos_entidad_numero":"0","partido_total_votos_entidad_porcentaje":"0.0000","seleccionado":false}]},{"municipio_id":3,"municipio_nombre":"LA PAZ","partidos":[{"partido_id":2,"partido_nombre":"PAN","partido_logo":"\/emblemas\/PAN.png","partido_total_votos_entidad_numero":"0","partido_total_votos_entidad_porcentaje":"0.0000","seleccionado":false},{"partido_id":3,"partido_nombre":"PRI","partido_logo":"\/emblemas\/PRI.jpeg","partido_total_votos_entidad_numero":"0","partido_total_votos_entidad_porcentaje":"0.0000","seleccionado":false},{"partido_id":4,"partido_nombre":"PRD","partido_logo":"\/emblemas\/PRD.png","partido_total_votos_entidad_numero":"0","partido_total_votos_entidad_porcentaje":"0.0000","seleccionado":false},{"partido_id":5,"partido_nombre":"PT","partido_logo":"\/emblemas\/PT.jpeg","partido_total_votos_entidad_numero":"7,145","partido_total_votos_entidad_porcentaje":"10.7883","seleccionado":false},{"partido_id":6,"partido_nombre":"PVEM","partido_logo":"\/emblemas\/PVEM.jpeg","partido_total_votos_entidad_numero":"10,882","partido_total_votos_entidad_porcentaje":"16.4309","seleccionado":false},{"partido_id":7,"partido_nombre":"MC","partido_logo":"\/emblemas\/MC.jpeg","partido_total_votos_entidad_numero":"10,713","partido_total_votos_entidad_porcentaje":"16.1757","seleccionado":false},{"partido_id":8,"partido_nombre":"PRS","partido_logo":"\/emblemas\/PRS.png","partido_total_votos_entidad_numero":"0","partido_total_votos_entidad_porcentaje":"0.0000","seleccionado":false},{"partido_id":9,"partido_nombre":"MORENA","partido_logo":"\/emblemas\/MORENA.jpeg","partido_total_votos_entidad_numero":"3,858","partido_total_votos_entidad_porcentaje":"5.8252","seleccionado":false},{"partido_id":10,"partido_nombre":"PHBCS","partido_logo":"\/emblemas\/PH_BCS.png","partido_total_votos_entidad_numero":"0","partido_total_votos_entidad_porcentaje":"0.0000","seleccionado":false},{"partido_id":12,"partido_nombre":"PNABCS","partido_logo":"\/emblemas\/PNABCS.jpeg","partido_total_votos_entidad_numero":"11,175","partido_total_votos_entidad_porcentaje":"16.8733","seleccionado":false},{"partido_id":13,"partido_nombre":"PES","partido_logo":"\/emblemas\/PES.png","partido_total_votos_entidad_numero":"10,731","partido_total_votos_entidad_porcentaje":"16.2029","seleccionado":false},{"partido_id":15,"partido_nombre":"FXM","partido_logo":"\/emblemas\/FXM.jpg","partido_total_votos_entidad_numero":"11,725","partido_total_votos_entidad_porcentaje":"17.7037","seleccionado":false},{"partido_id":16,"partido_nombre":"PML","partido_logo":"\/emblemas\/PML.png","partido_total_votos_entidad_numero":"0","partido_total_votos_entidad_porcentaje":"0.0000","seleccionado":false}]},{"municipio_id":4,"municipio_nombre":"LOS CABOS","partidos":[{"partido_id":2,"partido_nombre":"PAN","partido_logo":"\/emblemas\/PAN.png","partido_total_votos_entidad_numero":"0","partido_total_votos_entidad_porcentaje":"0.0000","seleccionado":false},{"partido_id":3,"partido_nombre":"PRI","partido_logo":"\/emblemas\/PRI.jpeg","partido_total_votos_entidad_numero":"0","partido_total_votos_entidad_porcentaje":"0.0000","seleccionado":false},{"partido_id":4,"partido_nombre":"PRD","partido_logo":"\/emblemas\/PRD.png","partido_total_votos_entidad_numero":"0","partido_total_votos_entidad_porcentaje":"0.0000","seleccionado":false},{"partido_id":5,"partido_nombre":"PT","partido_logo":"\/emblemas\/PT.jpeg","partido_total_votos_entidad_numero":"4,711","partido_total_votos_entidad_porcentaje":"13.4439","seleccionado":false},{"partido_id":6,"partido_nombre":"PVEM","partido_logo":"\/emblemas\/PVEM.jpeg","partido_total_votos_entidad_numero":"4,550","partido_total_votos_entidad_porcentaje":"12.9844","seleccionado":false},{"partido_id":7,"partido_nombre":"MC","partido_logo":"\/emblemas\/MC.jpeg","partido_total_votos_entidad_numero":"4,884","partido_total_votos_entidad_porcentaje":"13.9376","seleccionado":false},{"partido_id":8,"partido_nombre":"PRS","partido_logo":"\/emblemas\/PRS.png","partido_total_votos_entidad_numero":"0","partido_total_votos_entidad_porcentaje":"0.0000","seleccionado":false},{"partido_id":9,"partido_nombre":"MORENA","partido_logo":"\/emblemas\/MORENA.jpeg","partido_total_votos_entidad_numero":"2,395","partido_total_votos_entidad_porcentaje":"6.8347","seleccionado":false},{"partido_id":10,"partido_nombre":"PHBCS","partido_logo":"\/emblemas\/PH_BCS.png","partido_total_votos_entidad_numero":"0","partido_total_votos_entidad_porcentaje":"0.0000","seleccionado":false},{"partido_id":12,"partido_nombre":"PNABCS","partido_logo":"\/emblemas\/PNABCS.jpeg","partido_total_votos_entidad_numero":"6,294","partido_total_votos_entidad_porcentaje":"17.9613","seleccionado":false},{"partido_id":13,"partido_nombre":"PES","partido_logo":"\/emblemas\/PES.png","partido_total_votos_entidad_numero":"7,482","partido_total_votos_entidad_porcentaje":"21.3515","seleccionado":false},{"partido_id":15,"partido_nombre":"FXM","partido_logo":"\/emblemas\/FXM.jpg","partido_total_votos_entidad_numero":"4,726","partido_total_votos_entidad_porcentaje":"13.4867","seleccionado":false},{"partido_id":16,"partido_nombre":"PML","partido_logo":"\/emblemas\/PML.png","partido_total_votos_entidad_numero":"0","partido_total_votos_entidad_porcentaje":"0.0000","seleccionado":false}]},{"municipio_id":5,"municipio_nombre":"LORETO","partidos":[{"partido_id":2,"partido_nombre":"PAN","partido_logo":"\/emblemas\/PAN.png","partido_total_votos_entidad_numero":"0","partido_total_votos_entidad_porcentaje":"0.0000","seleccionado":false},{"partido_id":3,"partido_nombre":"PRI","partido_logo":"\/emblemas\/PRI.jpeg","partido_total_votos_entidad_numero":"0","partido_total_votos_entidad_porcentaje":"0.0000","seleccionado":false},{"partido_id":4,"partido_nombre":"PRD","partido_logo":"\/emblemas\/PRD.png","partido_total_votos_entidad_numero":"0","partido_total_votos_entidad_porcentaje":"0.0000","seleccionado":false},{"partido_id":5,"partido_nombre":"PT","partido_logo":"\/emblemas\/PT.jpeg","partido_total_votos_entidad_numero":"223","partido_total_votos_entidad_porcentaje":"11.9892","seleccionado":false},{"partido_id":6,"partido_nombre":"PVEM","partido_logo":"\/emblemas\/PVEM.jpeg","partido_total_votos_entidad_numero":"358","partido_total_votos_entidad_porcentaje":"19.2473","seleccionado":false},{"partido_id":7,"partido_nombre":"MC","partido_logo":"\/emblemas\/MC.jpeg","partido_total_votos_entidad_numero":"278","partido_total_votos_entidad_porcentaje":"14.9462","seleccionado":false},{"partido_id":8,"partido_nombre":"PRS","partido_logo":"\/emblemas\/PRS.png","partido_total_votos_entidad_numero":"0","partido_total_votos_entidad_porcentaje":"0.0000","seleccionado":false},{"partido_id":9,"partido_nombre":"MORENA","partido_logo":"\/emblemas\/MORENA.jpeg","partido_total_votos_entidad_numero":"87","partido_total_votos_entidad_porcentaje":"4.6774","seleccionado":false},{"partido_id":10,"partido_nombre":"PHBCS","partido_logo":"\/emblemas\/PH_BCS.png","partido_total_votos_entidad_numero":"0","partido_total_votos_entidad_porcentaje":"0.0000","seleccionado":false},{"partido_id":12,"partido_nombre":"PNABCS","partido_logo":"\/emblemas\/PNABCS.jpeg","partido_total_votos_entidad_numero":"306","partido_total_votos_entidad_porcentaje":"16.4516","seleccionado":false},{"partido_id":13,"partido_nombre":"PES","partido_logo":"\/emblemas\/PES.png","partido_total_votos_entidad_numero":"268","partido_total_votos_entidad_porcentaje":"14.4086","seleccionado":false},{"partido_id":15,"partido_nombre":"FXM","partido_logo":"\/emblemas\/FXM.jpg","partido_total_votos_entidad_numero":"340","partido_total_votos_entidad_porcentaje":"18.2796","seleccionado":false},{"partido_id":16,"partido_nombre":"PML","partido_logo":"\/emblemas\/PML.png","partido_total_votos_entidad_numero":"0","partido_total_votos_entidad_porcentaje":"0.0000","seleccionado":false}]}]}