{"fecha_utimo_corte":"27 Enero 2024","hora_local":"22:38 h UTC-7","tipo_eleccion":"Ayuntamiento","nombre_archivo_json":"ayuntamiento_distribucion_votos_por_partido_politico_nivel_municipio.json","municipios":[{"municipio_id":1,"municipio_nombre":"COMOND\u00da","datos_partidos":[{"partido_id":2,"partido_nombre":"PAN","partido_logo":"\/emblemas\/PAN.png","partido_votos_via_individual_numero":"sin dato","partido_votos_via_coalicion_numero":"Sin Coalici\u00f3n","partido_votos_total_numero":"0"},{"partido_id":3,"partido_nombre":"PRI","partido_logo":"\/emblemas\/PRI.jpeg","partido_votos_via_individual_numero":"sin dato","partido_votos_via_coalicion_numero":"Sin Coalici\u00f3n","partido_votos_total_numero":"0"},{"partido_id":4,"partido_nombre":"PRD","partido_logo":"\/emblemas\/PRD.png","partido_votos_via_individual_numero":"sin dato","partido_votos_via_coalicion_numero":"Sin Coalici\u00f3n","partido_votos_total_numero":"0"},{"partido_id":5,"partido_nombre":"PT","partido_logo":"\/emblemas\/PT.jpeg","partido_votos_via_individual_numero":"2458","partido_votos_via_coalicion_numero":"sin dato","partido_votos_total_numero":"2,458"},{"partido_id":6,"partido_nombre":"PVEM","partido_logo":"\/emblemas\/PVEM.jpeg","partido_votos_via_individual_numero":"3502","partido_votos_via_coalicion_numero":"Sin Coalici\u00f3n","partido_votos_total_numero":"3,502"},{"partido_id":7,"partido_nombre":"MC","partido_logo":"\/emblemas\/MC.jpeg","partido_votos_via_individual_numero":"3990","partido_votos_via_coalicion_numero":"Sin Coalici\u00f3n","partido_votos_total_numero":"3,990"},{"partido_id":8,"partido_nombre":"PRS","partido_logo":"\/emblemas\/PRS.png","partido_votos_via_individual_numero":"sin dato","partido_votos_via_coalicion_numero":"Sin Coalici\u00f3n","partido_votos_total_numero":"0"},{"partido_id":9,"partido_nombre":"MORENA","partido_logo":"\/emblemas\/MORENA.jpeg","partido_votos_via_individual_numero":"1227","partido_votos_via_coalicion_numero":"sin dato","partido_votos_total_numero":"1,227"},{"partido_id":10,"partido_nombre":"PHBCS","partido_logo":"\/emblemas\/PH_BCS.png","partido_votos_via_individual_numero":"sin dato","partido_votos_via_coalicion_numero":"Sin Coalici\u00f3n","partido_votos_total_numero":"0"},{"partido_id":12,"partido_nombre":"PNABCS","partido_logo":"\/emblemas\/PNABCS.jpeg","partido_votos_via_individual_numero":"3512","partido_votos_via_coalicion_numero":"Sin Coalici\u00f3n","partido_votos_total_numero":"3,512"},{"partido_id":13,"partido_nombre":"PES","partido_logo":"\/emblemas\/PES.png","partido_votos_via_individual_numero":"3269","partido_votos_via_coalicion_numero":"Sin Coalici\u00f3n","partido_votos_total_numero":"3,269"},{"partido_id":15,"partido_nombre":"FXM","partido_logo":"\/emblemas\/FXM.jpg","partido_votos_via_individual_numero":"3638","partido_votos_via_coalicion_numero":"Sin Coalici\u00f3n","partido_votos_total_numero":"3,638"},{"partido_id":16,"partido_nombre":"PML","partido_logo":"\/emblemas\/PML.png","partido_votos_via_individual_numero":"sin dato","partido_votos_via_coalicion_numero":"Sin Coalici\u00f3n","partido_votos_total_numero":"0"}]},{"municipio_id":2,"municipio_nombre":"MULEG\u00c9","datos_partidos":[{"partido_id":2,"partido_nombre":"PAN","partido_logo":"\/emblemas\/PAN.png","partido_votos_via_individual_numero":"sin dato","partido_votos_via_coalicion_numero":"Sin Coalici\u00f3n","partido_votos_total_numero":"0"},{"partido_id":3,"partido_nombre":"PRI","partido_logo":"\/emblemas\/PRI.jpeg","partido_votos_via_individual_numero":"sin dato","partido_votos_via_coalicion_numero":"Sin Coalici\u00f3n","partido_votos_total_numero":"0"},{"partido_id":4,"partido_nombre":"PRD","partido_logo":"\/emblemas\/PRD.png","partido_votos_via_individual_numero":"sin dato","partido_votos_via_coalicion_numero":"Sin Coalici\u00f3n","partido_votos_total_numero":"0"},{"partido_id":5,"partido_nombre":"PT","partido_logo":"\/emblemas\/PT.jpeg","partido_votos_via_individual_numero":"1355","partido_votos_via_coalicion_numero":"sin dato","partido_votos_total_numero":"1,355"},{"partido_id":6,"partido_nombre":"PVEM","partido_logo":"\/emblemas\/PVEM.jpeg","partido_votos_via_individual_numero":"2005","partido_votos_via_coalicion_numero":"Sin Coalici\u00f3n","partido_votos_total_numero":"2,005"},{"partido_id":7,"partido_nombre":"PVEM","partido_logo":"\/emblemas\/MC.jpeg","partido_votos_via_individual_numero":"2060","partido_votos_via_coalicion_numero":"Sin Coalici\u00f3n","partido_votos_total_numero":"2,060"},{"partido_id":8,"partido_nombre":"PRS","partido_logo":"\/emblemas\/PRS.png","partido_votos_via_individual_numero":"sin dato","partido_votos_via_coalicion_numero":"Sin Coalici\u00f3n","partido_votos_total_numero":"0"},{"partido_id":9,"partido_nombre":"MORENA","partido_logo":"\/emblemas\/MORENA.jpeg","partido_votos_via_individual_numero":"683","partido_votos_via_coalicion_numero":"sin dato","partido_votos_total_numero":"683"},{"partido_id":10,"partido_nombre":"PHBCS","partido_logo":"\/emblemas\/PH_BCS.png","partido_votos_via_individual_numero":"sin dato","partido_votos_via_coalicion_numero":"Sin Coalici\u00f3n","partido_votos_total_numero":"0"},{"partido_id":12,"partido_nombre":"PNABCS","partido_logo":"\/emblemas\/PNABCS.jpeg","partido_votos_via_individual_numero":"1757","partido_votos_via_coalicion_numero":"Sin Coalici\u00f3n","partido_votos_total_numero":"1,757"},{"partido_id":13,"partido_nombre":"PES","partido_logo":"\/emblemas\/PES.png","partido_votos_via_individual_numero":"1953","partido_votos_via_coalicion_numero":"Sin Coalici\u00f3n","partido_votos_total_numero":"1,953"},{"partido_id":15,"partido_nombre":"PXM","partido_logo":"\/emblemas\/FXM.jpg","partido_votos_via_individual_numero":"1751","partido_votos_via_coalicion_numero":"Sin Coalici\u00f3n","partido_votos_total_numero":"1,751"},{"partido_id":16,"partido_nombre":"PXM","partido_logo":"\/emblemas\/PML.png","partido_votos_via_individual_numero":"sin dato","partido_votos_via_coalicion_numero":"Sin Coalici\u00f3n","partido_votos_total_numero":"0"}]},{"municipio_id":3,"municipio_nombre":"LA PAZ","datos_partidos":[{"partido_id":2,"partido_nombre":"PAN","partido_logo":"\/emblemas\/PAN.png","partido_votos_via_individual_numero":"sin dato","partido_votos_via_coalicion_numero":"Sin Coalici\u00f3n","partido_votos_total_numero":"0"},{"partido_id":3,"partido_nombre":"PRI","partido_logo":"\/emblemas\/PRI.jpeg","partido_votos_via_individual_numero":"sin dato","partido_votos_via_coalicion_numero":"Sin Coalici\u00f3n","partido_votos_total_numero":"0"},{"partido_id":4,"partido_nombre":"PRD","partido_logo":"\/emblemas\/PRD.png","partido_votos_via_individual_numero":"sin dato","partido_votos_via_coalicion_numero":"Sin Coalici\u00f3n","partido_votos_total_numero":"0"},{"partido_id":5,"partido_nombre":"PT","partido_logo":"\/emblemas\/PT.jpeg","partido_votos_via_individual_numero":"7145","partido_votos_via_coalicion_numero":"sin dato","partido_votos_total_numero":"7,145"},{"partido_id":6,"partido_nombre":"PVEM","partido_logo":"\/emblemas\/PVEM.jpeg","partido_votos_via_individual_numero":"10882","partido_votos_via_coalicion_numero":"Sin Coalici\u00f3n","partido_votos_total_numero":"10,882"},{"partido_id":7,"partido_nombre":"MC","partido_logo":"\/emblemas\/MC.jpeg","partido_votos_via_individual_numero":"10713","partido_votos_via_coalicion_numero":"Sin Coalici\u00f3n","partido_votos_total_numero":"10,713"},{"partido_id":8,"partido_nombre":"PRS","partido_logo":"\/emblemas\/PRS.png","partido_votos_via_individual_numero":"sin dato","partido_votos_via_coalicion_numero":"Sin Coalici\u00f3n","partido_votos_total_numero":"0"},{"partido_id":9,"partido_nombre":"MORENA","partido_logo":"\/emblemas\/MORENA.jpeg","partido_votos_via_individual_numero":"3858","partido_votos_via_coalicion_numero":"sin dato","partido_votos_total_numero":"3,858"},{"partido_id":10,"partido_nombre":"PHBCS","partido_logo":"\/emblemas\/PH_BCS.png","partido_votos_via_individual_numero":"sin dato","partido_votos_via_coalicion_numero":"Sin Coalici\u00f3n","partido_votos_total_numero":"0"},{"partido_id":12,"partido_nombre":"PNABCS","partido_logo":"\/emblemas\/PNABCS.jpeg","partido_votos_via_individual_numero":"11175","partido_votos_via_coalicion_numero":"Sin Coalici\u00f3n","partido_votos_total_numero":"11,175"},{"partido_id":13,"partido_nombre":"PES","partido_logo":"\/emblemas\/PES.png","partido_votos_via_individual_numero":"10731","partido_votos_via_coalicion_numero":"Sin Coalici\u00f3n","partido_votos_total_numero":"10,731"},{"partido_id":15,"partido_nombre":"FXM","partido_logo":"\/emblemas\/FXM.jpg","partido_votos_via_individual_numero":"11725","partido_votos_via_coalicion_numero":"Sin Coalici\u00f3n","partido_votos_total_numero":"11,725"},{"partido_id":16,"partido_nombre":"PML","partido_logo":"\/emblemas\/PML.png","partido_votos_via_individual_numero":"sin dato","partido_votos_via_coalicion_numero":"Sin Coalici\u00f3n","partido_votos_total_numero":"0"}]},{"municipio_id":4,"municipio_nombre":"LOS CABOS","datos_partidos":[{"partido_id":2,"partido_nombre":"PAN","partido_logo":"\/emblemas\/PAN.png","partido_votos_via_individual_numero":"sin dato","partido_votos_via_coalicion_numero":"Sin Coalici\u00f3n","partido_votos_total_numero":"0"},{"partido_id":3,"partido_nombre":"PRI","partido_logo":"\/emblemas\/PRI.jpeg","partido_votos_via_individual_numero":"sin dato","partido_votos_via_coalicion_numero":"Sin Coalici\u00f3n","partido_votos_total_numero":"0"},{"partido_id":4,"partido_nombre":"PRD","partido_logo":"\/emblemas\/PRD.png","partido_votos_via_individual_numero":"sin dato","partido_votos_via_coalicion_numero":"Sin Coalici\u00f3n","partido_votos_total_numero":"0"},{"partido_id":5,"partido_nombre":"PT","partido_logo":"\/emblemas\/PT.jpeg","partido_votos_via_individual_numero":"4711","partido_votos_via_coalicion_numero":"sin dato","partido_votos_total_numero":"4,711"},{"partido_id":6,"partido_nombre":"PVEM","partido_logo":"\/emblemas\/PVEM.jpeg","partido_votos_via_individual_numero":"4550","partido_votos_via_coalicion_numero":"Sin Coalici\u00f3n","partido_votos_total_numero":"4,550"},{"partido_id":7,"partido_nombre":"MC","partido_logo":"\/emblemas\/MC.jpeg","partido_votos_via_individual_numero":"4884","partido_votos_via_coalicion_numero":"Sin Coalici\u00f3n","partido_votos_total_numero":"4,884"},{"partido_id":8,"partido_nombre":"PRS","partido_logo":"\/emblemas\/PRS.png","partido_votos_via_individual_numero":"sin dato","partido_votos_via_coalicion_numero":"Sin Coalici\u00f3n","partido_votos_total_numero":"0"},{"partido_id":9,"partido_nombre":"MORENA","partido_logo":"\/emblemas\/MORENA.jpeg","partido_votos_via_individual_numero":"2395","partido_votos_via_coalicion_numero":"sin dato","partido_votos_total_numero":"2,395"},{"partido_id":10,"partido_nombre":"PHBCS","partido_logo":"\/emblemas\/PH_BCS.png","partido_votos_via_individual_numero":"sin dato","partido_votos_via_coalicion_numero":"Sin Coalici\u00f3n","partido_votos_total_numero":"0"},{"partido_id":12,"partido_nombre":"PNABCS","partido_logo":"\/emblemas\/PNABCS.jpeg","partido_votos_via_individual_numero":"6294","partido_votos_via_coalicion_numero":"Sin Coalici\u00f3n","partido_votos_total_numero":"6,294"},{"partido_id":13,"partido_nombre":"PES","partido_logo":"\/emblemas\/PES.png","partido_votos_via_individual_numero":"7482","partido_votos_via_coalicion_numero":"Sin Coalici\u00f3n","partido_votos_total_numero":"7,482"},{"partido_id":15,"partido_nombre":"FXM","partido_logo":"\/emblemas\/FXM.jpg","partido_votos_via_individual_numero":"4726","partido_votos_via_coalicion_numero":"Sin Coalici\u00f3n","partido_votos_total_numero":"4,726"},{"partido_id":16,"partido_nombre":"PML","partido_logo":"\/emblemas\/PML.png","partido_votos_via_individual_numero":"sin dato","partido_votos_via_coalicion_numero":"Sin Coalici\u00f3n","partido_votos_total_numero":"0"}]},{"municipio_id":5,"municipio_nombre":"LORETO","datos_partidos":[{"partido_id":2,"partido_nombre":"PAN","partido_logo":"\/emblemas\/PAN.png","partido_votos_via_individual_numero":"sin dato","partido_votos_via_coalicion_numero":"Sin Coalici\u00f3n","partido_votos_total_numero":"0"},{"partido_id":3,"partido_nombre":"PRI","partido_logo":"\/emblemas\/PRI.jpeg","partido_votos_via_individual_numero":"sin dato","partido_votos_via_coalicion_numero":"Sin Coalici\u00f3n","partido_votos_total_numero":"0"},{"partido_id":4,"partido_nombre":"PRD","partido_logo":"\/emblemas\/PRD.png","partido_votos_via_individual_numero":"sin dato","partido_votos_via_coalicion_numero":"Sin Coalici\u00f3n","partido_votos_total_numero":"0"},{"partido_id":5,"partido_nombre":"PT","partido_logo":"\/emblemas\/PT.jpeg","partido_votos_via_individual_numero":"223","partido_votos_via_coalicion_numero":"sin dato","partido_votos_total_numero":"223"},{"partido_id":6,"partido_nombre":"PVEM","partido_logo":"\/emblemas\/PVEM.jpeg","partido_votos_via_individual_numero":"358","partido_votos_via_coalicion_numero":"Sin Coalici\u00f3n","partido_votos_total_numero":"358"},{"partido_id":7,"partido_nombre":"MC","partido_logo":"\/emblemas\/MC.jpeg","partido_votos_via_individual_numero":"278","partido_votos_via_coalicion_numero":"Sin Coalici\u00f3n","partido_votos_total_numero":"278"},{"partido_id":8,"partido_nombre":"PRS","partido_logo":"\/emblemas\/PRS.png","partido_votos_via_individual_numero":"sin dato","partido_votos_via_coalicion_numero":"Sin Coalici\u00f3n","partido_votos_total_numero":"0"},{"partido_id":9,"partido_nombre":"MORENA","partido_logo":"\/emblemas\/MORENA.jpeg","partido_votos_via_individual_numero":"87","partido_votos_via_coalicion_numero":"sin dato","partido_votos_total_numero":"87"},{"partido_id":10,"partido_nombre":"PHBCS","partido_logo":"\/emblemas\/PH_BCS.png","partido_votos_via_individual_numero":"sin dato","partido_votos_via_coalicion_numero":"Sin Coalici\u00f3n","partido_votos_total_numero":"0"},{"partido_id":12,"partido_nombre":"PNABCS","partido_logo":"\/emblemas\/PNABCS.jpeg","partido_votos_via_individual_numero":"306","partido_votos_via_coalicion_numero":"Sin Coalici\u00f3n","partido_votos_total_numero":"306"},{"partido_id":13,"partido_nombre":"PES","partido_logo":"\/emblemas\/PES.png","partido_votos_via_individual_numero":"268","partido_votos_via_coalicion_numero":"Sin Coalici\u00f3n","partido_votos_total_numero":"268"},{"partido_id":15,"partido_nombre":"FXM","partido_logo":"\/emblemas\/FXM.jpg","partido_votos_via_individual_numero":"340","partido_votos_via_coalicion_numero":"Sin Coalici\u00f3n","partido_votos_total_numero":"340"},{"partido_id":16,"partido_nombre":"PML","partido_logo":"\/emblemas\/PML.png","partido_votos_via_individual_numero":"sin dato","partido_votos_via_coalicion_numero":"Sin Coalici\u00f3n","partido_votos_total_numero":"0"}]}]}