{"fecha_ultimo_corte":"27 Enero 2024","hora_local":"22:38 h UTC-7","tipo_eleccion":"Ayuntamiento","nombre_archivo_json":"ayuntamiento_estadistica_votacion_nivel_entidad.json","actas_esperadas_numero":"1,050","actas_esperadas_porcentaje":"100.0000","actas_esperadas_recibidas_numero":"657","actas_esperadas_recibidas_porcentaje":"62.5714","actas_capturadas_numero":"657","actas_capturadas_porcentaje":"62.5714","actas_contabilizadas_numero":"657","actas_contabilizadas_porcentaje":"62.5714","actas_casilla_urbana_numero":"482","actas_casilla_urbana_porcentaje":"0.0000","actas_casilla_nourbana_numero":"175","actas_casilla_nourbana_porcentaje":"0.0000","valor_lista_nominal_oficial_numero":"571,262","valor_lista_nominal_oficial_porcentaje":"0.0000","valor_lista_nominal_actas_contabilizadas_numero":"347,184","valor_lista_nominal_actas_contabilizadas_porcentaje":"0.0000","participacion_ciudadana_numero":"241,725","participacion_ciudadana_porcentaje":"69.6245","votos_casilla_basica_contigua_extraordinaria_numero":"241,725","votos_casilla_basica_contigua_extraordinaria_porcentaje":"0.0000","votos_casilla_especial_numero":"0","votos_casilla_especial_porcentaje":"0.0000","total_votos_general_numero":"241,725","total_votos_general_porcentaje":"100.0000","actas_registradas_numero":"657","actas_registradas_porcentaje":"0.0000","actas_fuera_catalogo_numero":"0","actas_fuera_catalogo_porcentaje":"0.0000","actas_inconsistencias_numero":"0","actas_inconsistencias_porcentaje":"0.0000","actas_no_contabilizadas_numero":"0","actas_no_contabilizadas_porcentaje":"0.0000","total_votos_c_cs_numero":"0","total_votos_c_cs_porcentaje":"0.0000","total_votos_s_cs_numero":"241,725","total_votos_s_cs_porcentaje":"100.0000"}