{"fecha_ultimo_corte":"27 Enero 2024","hora_local":"22:38 h UTC-7","tipo_eleccion":"Ayuntamiento","nombre_archivo_json":"ayuntamiento_resumen_votacion_nivel_municipio.json","distritos":[{"municipio_id":1,"municipio_nombre":"COMOND\u00da","total_votos_acumulados_numero":"21,596","total_votos_acumulados_porcentaje":"80.3781","total_votos_candidatura_noregistrada_numero":"5,120","total_votos_candidatura_noregistrada_porcentaje":"19.0561","total_votos_nulos_numero":"152","total_votos_nulos_porcentaje":"0.5657","total_votos_general_numero":"26,868","total_votos_general_porcentaje":"100.0000"},{"municipio_id":2,"municipio_nombre":"MULEG\u00c9","total_votos_acumulados_numero":"11,564","total_votos_acumulados_porcentaje":"79.0539","total_votos_candidatura_noregistrada_numero":"3,040","total_votos_candidatura_noregistrada_porcentaje":"20.7821","total_votos_nulos_numero":"24","total_votos_nulos_porcentaje":"0.1641","total_votos_general_numero":"14,628","total_votos_general_porcentaje":"100.0000"},{"municipio_id":3,"municipio_nombre":"LA PAZ","total_votos_acumulados_numero":"66,229","total_votos_acumulados_porcentaje":"80.5108","total_votos_candidatura_noregistrada_numero":"14,858","total_votos_candidatura_noregistrada_porcentaje":"18.0620","total_votos_nulos_numero":"1,174","total_votos_nulos_porcentaje":"1.4272","total_votos_general_numero":"82,261","total_votos_general_porcentaje":"100.0000"},{"municipio_id":4,"municipio_nombre":"LOS CABOS","total_votos_acumulados_numero":"35,042","total_votos_acumulados_porcentaje":"78.3412","total_votos_candidatura_noregistrada_numero":"9,467","total_votos_candidatura_noregistrada_porcentaje":"21.1648","total_votos_nulos_numero":"221","total_votos_nulos_porcentaje":"0.4941","total_votos_general_numero":"44,730","total_votos_general_porcentaje":"100.0000"},{"municipio_id":5,"municipio_nombre":"LORETO","total_votos_acumulados_numero":"1,860","total_votos_acumulados_porcentaje":"80.4150","total_votos_candidatura_noregistrada_numero":"451","total_votos_candidatura_noregistrada_porcentaje":"19.4985","total_votos_nulos_numero":"2","total_votos_nulos_porcentaje":"0.0865","total_votos_general_numero":"2,313","total_votos_general_porcentaje":"100.0000"}]}