{"fecha_utimo_corte":"27 Enero 2024","hora_local":"22:38 h UTC-7","tipo_eleccion":"Ayuntamiento","nombre_archivo_json":"ayuntamiento_distribucion_votos_candidaturas_nivel_municipio.json","municipios":[{"municipio_id":1,"municipio_nombre":"COMOND\u00da","datos_candidatos":[{"candidato_id":4,"candidato_nombre":"Nigel","candidato_apellidos":"Ledner","candidato_foto_url":"\/candidatos\/avatar-persona.svg","candidatura_nombre":"PAN","candidatura_total_votos_numero":"0","datos_votos":[{"logo_integrante":"\/emblemas\/PAN.png","nombre_integrante":"Nigel","votos_integrante":"sin dato"}]},{"candidato_id":15,"candidato_nombre":"Kylee","candidato_apellidos":"Lakin","candidato_foto_url":"\/candidatos\/avatar-persona.svg","candidatura_nombre":"PRI","candidatura_total_votos_numero":"0","datos_votos":[{"logo_integrante":"\/emblemas\/PRI.jpeg","nombre_integrante":"Kylee","votos_integrante":"sin dato"}]},{"candidato_id":39,"candidato_nombre":"Robbie","candidato_apellidos":"Brekke","candidato_foto_url":"\/candidatos\/avatar-persona.svg","candidatura_nombre":"PRD","candidatura_total_votos_numero":"0","datos_votos":[{"logo_integrante":"\/emblemas\/PRD.png","nombre_integrante":"Robbie","votos_integrante":"sin dato"}]},{"candidato_id":44,"candidato_nombre":"Nettie","candidato_apellidos":"OConnell","candidato_foto_url":"\/candidatos\/avatar-persona.svg","candidatura_nombre":"PT","candidatura_total_votos_numero":"11","datos_votos":[{"logo_integrante":"\/emblemas\/PT.jpeg","nombre_integrante":"Nettie","votos_integrante":"11"}]},{"candidato_id":7,"candidato_nombre":"Katlynn","candidato_apellidos":"Lebsack","candidato_foto_url":"\/candidatos\/avatar-persona.svg","candidatura_nombre":"PVEM","candidatura_total_votos_numero":"27","datos_votos":[{"logo_integrante":"\/emblemas\/PVEM.jpeg","nombre_integrante":"Katlynn","votos_integrante":"27"}]},{"candidato_id":12,"candidato_nombre":"Ruth","candidato_apellidos":"Koepp","candidato_foto_url":"\/candidatos\/avatar-persona.svg","candidatura_nombre":"MC","candidatura_total_votos_numero":"35","datos_votos":[{"logo_integrante":"\/emblemas\/MC.jpeg","nombre_integrante":"Ruth","votos_integrante":"35"}]},{"candidato_id":29,"candidato_nombre":"Aaron","candidato_apellidos":"Rodriguez","candidato_foto_url":"\/candidatos\/avatar-persona.svg","candidatura_nombre":"PRS","candidatura_total_votos_numero":"0","datos_votos":[{"logo_integrante":"\/emblemas\/PRS.png","nombre_integrante":"Aaron","votos_integrante":"sin dato"}]},{"candidato_id":49,"candidato_nombre":"Emmalee","candidato_apellidos":"Murray","candidato_foto_url":"\/candidatos\/avatar-persona.svg","candidatura_nombre":"MORENA","candidatura_total_votos_numero":"0","datos_votos":[{"logo_integrante":"\/emblemas\/MORENA.jpeg","nombre_integrante":"Emmalee","votos_integrante":"sin dato"}]},{"candidato_id":54,"candidato_nombre":"Jimmy","candidato_apellidos":"Cremin","candidato_foto_url":"\/candidatos\/avatar-persona.svg","candidatura_nombre":"PHBCS","candidatura_total_votos_numero":"0","datos_votos":[{"logo_integrante":"\/emblemas\/PH_BCS.png","nombre_integrante":"Jimmy","votos_integrante":"sin dato"}]},{"candidato_id":20,"candidato_nombre":"Elmo","candidato_apellidos":"Block","candidato_foto_url":"\/candidatos\/avatar-persona.svg","candidatura_nombre":"PNABCS","candidatura_total_votos_numero":"65","datos_votos":[{"logo_integrante":"\/emblemas\/PNABCS.jpeg","nombre_integrante":"Elmo","votos_integrante":"65"}]},{"candidato_id":22,"candidato_nombre":"Efren","candidato_apellidos":"Quitzon","candidato_foto_url":"\/candidatos\/avatar-persona.svg","candidatura_nombre":"PES","candidatura_total_votos_numero":"55","datos_votos":[{"logo_integrante":"\/emblemas\/PES.png","nombre_integrante":"Efren","votos_integrante":"55"}]},{"datos_votos":[]},{"candidato_id":32,"candidato_nombre":"Myrtice","candidato_apellidos":"Heidenreich","candidato_foto_url":"\/candidatos\/avatar-persona.svg","candidatura_nombre":"FXM","candidatura_total_votos_numero":"0","datos_votos":[{"logo_integrante":"\/emblemas\/FXM.jpg","nombre_integrante":"Myrtice","votos_integrante":"sin dato"}]},{"candidato_id":57,"candidato_nombre":"Kyle","candidato_apellidos":"Laking","candidato_foto_url":"\/candidatos\/avatar-persona.svg","candidatura_nombre":"PML","candidatura_total_votos_numero":"0","datos_votos":[{"logo_integrante":"\/emblemas\/PML.png","nombre_integrante":"Kyle","votos_integrante":"sin dato"}]}]},{"municipio_id":2,"municipio_nombre":"MULEG\u00c9","datos_candidatos":[{"candidato_id":4,"candidato_nombre":"Nigel","candidato_apellidos":"Ledner","candidato_foto_url":"\/candidatos\/avatar-persona.svg","candidatura_nombre":"PAN","candidatura_total_votos_numero":"0","datos_votos":[{"logo_integrante":"\/emblemas\/PAN.png","nombre_integrante":"Nigel","votos_integrante":"sin dato"}]},{"candidato_id":15,"candidato_nombre":"Kylee","candidato_apellidos":"Lakin","candidato_foto_url":"\/candidatos\/avatar-persona.svg","candidatura_nombre":"PRI","candidatura_total_votos_numero":"0","datos_votos":[{"logo_integrante":"\/emblemas\/PRI.jpeg","nombre_integrante":"Kylee","votos_integrante":"sin dato"}]},{"candidato_id":39,"candidato_nombre":"Robbie","candidato_apellidos":"Brekke","candidato_foto_url":"\/candidatos\/avatar-persona.svg","candidatura_nombre":"PRD","candidatura_total_votos_numero":"0","datos_votos":[{"logo_integrante":"\/emblemas\/PRD.png","nombre_integrante":"Robbie","votos_integrante":"sin dato"}]},{"candidato_id":44,"candidato_nombre":"Nettie","candidato_apellidos":"OConnell","candidato_foto_url":"\/candidatos\/avatar-persona.svg","candidatura_nombre":"PT","candidatura_total_votos_numero":"11","datos_votos":[{"logo_integrante":"\/emblemas\/PT.jpeg","nombre_integrante":"Nettie","votos_integrante":"11"}]},{"candidato_id":7,"candidato_nombre":"Katlynn","candidato_apellidos":"Lebsack","candidato_foto_url":"\/candidatos\/avatar-persona.svg","candidatura_nombre":"PVEM","candidatura_total_votos_numero":"27","datos_votos":[{"logo_integrante":"\/emblemas\/PVEM.jpeg","nombre_integrante":"Katlynn","votos_integrante":"27"}]},{"candidato_id":12,"candidato_nombre":"Ruth","candidato_apellidos":"Koepp","candidato_foto_url":"\/candidatos\/avatar-persona.svg","candidatura_nombre":"MC","candidatura_total_votos_numero":"35","datos_votos":[{"logo_integrante":"\/emblemas\/MC.jpeg","nombre_integrante":"Ruth","votos_integrante":"35"}]},{"candidato_id":29,"candidato_nombre":"Aaron","candidato_apellidos":"Rodriguez","candidato_foto_url":"\/candidatos\/avatar-persona.svg","candidatura_nombre":"PRS","candidatura_total_votos_numero":"0","datos_votos":[{"logo_integrante":"\/emblemas\/PRS.png","nombre_integrante":"Aaron","votos_integrante":"sin dato"}]},{"candidato_id":49,"candidato_nombre":"Emmalee","candidato_apellidos":"Murray","candidato_foto_url":"\/candidatos\/avatar-persona.svg","candidatura_nombre":"MORENA","candidatura_total_votos_numero":"0","datos_votos":[{"logo_integrante":"\/emblemas\/MORENA.jpeg","nombre_integrante":"Emmalee","votos_integrante":"sin dato"}]},{"candidato_id":54,"candidato_nombre":"Jimmy","candidato_apellidos":"Cremin","candidato_foto_url":"\/candidatos\/avatar-persona.svg","candidatura_nombre":"PHBCS","candidatura_total_votos_numero":"0","datos_votos":[{"logo_integrante":"\/emblemas\/PH_BCS.png","nombre_integrante":"Jimmy","votos_integrante":"sin dato"}]},{"candidato_id":20,"candidato_nombre":"Elmo","candidato_apellidos":"Block","candidato_foto_url":"\/candidatos\/avatar-persona.svg","candidatura_nombre":"PNABCS","candidatura_total_votos_numero":"65","datos_votos":[{"logo_integrante":"\/emblemas\/PNABCS.jpeg","nombre_integrante":"Elmo","votos_integrante":"65"}]},{"candidato_id":22,"candidato_nombre":"Efren","candidato_apellidos":"Quitzon","candidato_foto_url":"\/candidatos\/avatar-persona.svg","candidatura_nombre":"PES","candidatura_total_votos_numero":"55","datos_votos":[{"logo_integrante":"\/emblemas\/PES.png","nombre_integrante":"Efren","votos_integrante":"55"}]},{"datos_votos":[]},{"candidato_id":32,"candidato_nombre":"Myrtice","candidato_apellidos":"Heidenreich","candidato_foto_url":"\/candidatos\/avatar-persona.svg","candidatura_nombre":"FXM","candidatura_total_votos_numero":"0","datos_votos":[{"logo_integrante":"\/emblemas\/FXM.jpg","nombre_integrante":"Myrtice","votos_integrante":"sin dato"}]},{"candidato_id":57,"candidato_nombre":"Kyle","candidato_apellidos":"Laking","candidato_foto_url":"\/candidatos\/avatar-persona.svg","candidatura_nombre":"PML","candidatura_total_votos_numero":"0","datos_votos":[{"logo_integrante":"\/emblemas\/PML.png","nombre_integrante":"Kyle","votos_integrante":"sin dato"}]},{"datos_votos":[]},{"datos_votos":[]},{"datos_votos":[]},{"candidato_id":43,"candidato_nombre":"Flavio","candidato_apellidos":"Bauch","candidato_foto_url":"\/candidatos\/avatar-persona.svg","candidatura_nombre":"PT","candidatura_total_votos_numero":"42","datos_votos":[{"logo_integrante":"\/emblemas\/PT.jpeg","nombre_integrante":"Flavio","votos_integrante":"42"}]},{"datos_votos":[]},{"candidato_id":48,"candidato_nombre":"Nettie","candidato_apellidos":"Dooley","candidato_foto_url":"\/candidatos\/avatar-persona.svg","candidatura_nombre":"MORENA","candidatura_total_votos_numero":"27","datos_votos":[{"logo_integrante":"\/emblemas\/MORENA.jpeg","nombre_integrante":"Nettie","votos_integrante":"27"}]},{"candidato_id":53,"candidato_nombre":"Carmela","candidato_apellidos":"Effertz","candidato_foto_url":"\/candidatos\/avatar-persona.svg","candidatura_nombre":"PHBCS","candidatura_total_votos_numero":"0","datos_votos":[{"logo_integrante":"\/emblemas\/PH_BCS.png","nombre_integrante":"Carmela","votos_integrante":"sin dato"}]},{"candidato_id":21,"candidato_nombre":"Cara","candidato_apellidos":"Will","candidato_foto_url":"\/candidatos\/avatar-persona.svg","candidatura_nombre":"PNABCS","candidatura_total_votos_numero":"68","datos_votos":[{"logo_integrante":"\/emblemas\/PNABCS.jpeg","nombre_integrante":"Cara","votos_integrante":"68"}]},{"candidato_id":24,"candidato_nombre":"Khalid","candidato_apellidos":"Hill","candidato_foto_url":"\/candidatos\/avatar-persona.svg","candidatura_nombre":"PES","candidatura_total_votos_numero":"62","datos_votos":[{"logo_integrante":"\/emblemas\/PES.png","nombre_integrante":"Khalid","votos_integrante":"62"}]},{"datos_votos":[]},{"datos_votos":[]}]},{"municipio_id":3,"municipio_nombre":"LA PAZ","datos_candidatos":[{"candidato_id":4,"candidato_nombre":"Nigel","candidato_apellidos":"Ledner","candidato_foto_url":"\/candidatos\/avatar-persona.svg","candidatura_nombre":"PAN","candidatura_total_votos_numero":"0","datos_votos":[{"logo_integrante":"\/emblemas\/PAN.png","nombre_integrante":"Nigel","votos_integrante":"sin dato"}]},{"candidato_id":15,"candidato_nombre":"Kylee","candidato_apellidos":"Lakin","candidato_foto_url":"\/candidatos\/avatar-persona.svg","candidatura_nombre":"PRI","candidatura_total_votos_numero":"0","datos_votos":[{"logo_integrante":"\/emblemas\/PRI.jpeg","nombre_integrante":"Kylee","votos_integrante":"sin dato"}]},{"candidato_id":39,"candidato_nombre":"Robbie","candidato_apellidos":"Brekke","candidato_foto_url":"\/candidatos\/avatar-persona.svg","candidatura_nombre":"PRD","candidatura_total_votos_numero":"0","datos_votos":[{"logo_integrante":"\/emblemas\/PRD.png","nombre_integrante":"Robbie","votos_integrante":"sin dato"}]},{"candidato_id":44,"candidato_nombre":"Nettie","candidato_apellidos":"OConnell","candidato_foto_url":"\/candidatos\/avatar-persona.svg","candidatura_nombre":"PT","candidatura_total_votos_numero":"11","datos_votos":[{"logo_integrante":"\/emblemas\/PT.jpeg","nombre_integrante":"Nettie","votos_integrante":"11"}]},{"candidato_id":7,"candidato_nombre":"Katlynn","candidato_apellidos":"Lebsack","candidato_foto_url":"\/candidatos\/avatar-persona.svg","candidatura_nombre":"PVEM","candidatura_total_votos_numero":"27","datos_votos":[{"logo_integrante":"\/emblemas\/PVEM.jpeg","nombre_integrante":"Katlynn","votos_integrante":"27"}]},{"candidato_id":12,"candidato_nombre":"Ruth","candidato_apellidos":"Koepp","candidato_foto_url":"\/candidatos\/avatar-persona.svg","candidatura_nombre":"MC","candidatura_total_votos_numero":"35","datos_votos":[{"logo_integrante":"\/emblemas\/MC.jpeg","nombre_integrante":"Ruth","votos_integrante":"35"}]},{"candidato_id":29,"candidato_nombre":"Aaron","candidato_apellidos":"Rodriguez","candidato_foto_url":"\/candidatos\/avatar-persona.svg","candidatura_nombre":"PRS","candidatura_total_votos_numero":"0","datos_votos":[{"logo_integrante":"\/emblemas\/PRS.png","nombre_integrante":"Aaron","votos_integrante":"sin dato"}]},{"candidato_id":49,"candidato_nombre":"Emmalee","candidato_apellidos":"Murray","candidato_foto_url":"\/candidatos\/avatar-persona.svg","candidatura_nombre":"MORENA","candidatura_total_votos_numero":"0","datos_votos":[{"logo_integrante":"\/emblemas\/MORENA.jpeg","nombre_integrante":"Emmalee","votos_integrante":"sin dato"}]},{"candidato_id":54,"candidato_nombre":"Jimmy","candidato_apellidos":"Cremin","candidato_foto_url":"\/candidatos\/avatar-persona.svg","candidatura_nombre":"PHBCS","candidatura_total_votos_numero":"0","datos_votos":[{"logo_integrante":"\/emblemas\/PH_BCS.png","nombre_integrante":"Jimmy","votos_integrante":"sin dato"}]},{"candidato_id":20,"candidato_nombre":"Elmo","candidato_apellidos":"Block","candidato_foto_url":"\/candidatos\/avatar-persona.svg","candidatura_nombre":"PNABCS","candidatura_total_votos_numero":"65","datos_votos":[{"logo_integrante":"\/emblemas\/PNABCS.jpeg","nombre_integrante":"Elmo","votos_integrante":"65"}]},{"candidato_id":22,"candidato_nombre":"Efren","candidato_apellidos":"Quitzon","candidato_foto_url":"\/candidatos\/avatar-persona.svg","candidatura_nombre":"PES","candidatura_total_votos_numero":"55","datos_votos":[{"logo_integrante":"\/emblemas\/PES.png","nombre_integrante":"Efren","votos_integrante":"55"}]},{"datos_votos":[]},{"candidato_id":32,"candidato_nombre":"Myrtice","candidato_apellidos":"Heidenreich","candidato_foto_url":"\/candidatos\/avatar-persona.svg","candidatura_nombre":"FXM","candidatura_total_votos_numero":"0","datos_votos":[{"logo_integrante":"\/emblemas\/FXM.jpg","nombre_integrante":"Myrtice","votos_integrante":"sin dato"}]},{"candidato_id":57,"candidato_nombre":"Kyle","candidato_apellidos":"Laking","candidato_foto_url":"\/candidatos\/avatar-persona.svg","candidatura_nombre":"PML","candidatura_total_votos_numero":"0","datos_votos":[{"logo_integrante":"\/emblemas\/PML.png","nombre_integrante":"Kyle","votos_integrante":"sin dato"}]},{"datos_votos":[]},{"datos_votos":[]},{"datos_votos":[]},{"candidato_id":43,"candidato_nombre":"Flavio","candidato_apellidos":"Bauch","candidato_foto_url":"\/candidatos\/avatar-persona.svg","candidatura_nombre":"PT","candidatura_total_votos_numero":"42","datos_votos":[{"logo_integrante":"\/emblemas\/PT.jpeg","nombre_integrante":"Flavio","votos_integrante":"42"}]},{"datos_votos":[]},{"candidato_id":48,"candidato_nombre":"Nettie","candidato_apellidos":"Dooley","candidato_foto_url":"\/candidatos\/avatar-persona.svg","candidatura_nombre":"MORENA","candidatura_total_votos_numero":"27","datos_votos":[{"logo_integrante":"\/emblemas\/MORENA.jpeg","nombre_integrante":"Nettie","votos_integrante":"27"}]},{"candidato_id":53,"candidato_nombre":"Carmela","candidato_apellidos":"Effertz","candidato_foto_url":"\/candidatos\/avatar-persona.svg","candidatura_nombre":"PHBCS","candidatura_total_votos_numero":"0","datos_votos":[{"logo_integrante":"\/emblemas\/PH_BCS.png","nombre_integrante":"Carmela","votos_integrante":"sin dato"}]},{"candidato_id":21,"candidato_nombre":"Cara","candidato_apellidos":"Will","candidato_foto_url":"\/candidatos\/avatar-persona.svg","candidatura_nombre":"PNABCS","candidatura_total_votos_numero":"68","datos_votos":[{"logo_integrante":"\/emblemas\/PNABCS.jpeg","nombre_integrante":"Cara","votos_integrante":"68"}]},{"candidato_id":24,"candidato_nombre":"Khalid","candidato_apellidos":"Hill","candidato_foto_url":"\/candidatos\/avatar-persona.svg","candidatura_nombre":"PES","candidatura_total_votos_numero":"62","datos_votos":[{"logo_integrante":"\/emblemas\/PES.png","nombre_integrante":"Khalid","votos_integrante":"62"}]},{"datos_votos":[]},{"datos_votos":[]},{"candidato_id":3,"candidato_nombre":"Winfield","candidato_apellidos":"Tremblay","candidato_foto_url":"\/candidatos\/avatar-persona.svg","candidatura_nombre":"PAN","candidatura_total_votos_numero":"0","datos_votos":[{"logo_integrante":"\/emblemas\/PAN.png","nombre_integrante":"Winfield","votos_integrante":"sin dato"}]},{"candidato_id":14,"candidato_nombre":"Tierra","candidato_apellidos":"Oberbrunner","candidato_foto_url":"\/candidatos\/avatar-persona.svg","candidatura_nombre":"PRI","candidatura_total_votos_numero":"0","datos_votos":[{"logo_integrante":"\/emblemas\/PRI.jpeg","nombre_integrante":"Tierra","votos_integrante":"sin dato"}]},{"candidato_id":37,"candidato_nombre":"Noah","candidato_apellidos":"Stokes","candidato_foto_url":"\/candidatos\/avatar-persona.svg","candidatura_nombre":"PRD","candidatura_total_votos_numero":"0","datos_votos":[{"logo_integrante":"\/emblemas\/PRD.png","nombre_integrante":"Noah","votos_integrante":"sin dato"}]},{"candidato_id":42,"candidato_nombre":"Tabitha","candidato_apellidos":"Terry","candidato_foto_url":"\/candidatos\/avatar-persona.svg","candidatura_nombre":"PT","candidatura_total_votos_numero":"61","datos_votos":[{"logo_integrante":"\/emblemas\/PT.jpeg","nombre_integrante":"Tabitha","votos_integrante":"61"}]},{"candidato_id":6,"candidato_nombre":"Lizzie","candidato_apellidos":"Haag","candidato_foto_url":"\/candidatos\/avatar-persona.svg","candidatura_nombre":"PVEM","candidatura_total_votos_numero":"83","datos_votos":[{"logo_integrante":"\/emblemas\/PVEM.jpeg","nombre_integrante":"Lizzie","votos_integrante":"83"}]},{"candidato_id":11,"candidato_nombre":"Maryjane","candidato_apellidos":"Botsford","candidato_foto_url":"\/candidatos\/avatar-persona.svg","candidatura_nombre":"MC","candidatura_total_votos_numero":"44","datos_votos":[{"logo_integrante":"\/emblemas\/MC.jpeg","nombre_integrante":"Maryjane","votos_integrante":"44"}]},{"candidato_id":28,"candidato_nombre":"Sarah","candidato_apellidos":"Rogahn","candidato_foto_url":"\/candidatos\/avatar-persona.svg","candidatura_nombre":"PRS","candidatura_total_votos_numero":"0","datos_votos":[{"logo_integrante":"\/emblemas\/PRS.png","nombre_integrante":"Sarah","votos_integrante":"sin dato"}]},{"candidato_id":47,"candidato_nombre":"Lesly","candidato_apellidos":"Turner","candidato_foto_url":"\/candidatos\/avatar-persona.svg","candidatura_nombre":"MORENA","candidatura_total_votos_numero":"26","datos_votos":[{"logo_integrante":"\/emblemas\/MORENA.jpeg","nombre_integrante":"Lesly","votos_integrante":"26"}]},{"candidato_id":52,"candidato_nombre":"Lane","candidato_apellidos":"Bosco","candidato_foto_url":"\/candidatos\/avatar-persona.svg","candidatura_nombre":"PHBCS","candidatura_total_votos_numero":"0","datos_votos":[{"logo_integrante":"\/emblemas\/PH_BCS.png","nombre_integrante":"Lane","votos_integrante":"sin dato"}]},{"candidato_id":19,"candidato_nombre":"Marielle","candidato_apellidos":"Schneider","candidato_foto_url":"\/candidatos\/avatar-persona.svg","candidatura_nombre":"PNABCS","candidatura_total_votos_numero":"122","datos_votos":[{"logo_integrante":"\/emblemas\/PNABCS.jpeg","nombre_integrante":"Marielle","votos_integrante":"122"}]},{"candidato_id":26,"candidato_nombre":"Cindy","candidato_apellidos":"Schneider","candidato_foto_url":"\/candidatos\/avatar-persona.svg","candidatura_nombre":"PES","candidatura_total_votos_numero":"97","datos_votos":[{"logo_integrante":"\/emblemas\/PES.png","nombre_integrante":"Cindy","votos_integrante":"97"}]},{"datos_votos":[]},{"candidato_id":35,"candidato_nombre":"Wilbert","candidato_apellidos":"Considine","candidato_foto_url":"\/candidatos\/avatar-persona.svg","candidatura_nombre":"FXM","candidatura_total_votos_numero":"37","datos_votos":[{"logo_integrante":"\/emblemas\/FXM.jpg","nombre_integrante":"Wilbert","votos_integrante":"37"}]},{"candidato_id":56,"candidato_nombre":"Tierras","candidato_apellidos":"Ober","candidato_foto_url":"\/candidatos\/avatar-persona.svg","candidatura_nombre":"PML","candidatura_total_votos_numero":"0","datos_votos":[{"logo_integrante":"\/emblemas\/PML.png","nombre_integrante":"Tierras","votos_integrante":"sin dato"}]}]},{"municipio_id":4,"municipio_nombre":"LOS CABOS","datos_candidatos":[{"candidato_id":4,"candidato_nombre":"Nigel","candidato_apellidos":"Ledner","candidato_foto_url":"\/candidatos\/avatar-persona.svg","candidatura_nombre":"PAN","candidatura_total_votos_numero":"0","datos_votos":[{"logo_integrante":"\/emblemas\/PAN.png","nombre_integrante":"Nigel","votos_integrante":"sin dato"}]},{"candidato_id":15,"candidato_nombre":"Kylee","candidato_apellidos":"Lakin","candidato_foto_url":"\/candidatos\/avatar-persona.svg","candidatura_nombre":"PRI","candidatura_total_votos_numero":"0","datos_votos":[{"logo_integrante":"\/emblemas\/PRI.jpeg","nombre_integrante":"Kylee","votos_integrante":"sin dato"}]},{"candidato_id":39,"candidato_nombre":"Robbie","candidato_apellidos":"Brekke","candidato_foto_url":"\/candidatos\/avatar-persona.svg","candidatura_nombre":"PRD","candidatura_total_votos_numero":"0","datos_votos":[{"logo_integrante":"\/emblemas\/PRD.png","nombre_integrante":"Robbie","votos_integrante":"sin dato"}]},{"candidato_id":44,"candidato_nombre":"Nettie","candidato_apellidos":"OConnell","candidato_foto_url":"\/candidatos\/avatar-persona.svg","candidatura_nombre":"PT","candidatura_total_votos_numero":"11","datos_votos":[{"logo_integrante":"\/emblemas\/PT.jpeg","nombre_integrante":"Nettie","votos_integrante":"11"}]},{"candidato_id":7,"candidato_nombre":"Katlynn","candidato_apellidos":"Lebsack","candidato_foto_url":"\/candidatos\/avatar-persona.svg","candidatura_nombre":"PVEM","candidatura_total_votos_numero":"27","datos_votos":[{"logo_integrante":"\/emblemas\/PVEM.jpeg","nombre_integrante":"Katlynn","votos_integrante":"27"}]},{"candidato_id":12,"candidato_nombre":"Ruth","candidato_apellidos":"Koepp","candidato_foto_url":"\/candidatos\/avatar-persona.svg","candidatura_nombre":"MC","candidatura_total_votos_numero":"35","datos_votos":[{"logo_integrante":"\/emblemas\/MC.jpeg","nombre_integrante":"Ruth","votos_integrante":"35"}]},{"candidato_id":29,"candidato_nombre":"Aaron","candidato_apellidos":"Rodriguez","candidato_foto_url":"\/candidatos\/avatar-persona.svg","candidatura_nombre":"PRS","candidatura_total_votos_numero":"0","datos_votos":[{"logo_integrante":"\/emblemas\/PRS.png","nombre_integrante":"Aaron","votos_integrante":"sin dato"}]},{"candidato_id":49,"candidato_nombre":"Emmalee","candidato_apellidos":"Murray","candidato_foto_url":"\/candidatos\/avatar-persona.svg","candidatura_nombre":"MORENA","candidatura_total_votos_numero":"0","datos_votos":[{"logo_integrante":"\/emblemas\/MORENA.jpeg","nombre_integrante":"Emmalee","votos_integrante":"sin dato"}]},{"candidato_id":54,"candidato_nombre":"Jimmy","candidato_apellidos":"Cremin","candidato_foto_url":"\/candidatos\/avatar-persona.svg","candidatura_nombre":"PHBCS","candidatura_total_votos_numero":"0","datos_votos":[{"logo_integrante":"\/emblemas\/PH_BCS.png","nombre_integrante":"Jimmy","votos_integrante":"sin dato"}]},{"candidato_id":20,"candidato_nombre":"Elmo","candidato_apellidos":"Block","candidato_foto_url":"\/candidatos\/avatar-persona.svg","candidatura_nombre":"PNABCS","candidatura_total_votos_numero":"65","datos_votos":[{"logo_integrante":"\/emblemas\/PNABCS.jpeg","nombre_integrante":"Elmo","votos_integrante":"65"}]},{"candidato_id":22,"candidato_nombre":"Efren","candidato_apellidos":"Quitzon","candidato_foto_url":"\/candidatos\/avatar-persona.svg","candidatura_nombre":"PES","candidatura_total_votos_numero":"55","datos_votos":[{"logo_integrante":"\/emblemas\/PES.png","nombre_integrante":"Efren","votos_integrante":"55"}]},{"datos_votos":[]},{"candidato_id":32,"candidato_nombre":"Myrtice","candidato_apellidos":"Heidenreich","candidato_foto_url":"\/candidatos\/avatar-persona.svg","candidatura_nombre":"FXM","candidatura_total_votos_numero":"0","datos_votos":[{"logo_integrante":"\/emblemas\/FXM.jpg","nombre_integrante":"Myrtice","votos_integrante":"sin dato"}]},{"candidato_id":57,"candidato_nombre":"Kyle","candidato_apellidos":"Laking","candidato_foto_url":"\/candidatos\/avatar-persona.svg","candidatura_nombre":"PML","candidatura_total_votos_numero":"0","datos_votos":[{"logo_integrante":"\/emblemas\/PML.png","nombre_integrante":"Kyle","votos_integrante":"sin dato"}]},{"datos_votos":[]},{"datos_votos":[]},{"datos_votos":[]},{"candidato_id":43,"candidato_nombre":"Flavio","candidato_apellidos":"Bauch","candidato_foto_url":"\/candidatos\/avatar-persona.svg","candidatura_nombre":"PT","candidatura_total_votos_numero":"42","datos_votos":[{"logo_integrante":"\/emblemas\/PT.jpeg","nombre_integrante":"Flavio","votos_integrante":"42"}]},{"datos_votos":[]},{"candidato_id":48,"candidato_nombre":"Nettie","candidato_apellidos":"Dooley","candidato_foto_url":"\/candidatos\/avatar-persona.svg","candidatura_nombre":"MORENA","candidatura_total_votos_numero":"27","datos_votos":[{"logo_integrante":"\/emblemas\/MORENA.jpeg","nombre_integrante":"Nettie","votos_integrante":"27"}]},{"candidato_id":53,"candidato_nombre":"Carmela","candidato_apellidos":"Effertz","candidato_foto_url":"\/candidatos\/avatar-persona.svg","candidatura_nombre":"PHBCS","candidatura_total_votos_numero":"0","datos_votos":[{"logo_integrante":"\/emblemas\/PH_BCS.png","nombre_integrante":"Carmela","votos_integrante":"sin dato"}]},{"candidato_id":21,"candidato_nombre":"Cara","candidato_apellidos":"Will","candidato_foto_url":"\/candidatos\/avatar-persona.svg","candidatura_nombre":"PNABCS","candidatura_total_votos_numero":"68","datos_votos":[{"logo_integrante":"\/emblemas\/PNABCS.jpeg","nombre_integrante":"Cara","votos_integrante":"68"}]},{"candidato_id":24,"candidato_nombre":"Khalid","candidato_apellidos":"Hill","candidato_foto_url":"\/candidatos\/avatar-persona.svg","candidatura_nombre":"PES","candidatura_total_votos_numero":"62","datos_votos":[{"logo_integrante":"\/emblemas\/PES.png","nombre_integrante":"Khalid","votos_integrante":"62"}]},{"datos_votos":[]},{"datos_votos":[]},{"candidato_id":3,"candidato_nombre":"Winfield","candidato_apellidos":"Tremblay","candidato_foto_url":"\/candidatos\/avatar-persona.svg","candidatura_nombre":"PAN","candidatura_total_votos_numero":"0","datos_votos":[{"logo_integrante":"\/emblemas\/PAN.png","nombre_integrante":"Winfield","votos_integrante":"sin dato"}]},{"candidato_id":14,"candidato_nombre":"Tierra","candidato_apellidos":"Oberbrunner","candidato_foto_url":"\/candidatos\/avatar-persona.svg","candidatura_nombre":"PRI","candidatura_total_votos_numero":"0","datos_votos":[{"logo_integrante":"\/emblemas\/PRI.jpeg","nombre_integrante":"Tierra","votos_integrante":"sin dato"}]},{"candidato_id":37,"candidato_nombre":"Noah","candidato_apellidos":"Stokes","candidato_foto_url":"\/candidatos\/avatar-persona.svg","candidatura_nombre":"PRD","candidatura_total_votos_numero":"0","datos_votos":[{"logo_integrante":"\/emblemas\/PRD.png","nombre_integrante":"Noah","votos_integrante":"sin dato"}]},{"candidato_id":42,"candidato_nombre":"Tabitha","candidato_apellidos":"Terry","candidato_foto_url":"\/candidatos\/avatar-persona.svg","candidatura_nombre":"PT","candidatura_total_votos_numero":"61","datos_votos":[{"logo_integrante":"\/emblemas\/PT.jpeg","nombre_integrante":"Tabitha","votos_integrante":"61"}]},{"candidato_id":6,"candidato_nombre":"Lizzie","candidato_apellidos":"Haag","candidato_foto_url":"\/candidatos\/avatar-persona.svg","candidatura_nombre":"PVEM","candidatura_total_votos_numero":"83","datos_votos":[{"logo_integrante":"\/emblemas\/PVEM.jpeg","nombre_integrante":"Lizzie","votos_integrante":"83"}]},{"candidato_id":11,"candidato_nombre":"Maryjane","candidato_apellidos":"Botsford","candidato_foto_url":"\/candidatos\/avatar-persona.svg","candidatura_nombre":"MC","candidatura_total_votos_numero":"44","datos_votos":[{"logo_integrante":"\/emblemas\/MC.jpeg","nombre_integrante":"Maryjane","votos_integrante":"44"}]},{"candidato_id":28,"candidato_nombre":"Sarah","candidato_apellidos":"Rogahn","candidato_foto_url":"\/candidatos\/avatar-persona.svg","candidatura_nombre":"PRS","candidatura_total_votos_numero":"0","datos_votos":[{"logo_integrante":"\/emblemas\/PRS.png","nombre_integrante":"Sarah","votos_integrante":"sin dato"}]},{"candidato_id":47,"candidato_nombre":"Lesly","candidato_apellidos":"Turner","candidato_foto_url":"\/candidatos\/avatar-persona.svg","candidatura_nombre":"MORENA","candidatura_total_votos_numero":"26","datos_votos":[{"logo_integrante":"\/emblemas\/MORENA.jpeg","nombre_integrante":"Lesly","votos_integrante":"26"}]},{"candidato_id":52,"candidato_nombre":"Lane","candidato_apellidos":"Bosco","candidato_foto_url":"\/candidatos\/avatar-persona.svg","candidatura_nombre":"PHBCS","candidatura_total_votos_numero":"0","datos_votos":[{"logo_integrante":"\/emblemas\/PH_BCS.png","nombre_integrante":"Lane","votos_integrante":"sin dato"}]},{"candidato_id":19,"candidato_nombre":"Marielle","candidato_apellidos":"Schneider","candidato_foto_url":"\/candidatos\/avatar-persona.svg","candidatura_nombre":"PNABCS","candidatura_total_votos_numero":"122","datos_votos":[{"logo_integrante":"\/emblemas\/PNABCS.jpeg","nombre_integrante":"Marielle","votos_integrante":"122"}]},{"candidato_id":26,"candidato_nombre":"Cindy","candidato_apellidos":"Schneider","candidato_foto_url":"\/candidatos\/avatar-persona.svg","candidatura_nombre":"PES","candidatura_total_votos_numero":"97","datos_votos":[{"logo_integrante":"\/emblemas\/PES.png","nombre_integrante":"Cindy","votos_integrante":"97"}]},{"datos_votos":[]},{"candidato_id":35,"candidato_nombre":"Wilbert","candidato_apellidos":"Considine","candidato_foto_url":"\/candidatos\/avatar-persona.svg","candidatura_nombre":"FXM","candidatura_total_votos_numero":"37","datos_votos":[{"logo_integrante":"\/emblemas\/FXM.jpg","nombre_integrante":"Wilbert","votos_integrante":"37"}]},{"candidato_id":56,"candidato_nombre":"Tierras","candidato_apellidos":"Ober","candidato_foto_url":"\/candidatos\/avatar-persona.svg","candidatura_nombre":"PML","candidatura_total_votos_numero":"0","datos_votos":[{"logo_integrante":"\/emblemas\/PML.png","nombre_integrante":"Tierras","votos_integrante":"sin dato"}]},{"candidato_id":2,"candidato_nombre":"Arnulfo","candidato_apellidos":"Stokes","candidato_foto_url":"\/candidatos\/avatar-persona.svg","candidatura_nombre":"PAN","candidatura_total_votos_numero":"0","datos_votos":[{"logo_integrante":"\/emblemas\/PAN.png","nombre_integrante":"Arnulfo","votos_integrante":"sin dato"}]},{"candidato_id":17,"candidato_nombre":"Benjamin","candidato_apellidos":"Russel","candidato_foto_url":"\/candidatos\/avatar-persona.svg","candidatura_nombre":"PRI","candidatura_total_votos_numero":"0","datos_votos":[{"logo_integrante":"\/emblemas\/PRI.jpeg","nombre_integrante":"Benjamin","votos_integrante":"sin dato"}]},{"candidato_id":36,"candidato_nombre":"Ebba","candidato_apellidos":"Rice","candidato_foto_url":"\/candidatos\/avatar-persona.svg","candidatura_nombre":"PRD","candidatura_total_votos_numero":"0","datos_votos":[{"logo_integrante":"\/emblemas\/PRD.png","nombre_integrante":"Ebba","votos_integrante":"sin dato"}]},{"candidato_id":41,"candidato_nombre":"Damon","candidato_apellidos":"Conroy","candidato_foto_url":"\/candidatos\/avatar-persona.svg","candidatura_nombre":"PT","candidatura_total_votos_numero":"21","datos_votos":[{"logo_integrante":"\/emblemas\/PT.jpeg","nombre_integrante":"Damon","votos_integrante":"21"}]},{"candidato_id":9,"candidato_nombre":"Alana","candidato_apellidos":"Schuppe","candidato_foto_url":"\/candidatos\/avatar-persona.svg","candidatura_nombre":"PVEM","candidatura_total_votos_numero":"90","datos_votos":[{"logo_integrante":"\/emblemas\/PVEM.jpeg","nombre_integrante":"Alana","votos_integrante":"90"}]},{"candidato_id":10,"candidato_nombre":"Lenny","candidato_apellidos":"Stracke","candidato_foto_url":"\/candidatos\/avatar-persona.svg","candidatura_nombre":"MC","candidatura_total_votos_numero":"158","datos_votos":[{"logo_integrante":"\/emblemas\/MC.jpeg","nombre_integrante":"Lenny","votos_integrante":"158"}]},{"candidato_id":27,"candidato_nombre":"Cassandre","candidato_apellidos":"Champlin","candidato_foto_url":"\/candidatos\/avatar-persona.svg","candidatura_nombre":"PRS","candidatura_total_votos_numero":"0","datos_votos":[{"logo_integrante":"\/emblemas\/PRS.png","nombre_integrante":"Cassandre","votos_integrante":"sin dato"}]},{"candidato_id":46,"candidato_nombre":"Brennon","candidato_apellidos":"Kirlin","candidato_foto_url":"\/candidatos\/avatar-persona.svg","candidatura_nombre":"MORENA","candidatura_total_votos_numero":"12","datos_votos":[{"logo_integrante":"\/emblemas\/MORENA.jpeg","nombre_integrante":"Brennon","votos_integrante":"12"}]},{"candidato_id":51,"candidato_nombre":"Aubree","candidato_apellidos":"Murphy","candidato_foto_url":"\/candidatos\/avatar-persona.svg","candidatura_nombre":"PHBCS","candidatura_total_votos_numero":"0","datos_votos":[{"logo_integrante":"\/emblemas\/PH_BCS.png","nombre_integrante":"Aubree","votos_integrante":"sin dato"}]},{"candidato_id":18,"candidato_nombre":"Mollie","candidato_apellidos":"Heller","candidato_foto_url":"\/candidatos\/avatar-persona.svg","candidatura_nombre":"PNABCS","candidatura_total_votos_numero":"96","datos_votos":[{"logo_integrante":"\/emblemas\/PNABCS.jpeg","nombre_integrante":"Mollie","votos_integrante":"96"}]},{"candidato_id":25,"candidato_nombre":"Minerva","candidato_apellidos":"Fadel","candidato_foto_url":"\/candidatos\/avatar-persona.svg","candidatura_nombre":"PES","candidatura_total_votos_numero":"5","datos_votos":[{"logo_integrante":"\/emblemas\/PES.png","nombre_integrante":"Minerva","votos_integrante":"5"}]},{"datos_votos":[]},{"candidato_id":34,"candidato_nombre":"Makenzie","candidato_apellidos":"Rohan","candidato_foto_url":"\/candidatos\/avatar-persona.svg","candidatura_nombre":"FXM","candidatura_total_votos_numero":"49","datos_votos":[{"logo_integrante":"\/emblemas\/FXM.jpg","nombre_integrante":"Makenzie","votos_integrante":"49"}]},{"candidato_id":59,"candidato_nombre":"Benjamin","candidato_apellidos":"Russelini","candidato_foto_url":"\/candidatos\/avatar-persona.svg","candidatura_nombre":"PML","candidatura_total_votos_numero":"0","datos_votos":[{"logo_integrante":"\/emblemas\/PML.png","nombre_integrante":"Benjamin","votos_integrante":"sin dato"}]}]},{"municipio_id":5,"municipio_nombre":"LORETO","datos_candidatos":[{"candidato_id":4,"candidato_nombre":"Nigel","candidato_apellidos":"Ledner","candidato_foto_url":"\/candidatos\/avatar-persona.svg","candidatura_nombre":"PAN","candidatura_total_votos_numero":"0","datos_votos":[{"logo_integrante":"\/emblemas\/PAN.png","nombre_integrante":"Nigel","votos_integrante":"sin dato"}]},{"candidato_id":15,"candidato_nombre":"Kylee","candidato_apellidos":"Lakin","candidato_foto_url":"\/candidatos\/avatar-persona.svg","candidatura_nombre":"PRI","candidatura_total_votos_numero":"0","datos_votos":[{"logo_integrante":"\/emblemas\/PRI.jpeg","nombre_integrante":"Kylee","votos_integrante":"sin dato"}]},{"candidato_id":39,"candidato_nombre":"Robbie","candidato_apellidos":"Brekke","candidato_foto_url":"\/candidatos\/avatar-persona.svg","candidatura_nombre":"PRD","candidatura_total_votos_numero":"0","datos_votos":[{"logo_integrante":"\/emblemas\/PRD.png","nombre_integrante":"Robbie","votos_integrante":"sin dato"}]},{"candidato_id":44,"candidato_nombre":"Nettie","candidato_apellidos":"OConnell","candidato_foto_url":"\/candidatos\/avatar-persona.svg","candidatura_nombre":"PT","candidatura_total_votos_numero":"11","datos_votos":[{"logo_integrante":"\/emblemas\/PT.jpeg","nombre_integrante":"Nettie","votos_integrante":"11"}]},{"candidato_id":7,"candidato_nombre":"Katlynn","candidato_apellidos":"Lebsack","candidato_foto_url":"\/candidatos\/avatar-persona.svg","candidatura_nombre":"PVEM","candidatura_total_votos_numero":"27","datos_votos":[{"logo_integrante":"\/emblemas\/PVEM.jpeg","nombre_integrante":"Katlynn","votos_integrante":"27"}]},{"candidato_id":12,"candidato_nombre":"Ruth","candidato_apellidos":"Koepp","candidato_foto_url":"\/candidatos\/avatar-persona.svg","candidatura_nombre":"MC","candidatura_total_votos_numero":"35","datos_votos":[{"logo_integrante":"\/emblemas\/MC.jpeg","nombre_integrante":"Ruth","votos_integrante":"35"}]},{"candidato_id":29,"candidato_nombre":"Aaron","candidato_apellidos":"Rodriguez","candidato_foto_url":"\/candidatos\/avatar-persona.svg","candidatura_nombre":"PRS","candidatura_total_votos_numero":"0","datos_votos":[{"logo_integrante":"\/emblemas\/PRS.png","nombre_integrante":"Aaron","votos_integrante":"sin dato"}]},{"candidato_id":49,"candidato_nombre":"Emmalee","candidato_apellidos":"Murray","candidato_foto_url":"\/candidatos\/avatar-persona.svg","candidatura_nombre":"MORENA","candidatura_total_votos_numero":"0","datos_votos":[{"logo_integrante":"\/emblemas\/MORENA.jpeg","nombre_integrante":"Emmalee","votos_integrante":"sin dato"}]},{"candidato_id":54,"candidato_nombre":"Jimmy","candidato_apellidos":"Cremin","candidato_foto_url":"\/candidatos\/avatar-persona.svg","candidatura_nombre":"PHBCS","candidatura_total_votos_numero":"0","datos_votos":[{"logo_integrante":"\/emblemas\/PH_BCS.png","nombre_integrante":"Jimmy","votos_integrante":"sin dato"}]},{"candidato_id":20,"candidato_nombre":"Elmo","candidato_apellidos":"Block","candidato_foto_url":"\/candidatos\/avatar-persona.svg","candidatura_nombre":"PNABCS","candidatura_total_votos_numero":"65","datos_votos":[{"logo_integrante":"\/emblemas\/PNABCS.jpeg","nombre_integrante":"Elmo","votos_integrante":"65"}]},{"candidato_id":22,"candidato_nombre":"Efren","candidato_apellidos":"Quitzon","candidato_foto_url":"\/candidatos\/avatar-persona.svg","candidatura_nombre":"PES","candidatura_total_votos_numero":"55","datos_votos":[{"logo_integrante":"\/emblemas\/PES.png","nombre_integrante":"Efren","votos_integrante":"55"}]},{"datos_votos":[]},{"candidato_id":32,"candidato_nombre":"Myrtice","candidato_apellidos":"Heidenreich","candidato_foto_url":"\/candidatos\/avatar-persona.svg","candidatura_nombre":"FXM","candidatura_total_votos_numero":"0","datos_votos":[{"logo_integrante":"\/emblemas\/FXM.jpg","nombre_integrante":"Myrtice","votos_integrante":"sin dato"}]},{"candidato_id":57,"candidato_nombre":"Kyle","candidato_apellidos":"Laking","candidato_foto_url":"\/candidatos\/avatar-persona.svg","candidatura_nombre":"PML","candidatura_total_votos_numero":"0","datos_votos":[{"logo_integrante":"\/emblemas\/PML.png","nombre_integrante":"Kyle","votos_integrante":"sin dato"}]},{"datos_votos":[]},{"datos_votos":[]},{"datos_votos":[]},{"candidato_id":43,"candidato_nombre":"Flavio","candidato_apellidos":"Bauch","candidato_foto_url":"\/candidatos\/avatar-persona.svg","candidatura_nombre":"PT","candidatura_total_votos_numero":"42","datos_votos":[{"logo_integrante":"\/emblemas\/PT.jpeg","nombre_integrante":"Flavio","votos_integrante":"42"}]},{"datos_votos":[]},{"candidato_id":48,"candidato_nombre":"Nettie","candidato_apellidos":"Dooley","candidato_foto_url":"\/candidatos\/avatar-persona.svg","candidatura_nombre":"MORENA","candidatura_total_votos_numero":"27","datos_votos":[{"logo_integrante":"\/emblemas\/MORENA.jpeg","nombre_integrante":"Nettie","votos_integrante":"27"}]},{"candidato_id":53,"candidato_nombre":"Carmela","candidato_apellidos":"Effertz","candidato_foto_url":"\/candidatos\/avatar-persona.svg","candidatura_nombre":"PHBCS","candidatura_total_votos_numero":"0","datos_votos":[{"logo_integrante":"\/emblemas\/PH_BCS.png","nombre_integrante":"Carmela","votos_integrante":"sin dato"}]},{"candidato_id":21,"candidato_nombre":"Cara","candidato_apellidos":"Will","candidato_foto_url":"\/candidatos\/avatar-persona.svg","candidatura_nombre":"PNABCS","candidatura_total_votos_numero":"68","datos_votos":[{"logo_integrante":"\/emblemas\/PNABCS.jpeg","nombre_integrante":"Cara","votos_integrante":"68"}]},{"candidato_id":24,"candidato_nombre":"Khalid","candidato_apellidos":"Hill","candidato_foto_url":"\/candidatos\/avatar-persona.svg","candidatura_nombre":"PES","candidatura_total_votos_numero":"62","datos_votos":[{"logo_integrante":"\/emblemas\/PES.png","nombre_integrante":"Khalid","votos_integrante":"62"}]},{"datos_votos":[]},{"datos_votos":[]},{"candidato_id":3,"candidato_nombre":"Winfield","candidato_apellidos":"Tremblay","candidato_foto_url":"\/candidatos\/avatar-persona.svg","candidatura_nombre":"PAN","candidatura_total_votos_numero":"0","datos_votos":[{"logo_integrante":"\/emblemas\/PAN.png","nombre_integrante":"Winfield","votos_integrante":"sin dato"}]},{"candidato_id":14,"candidato_nombre":"Tierra","candidato_apellidos":"Oberbrunner","candidato_foto_url":"\/candidatos\/avatar-persona.svg","candidatura_nombre":"PRI","candidatura_total_votos_numero":"0","datos_votos":[{"logo_integrante":"\/emblemas\/PRI.jpeg","nombre_integrante":"Tierra","votos_integrante":"sin dato"}]},{"candidato_id":37,"candidato_nombre":"Noah","candidato_apellidos":"Stokes","candidato_foto_url":"\/candidatos\/avatar-persona.svg","candidatura_nombre":"PRD","candidatura_total_votos_numero":"0","datos_votos":[{"logo_integrante":"\/emblemas\/PRD.png","nombre_integrante":"Noah","votos_integrante":"sin dato"}]},{"candidato_id":42,"candidato_nombre":"Tabitha","candidato_apellidos":"Terry","candidato_foto_url":"\/candidatos\/avatar-persona.svg","candidatura_nombre":"PT","candidatura_total_votos_numero":"61","datos_votos":[{"logo_integrante":"\/emblemas\/PT.jpeg","nombre_integrante":"Tabitha","votos_integrante":"61"}]},{"candidato_id":6,"candidato_nombre":"Lizzie","candidato_apellidos":"Haag","candidato_foto_url":"\/candidatos\/avatar-persona.svg","candidatura_nombre":"PVEM","candidatura_total_votos_numero":"83","datos_votos":[{"logo_integrante":"\/emblemas\/PVEM.jpeg","nombre_integrante":"Lizzie","votos_integrante":"83"}]},{"candidato_id":11,"candidato_nombre":"Maryjane","candidato_apellidos":"Botsford","candidato_foto_url":"\/candidatos\/avatar-persona.svg","candidatura_nombre":"MC","candidatura_total_votos_numero":"44","datos_votos":[{"logo_integrante":"\/emblemas\/MC.jpeg","nombre_integrante":"Maryjane","votos_integrante":"44"}]},{"candidato_id":28,"candidato_nombre":"Sarah","candidato_apellidos":"Rogahn","candidato_foto_url":"\/candidatos\/avatar-persona.svg","candidatura_nombre":"PRS","candidatura_total_votos_numero":"0","datos_votos":[{"logo_integrante":"\/emblemas\/PRS.png","nombre_integrante":"Sarah","votos_integrante":"sin dato"}]},{"candidato_id":47,"candidato_nombre":"Lesly","candidato_apellidos":"Turner","candidato_foto_url":"\/candidatos\/avatar-persona.svg","candidatura_nombre":"MORENA","candidatura_total_votos_numero":"26","datos_votos":[{"logo_integrante":"\/emblemas\/MORENA.jpeg","nombre_integrante":"Lesly","votos_integrante":"26"}]},{"candidato_id":52,"candidato_nombre":"Lane","candidato_apellidos":"Bosco","candidato_foto_url":"\/candidatos\/avatar-persona.svg","candidatura_nombre":"PHBCS","candidatura_total_votos_numero":"0","datos_votos":[{"logo_integrante":"\/emblemas\/PH_BCS.png","nombre_integrante":"Lane","votos_integrante":"sin dato"}]},{"candidato_id":19,"candidato_nombre":"Marielle","candidato_apellidos":"Schneider","candidato_foto_url":"\/candidatos\/avatar-persona.svg","candidatura_nombre":"PNABCS","candidatura_total_votos_numero":"122","datos_votos":[{"logo_integrante":"\/emblemas\/PNABCS.jpeg","nombre_integrante":"Marielle","votos_integrante":"122"}]},{"candidato_id":26,"candidato_nombre":"Cindy","candidato_apellidos":"Schneider","candidato_foto_url":"\/candidatos\/avatar-persona.svg","candidatura_nombre":"PES","candidatura_total_votos_numero":"97","datos_votos":[{"logo_integrante":"\/emblemas\/PES.png","nombre_integrante":"Cindy","votos_integrante":"97"}]},{"datos_votos":[]},{"candidato_id":35,"candidato_nombre":"Wilbert","candidato_apellidos":"Considine","candidato_foto_url":"\/candidatos\/avatar-persona.svg","candidatura_nombre":"FXM","candidatura_total_votos_numero":"37","datos_votos":[{"logo_integrante":"\/emblemas\/FXM.jpg","nombre_integrante":"Wilbert","votos_integrante":"37"}]},{"candidato_id":56,"candidato_nombre":"Tierras","candidato_apellidos":"Ober","candidato_foto_url":"\/candidatos\/avatar-persona.svg","candidatura_nombre":"PML","candidatura_total_votos_numero":"0","datos_votos":[{"logo_integrante":"\/emblemas\/PML.png","nombre_integrante":"Tierras","votos_integrante":"sin dato"}]},{"candidato_id":2,"candidato_nombre":"Arnulfo","candidato_apellidos":"Stokes","candidato_foto_url":"\/candidatos\/avatar-persona.svg","candidatura_nombre":"PAN","candidatura_total_votos_numero":"0","datos_votos":[{"logo_integrante":"\/emblemas\/PAN.png","nombre_integrante":"Arnulfo","votos_integrante":"sin dato"}]},{"candidato_id":17,"candidato_nombre":"Benjamin","candidato_apellidos":"Russel","candidato_foto_url":"\/candidatos\/avatar-persona.svg","candidatura_nombre":"PRI","candidatura_total_votos_numero":"0","datos_votos":[{"logo_integrante":"\/emblemas\/PRI.jpeg","nombre_integrante":"Benjamin","votos_integrante":"sin dato"}]},{"candidato_id":36,"candidato_nombre":"Ebba","candidato_apellidos":"Rice","candidato_foto_url":"\/candidatos\/avatar-persona.svg","candidatura_nombre":"PRD","candidatura_total_votos_numero":"0","datos_votos":[{"logo_integrante":"\/emblemas\/PRD.png","nombre_integrante":"Ebba","votos_integrante":"sin dato"}]},{"candidato_id":41,"candidato_nombre":"Damon","candidato_apellidos":"Conroy","candidato_foto_url":"\/candidatos\/avatar-persona.svg","candidatura_nombre":"PT","candidatura_total_votos_numero":"21","datos_votos":[{"logo_integrante":"\/emblemas\/PT.jpeg","nombre_integrante":"Damon","votos_integrante":"21"}]},{"candidato_id":9,"candidato_nombre":"Alana","candidato_apellidos":"Schuppe","candidato_foto_url":"\/candidatos\/avatar-persona.svg","candidatura_nombre":"PVEM","candidatura_total_votos_numero":"90","datos_votos":[{"logo_integrante":"\/emblemas\/PVEM.jpeg","nombre_integrante":"Alana","votos_integrante":"90"}]},{"candidato_id":10,"candidato_nombre":"Lenny","candidato_apellidos":"Stracke","candidato_foto_url":"\/candidatos\/avatar-persona.svg","candidatura_nombre":"MC","candidatura_total_votos_numero":"158","datos_votos":[{"logo_integrante":"\/emblemas\/MC.jpeg","nombre_integrante":"Lenny","votos_integrante":"158"}]},{"candidato_id":27,"candidato_nombre":"Cassandre","candidato_apellidos":"Champlin","candidato_foto_url":"\/candidatos\/avatar-persona.svg","candidatura_nombre":"PRS","candidatura_total_votos_numero":"0","datos_votos":[{"logo_integrante":"\/emblemas\/PRS.png","nombre_integrante":"Cassandre","votos_integrante":"sin dato"}]},{"candidato_id":46,"candidato_nombre":"Brennon","candidato_apellidos":"Kirlin","candidato_foto_url":"\/candidatos\/avatar-persona.svg","candidatura_nombre":"MORENA","candidatura_total_votos_numero":"12","datos_votos":[{"logo_integrante":"\/emblemas\/MORENA.jpeg","nombre_integrante":"Brennon","votos_integrante":"12"}]},{"candidato_id":51,"candidato_nombre":"Aubree","candidato_apellidos":"Murphy","candidato_foto_url":"\/candidatos\/avatar-persona.svg","candidatura_nombre":"PHBCS","candidatura_total_votos_numero":"0","datos_votos":[{"logo_integrante":"\/emblemas\/PH_BCS.png","nombre_integrante":"Aubree","votos_integrante":"sin dato"}]},{"candidato_id":18,"candidato_nombre":"Mollie","candidato_apellidos":"Heller","candidato_foto_url":"\/candidatos\/avatar-persona.svg","candidatura_nombre":"PNABCS","candidatura_total_votos_numero":"96","datos_votos":[{"logo_integrante":"\/emblemas\/PNABCS.jpeg","nombre_integrante":"Mollie","votos_integrante":"96"}]},{"candidato_id":25,"candidato_nombre":"Minerva","candidato_apellidos":"Fadel","candidato_foto_url":"\/candidatos\/avatar-persona.svg","candidatura_nombre":"PES","candidatura_total_votos_numero":"5","datos_votos":[{"logo_integrante":"\/emblemas\/PES.png","nombre_integrante":"Minerva","votos_integrante":"5"}]},{"datos_votos":[]},{"candidato_id":34,"candidato_nombre":"Makenzie","candidato_apellidos":"Rohan","candidato_foto_url":"\/candidatos\/avatar-persona.svg","candidatura_nombre":"FXM","candidatura_total_votos_numero":"49","datos_votos":[{"logo_integrante":"\/emblemas\/FXM.jpg","nombre_integrante":"Makenzie","votos_integrante":"49"}]},{"candidato_id":59,"candidato_nombre":"Benjamin","candidato_apellidos":"Russelini","candidato_foto_url":"\/candidatos\/avatar-persona.svg","candidatura_nombre":"PML","candidatura_total_votos_numero":"0","datos_votos":[{"logo_integrante":"\/emblemas\/PML.png","nombre_integrante":"Benjamin","votos_integrante":"sin dato"}]},{"candidato_id":5,"candidato_nombre":"Bradford","candidato_apellidos":"Becker","candidato_foto_url":"\/candidatos\/avatar-persona.svg","candidatura_nombre":"PAN","candidatura_total_votos_numero":"0","datos_votos":[{"logo_integrante":"\/emblemas\/PAN.png","nombre_integrante":"Bradford","votos_integrante":"sin dato"}]},{"candidato_id":40,"candidato_nombre":"Cassandre","candidato_apellidos":"Rohan","candidato_foto_url":"\/candidatos\/avatar-persona.svg","candidatura_nombre":"PRD","candidatura_total_votos_numero":"0","datos_votos":[{"logo_integrante":"\/emblemas\/PRD.png","nombre_integrante":"Cassandre","votos_integrante":"sin dato"}]},{"candidato_id":45,"candidato_nombre":"Cortez","candidato_apellidos":"Hettinger","candidato_foto_url":"\/candidatos\/avatar-persona.svg","candidatura_nombre":"PT","candidatura_total_votos_numero":"26","datos_votos":[{"logo_integrante":"\/emblemas\/PT.jpeg","nombre_integrante":"Cortez","votos_integrante":"26"}]},{"candidato_id":8,"candidato_nombre":"Carolyn","candidato_apellidos":"Leuschke","candidato_foto_url":"\/candidatos\/avatar-persona.svg","candidatura_nombre":"PVEM","candidatura_total_votos_numero":"81","datos_votos":[{"logo_integrante":"\/emblemas\/PVEM.jpeg","nombre_integrante":"Carolyn","votos_integrante":"81"}]},{"candidato_id":13,"candidato_nombre":"Mitchell","candidato_apellidos":"Cole","candidato_foto_url":"\/candidatos\/avatar-persona.svg","candidatura_nombre":"MC","candidatura_total_votos_numero":"48","datos_votos":[{"logo_integrante":"\/emblemas\/MC.jpeg","nombre_integrante":"Mitchell","votos_integrante":"48"}]},{"candidato_id":30,"candidato_nombre":"Selina","candidato_apellidos":"Mann","candidato_foto_url":"\/candidatos\/avatar-persona.svg","candidatura_nombre":"PRS","candidatura_total_votos_numero":"0","datos_votos":[{"logo_integrante":"\/emblemas\/PRS.png","nombre_integrante":"Selina","votos_integrante":"sin dato"}]},{"candidato_id":50,"candidato_nombre":"Emmy","candidato_apellidos":"Spencer","candidato_foto_url":"\/candidatos\/avatar-persona.svg","candidatura_nombre":"MORENA","candidatura_total_votos_numero":"17","datos_votos":[{"logo_integrante":"\/emblemas\/MORENA.jpeg","nombre_integrante":"Emmy","votos_integrante":"17"}]},{"datos_votos":[]},{"candidato_id":23,"candidato_nombre":"Fatima","candidato_apellidos":"Keeling","candidato_foto_url":"\/candidatos\/avatar-persona.svg","candidatura_nombre":"PES","candidatura_total_votos_numero":"65","datos_votos":[{"logo_integrante":"\/emblemas\/PES.png","nombre_integrante":"Fatima","votos_integrante":"65"}]},{"datos_votos":[]},{"candidato_id":33,"candidato_nombre":"Nova","candidato_apellidos":"Grant","candidato_foto_url":"\/candidatos\/avatar-persona.svg","candidatura_nombre":"FXM","candidatura_total_votos_numero":"47","datos_votos":[{"logo_integrante":"\/emblemas\/FXM.jpg","nombre_integrante":"Nova","votos_integrante":"47"}]}]}]}