{"fecha_ultimo_corte":"27 Enero 2024","hora_local":"22:38 h UTC-7","tipo_eleccion":"Ayuntamiento","nombre_archivo_json":"ayuntamiento_resumen_votacion_nivel_entidad.json","total_votos_por_entidad_numero":"136,291","total_votos_por_entidad_porcentaje":"79.7957","total_votos_candidatura_noregistrada_numero":"32,936","total_votos_candidatura_noregistrada_porcentaje":"19.2834","total_votos_nulos_numero":"1,573","total_votos_nulos_porcentaje":"0.9210","total_votos_general_numero":"170,800","total_votos_general_porcentaje":"100.0000"}