{"fecha_ultimo_corte":"27 Enero 2024","hora_local":"22:38 h UTC-7","tipo_eleccion":"Ayuntamiento","nombre_archivo_json":"ayuntamiento_estadistica_votacion_nivel_municipio.json","municipios":[{"municipio_id":1,"municipio_nombre":"COMOND\u00da","actas_esperadas_numero":"115","actas_esperadas_porcentaje":"100","actas_esperadas_recibidas_numero":"0","actas_esperadas_recibidas_porcentaje":"0","actas_capturadas_numero":"0","actas_capturadas_porcentaje":"0","actas_contabilizadas_numero":"0","actas_contabilizadas_porcentaje":"0","valor_lista_nominal_actas_contabilizadas_numero":"0","valor_lista_nominal_actas_contabilizadas_porcentaje":"0.0000","participacion_ciudadana_numero":"0","participacion_ciudadana_porcentaje":"0.0000"},{"municipio_id":2,"municipio_nombre":"MULEG\u00c9","actas_esperadas_numero":"87","actas_esperadas_porcentaje":"100","actas_esperadas_recibidas_numero":"0","actas_esperadas_recibidas_porcentaje":"0","actas_capturadas_numero":"0","actas_capturadas_porcentaje":"0","actas_contabilizadas_numero":"0","actas_contabilizadas_porcentaje":"0","valor_lista_nominal_actas_contabilizadas_numero":"0","valor_lista_nominal_actas_contabilizadas_porcentaje":"0.0000","participacion_ciudadana_numero":"0","participacion_ciudadana_porcentaje":"0.0000"},{"municipio_id":3,"municipio_nombre":"LA PAZ","actas_esperadas_numero":"410","actas_esperadas_porcentaje":"100","actas_esperadas_recibidas_numero":"0","actas_esperadas_recibidas_porcentaje":"0","actas_capturadas_numero":"0","actas_capturadas_porcentaje":"0","actas_contabilizadas_numero":"0","actas_contabilizadas_porcentaje":"0","valor_lista_nominal_actas_contabilizadas_numero":"0","valor_lista_nominal_actas_contabilizadas_porcentaje":"0.0000","participacion_ciudadana_numero":"0","participacion_ciudadana_porcentaje":"0.0000"},{"municipio_id":4,"municipio_nombre":"LOS CABOS","actas_esperadas_numero":"392","actas_esperadas_porcentaje":"100","actas_esperadas_recibidas_numero":"0","actas_esperadas_recibidas_porcentaje":"0","actas_capturadas_numero":"0","actas_capturadas_porcentaje":"0","actas_contabilizadas_numero":"0","actas_contabilizadas_porcentaje":"0","valor_lista_nominal_actas_contabilizadas_numero":"0","valor_lista_nominal_actas_contabilizadas_porcentaje":"0.0000","participacion_ciudadana_numero":"0","participacion_ciudadana_porcentaje":"0.0000"},{"municipio_id":5,"municipio_nombre":"LORETO","actas_esperadas_numero":"26","actas_esperadas_porcentaje":"100","actas_esperadas_recibidas_numero":"0","actas_esperadas_recibidas_porcentaje":"0","actas_capturadas_numero":"0","actas_capturadas_porcentaje":"0","actas_contabilizadas_numero":"0","actas_contabilizadas_porcentaje":"0","valor_lista_nominal_actas_contabilizadas_numero":"0","valor_lista_nominal_actas_contabilizadas_porcentaje":"0.0000","participacion_ciudadana_numero":"0","participacion_ciudadana_porcentaje":"0.0000"}]}