{"fecha_utimo_corte":"27 Enero 2024","hora_local":"22:38 h UTC-7","tipo_eleccion":"Ayuntamiento","nombre_archivo_json":"ayuntamiento_votos_municipios_obtenidos_vista_mapa_tarjetas_nivel_entidad.json","datos_municipios":[{"municipio_id":1,"municipio_nombre":"COMOND\u00da","candidatura_id_ganadora":0,"candidatura_ganadora_nombre":"sin dato","candidatura_ganadora_logo":"sin dato","candidatura_ganadora_color":"#888B89"},{"municipio_id":2,"municipio_nombre":"MULEG\u00c9","candidatura_id_ganadora":0,"candidatura_ganadora_nombre":"sin dato","candidatura_ganadora_logo":"sin dato","candidatura_ganadora_color":"#888B89"},{"municipio_id":3,"municipio_nombre":"LA PAZ","candidatura_id_ganadora":0,"candidatura_ganadora_nombre":"sin dato","candidatura_ganadora_logo":"sin dato","candidatura_ganadora_color":"#888B89"},{"municipio_id":4,"municipio_nombre":"LOS CABOS","candidatura_id_ganadora":0,"candidatura_ganadora_nombre":"sin dato","candidatura_ganadora_logo":"sin dato","candidatura_ganadora_color":"#888B89"},{"municipio_id":5,"municipio_nombre":"LORETO","candidatura_id_ganadora":0,"candidatura_ganadora_nombre":"sin dato","candidatura_ganadora_logo":"sin dato","candidatura_ganadora_color":"#888B89"}]}