{"fecha_utimo_corte":"27 Enero 2024","hora_local":"22:38 h UTC-7","tipo_eleccion":"Diputaciones","nombre_archivo_json":"diputaciones_votos_distritos_obtenidos_vista_mapa_tarjetas_nivel_entidad.json","datos_distritos":[{"distrito_id":"1","distrito_nombre":"Consejo Distrital Electoral 1","candidatura_id_ganadora":13,"candidatura_ganadora_nombre":"PES","candidatura_ganadora_logo":"\/emblemas\/PES.png","candidatura_ganadora_color":"#924F9D"},{"distrito_id":"2","distrito_nombre":"Consejo Distrital Electoral 2","candidatura_id_ganadora":6,"candidatura_ganadora_nombre":"PVEM","candidatura_ganadora_logo":"\/emblemas\/PVEM.jpeg","candidatura_ganadora_color":"#2B7621"},{"distrito_id":"3","distrito_nombre":"Consejo Distrital Electoral 3","candidatura_id_ganadora":0,"candidatura_ganadora_nombre":"sin dato","candidatura_ganadora_logo":"sin dato","candidatura_ganadora_color":"#888B89"},{"distrito_id":"4","distrito_nombre":"Consejo Distrital Electoral 4","candidatura_id_ganadora":0,"candidatura_ganadora_nombre":"sin dato","candidatura_ganadora_logo":"sin dato","candidatura_ganadora_color":"#888B89"},{"distrito_id":"5","distrito_nombre":"Consejo Distrital Electoral 5","candidatura_id_ganadora":0,"candidatura_ganadora_nombre":"sin dato","candidatura_ganadora_logo":"sin dato","candidatura_ganadora_color":"#888B89"},{"distrito_id":"6","distrito_nombre":"Consejo Distrital Electoral 6","candidatura_id_ganadora":0,"candidatura_ganadora_nombre":"sin dato","candidatura_ganadora_logo":"sin dato","candidatura_ganadora_color":"#888B89"},{"distrito_id":"7","distrito_nombre":"Consejo Distrital Electoral 7","candidatura_id_ganadora":0,"candidatura_ganadora_nombre":"sin dato","candidatura_ganadora_logo":"sin dato","candidatura_ganadora_color":"#888B89"},{"distrito_id":"8","distrito_nombre":"Consejo Distrital Electoral 8","candidatura_id_ganadora":0,"candidatura_ganadora_nombre":"sin dato","candidatura_ganadora_logo":"sin dato","candidatura_ganadora_color":"#888B89"},{"distrito_id":"9","distrito_nombre":"Consejo Distrital Electoral 9","candidatura_id_ganadora":0,"candidatura_ganadora_nombre":"sin dato","candidatura_ganadora_logo":"sin dato","candidatura_ganadora_color":"#888B89"},{"distrito_id":"10","distrito_nombre":"Consejo Distrital Electoral 10","candidatura_id_ganadora":0,"candidatura_ganadora_nombre":"sin dato","candidatura_ganadora_logo":"sin dato","candidatura_ganadora_color":"#888B89"},{"distrito_id":"11","distrito_nombre":"Consejo Distrital Electoral 11","candidatura_id_ganadora":0,"candidatura_ganadora_nombre":"sin dato","candidatura_ganadora_logo":"sin dato","candidatura_ganadora_color":"#888B89"},{"distrito_id":"12","distrito_nombre":"Consejo Distrital Electoral 12","candidatura_id_ganadora":0,"candidatura_ganadora_nombre":"sin dato","candidatura_ganadora_logo":"sin dato","candidatura_ganadora_color":"#888B89"},{"distrito_id":"13","distrito_nombre":"Consejo Distrital Electoral 13","candidatura_id_ganadora":0,"candidatura_ganadora_nombre":"sin dato","candidatura_ganadora_logo":"sin dato","candidatura_ganadora_color":"#888B89"},{"distrito_id":"14","distrito_nombre":"Consejo Distrital Electoral 14","candidatura_id_ganadora":0,"candidatura_ganadora_nombre":"sin dato","candidatura_ganadora_logo":"sin dato","candidatura_ganadora_color":"#888B89"},{"distrito_id":"15","distrito_nombre":"Consejo Distrital Electoral 15","candidatura_id_ganadora":0,"candidatura_ganadora_nombre":"sin dato","candidatura_ganadora_logo":"sin dato","candidatura_ganadora_color":"#888B89"},{"distrito_id":"16","distrito_nombre":"Consejo Distrital Electoral 16","candidatura_id_ganadora":0,"candidatura_ganadora_nombre":"sin dato","candidatura_ganadora_logo":"sin dato","candidatura_ganadora_color":"#888B89"}]}