{"fecha_utimo_corte":"27 Enero 2024","hora_local":"22:38 h UTC-7","tipo_eleccion":"Diputaciones","nombre_archivo_json":"diputaciones_votos_partidos_politicos_vista_tarjetas_nivel_entidad.json","partidos":[{"partido_id":2,"partido_nombre":"PAN","partido_logo":"\/emblemas\/PAN.png","partido_total_votos_general_numero":"0","partido_total_votos_general_porcentaje":"0.0000","seleccionado":false},{"partido_id":3,"partido_nombre":"PRI","partido_logo":"\/emblemas\/PRI.jpeg","partido_total_votos_general_numero":"0","partido_total_votos_general_porcentaje":"0.0000","seleccionado":false},{"partido_id":4,"partido_nombre":"PRD","partido_logo":"\/emblemas\/PRD.png","partido_total_votos_general_numero":"0","partido_total_votos_general_porcentaje":"0.0000","seleccionado":false},{"partido_id":5,"partido_nombre":"PT","partido_logo":"\/emblemas\/PT.jpeg","partido_total_votos_general_numero":"16,274","partido_total_votos_general_porcentaje":"8.4174","seleccionado":false},{"partido_id":6,"partido_nombre":"PVEM","partido_logo":"\/emblemas\/PVEM.jpeg","partido_total_votos_general_numero":"23,212","partido_total_votos_general_porcentaje":"12.0060","seleccionado":false},{"partido_id":7,"partido_nombre":"MC","partido_logo":"\/emblemas\/MC.jpeg","partido_total_votos_general_numero":"23,394","partido_total_votos_general_porcentaje":"12.1001","seleccionado":false},{"partido_id":8,"partido_nombre":"PRS","partido_logo":"\/emblemas\/PRS.png","partido_total_votos_general_numero":"0","partido_total_votos_general_porcentaje":"0.0000","seleccionado":false},{"partido_id":9,"partido_nombre":"MORENA","partido_logo":"\/emblemas\/MORENA.jpeg","partido_total_votos_general_numero":"8,014","partido_total_votos_general_porcentaje":"4.1451","seleccionado":false},{"partido_id":10,"partido_nombre":"PHBCS","partido_logo":"\/emblemas\/PH_BCS.png","partido_total_votos_general_numero":"0","partido_total_votos_general_porcentaje":"0.0000","seleccionado":false},{"partido_id":11,"partido_nombre":"BCSC","partido_logo":"\/emblemas\/BCSC.jpeg","partido_total_votos_general_numero":"23,969","partido_total_votos_general_porcentaje":"12.3975","seleccionado":false},{"partido_id":12,"partido_nombre":"PNABCS","partido_logo":"\/emblemas\/PNABCS.jpeg","partido_total_votos_general_numero":"24,210","partido_total_votos_general_porcentaje":"12.5222","seleccionado":false},{"partido_id":13,"partido_nombre":"PES","partido_logo":"\/emblemas\/PES.png","partido_total_votos_general_numero":"24,948","partido_total_votos_general_porcentaje":"12.9039","seleccionado":false},{"partido_id":14,"partido_nombre":"RSP","partido_logo":"\/emblemas\/RSP.jpeg","partido_total_votos_general_numero":"24,548","partido_total_votos_general_porcentaje":"12.6970","seleccionado":false},{"partido_id":15,"partido_nombre":"FXM","partido_logo":"\/emblemas\/FXM.jpg","partido_total_votos_general_numero":"24,768","partido_total_votos_general_porcentaje":"12.8108","seleccionado":false},{"partido_id":16,"partido_nombre":"PML","partido_logo":"\/emblemas\/PML.png","partido_total_votos_general_numero":"0","partido_total_votos_general_porcentaje":"0.0000","seleccionado":false},{"partido_id":21,"partido_nombre":"PT-MORENA","partido_logo":"\/emblemas\/PT-MORENA.jpeg","partido_total_votos_general_numero":"0","partido_total_votos_general_porcentaje":"0.0000","seleccionado":false}]}