{"fecha_ultimo_corte":"27 Enero 2024","hora_local":"22:38 h UTC-7","tipo_eleccion":"Diputaciones","nombre_archivo_json":"diputaciones_estadistica_votacion_nivel_distrito.json","distritos":[{"distrito_id":"1","actas_esperadas_numero":"65","actas_esperadas_porcentaje":"100.0000","actas_esperadas_recibidas_numero":"17","actas_esperadas_recibidas_porcentaje":"26.1538","actas_capturadas_numero":"17","actas_capturadas_porcentaje":"26.1538","actas_contabilizadas_numero":"0","actas_contabilizadas_porcentaje":"0.0000","valor_lista_nominal_actas_contabilizadas_numero":"8,609","valor_lista_nominal_actas_contabilizadas_porcentaje":"0.0000","participacion_ciudadana_numero":"7,801","participacion_ciudadana_porcentaje":"90.6145"},{"distrito_id":"2","actas_esperadas_numero":"66","actas_esperadas_porcentaje":"100.0000","actas_esperadas_recibidas_numero":"61","actas_esperadas_recibidas_porcentaje":"92.4242","actas_capturadas_numero":"61","actas_capturadas_porcentaje":"92.4242","actas_contabilizadas_numero":"0","actas_contabilizadas_porcentaje":"0.0000","valor_lista_nominal_actas_contabilizadas_numero":"30,524","valor_lista_nominal_actas_contabilizadas_porcentaje":"0.0000","participacion_ciudadana_numero":"24,330","participacion_ciudadana_porcentaje":"79.7078"},{"distrito_id":"3","actas_esperadas_numero":"71","actas_esperadas_porcentaje":"100.0000","actas_esperadas_recibidas_numero":"44","actas_esperadas_recibidas_porcentaje":"61.9718","actas_capturadas_numero":"44","actas_capturadas_porcentaje":"61.9718","actas_contabilizadas_numero":"0","actas_contabilizadas_porcentaje":"0.0000","valor_lista_nominal_actas_contabilizadas_numero":"20,426","valor_lista_nominal_actas_contabilizadas_porcentaje":"0.0000","participacion_ciudadana_numero":"14,612","participacion_ciudadana_porcentaje":"71.5363"},{"distrito_id":"4","actas_esperadas_numero":"77","actas_esperadas_porcentaje":"100.0000","actas_esperadas_recibidas_numero":"43","actas_esperadas_recibidas_porcentaje":"55.8442","actas_capturadas_numero":"43","actas_capturadas_porcentaje":"55.8442","actas_contabilizadas_numero":"0","actas_contabilizadas_porcentaje":"0.0000","valor_lista_nominal_actas_contabilizadas_numero":"20,412","valor_lista_nominal_actas_contabilizadas_porcentaje":"0.0000","participacion_ciudadana_numero":"16,855","participacion_ciudadana_porcentaje":"82.5740"},{"distrito_id":"5","actas_esperadas_numero":"71","actas_esperadas_porcentaje":"100.0000","actas_esperadas_recibidas_numero":"47","actas_esperadas_recibidas_porcentaje":"66.1972","actas_capturadas_numero":"47","actas_capturadas_porcentaje":"66.1972","actas_contabilizadas_numero":"0","actas_contabilizadas_porcentaje":"0.0000","valor_lista_nominal_actas_contabilizadas_numero":"23,543","valor_lista_nominal_actas_contabilizadas_porcentaje":"0.0000","participacion_ciudadana_numero":"16,664","participacion_ciudadana_porcentaje":"70.7811"},{"distrito_id":"6","actas_esperadas_numero":"74","actas_esperadas_porcentaje":"100.0000","actas_esperadas_recibidas_numero":"41","actas_esperadas_recibidas_porcentaje":"55.4054","actas_capturadas_numero":"41","actas_capturadas_porcentaje":"55.4054","actas_contabilizadas_numero":"0","actas_contabilizadas_porcentaje":"0.0000","valor_lista_nominal_actas_contabilizadas_numero":"22,048","valor_lista_nominal_actas_contabilizadas_porcentaje":"0.0000","participacion_ciudadana_numero":"14,228","participacion_ciudadana_porcentaje":"64.5319"},{"distrito_id":"7","actas_esperadas_numero":"68","actas_esperadas_porcentaje":"100.0000","actas_esperadas_recibidas_numero":"51","actas_esperadas_recibidas_porcentaje":"75.0000","actas_capturadas_numero":"51","actas_capturadas_porcentaje":"75.0000","actas_contabilizadas_numero":"0","actas_contabilizadas_porcentaje":"0.0000","valor_lista_nominal_actas_contabilizadas_numero":"27,822","valor_lista_nominal_actas_contabilizadas_porcentaje":"0.0000","participacion_ciudadana_numero":"19,042","participacion_ciudadana_porcentaje":"68.4422"},{"distrito_id":"8","actas_esperadas_numero":"64","actas_esperadas_porcentaje":"100.0000","actas_esperadas_recibidas_numero":"28","actas_esperadas_recibidas_porcentaje":"43.7500","actas_capturadas_numero":"28","actas_capturadas_porcentaje":"43.7500","actas_contabilizadas_numero":"0","actas_contabilizadas_porcentaje":"0.0000","valor_lista_nominal_actas_contabilizadas_numero":"14,335","valor_lista_nominal_actas_contabilizadas_porcentaje":"0.0000","participacion_ciudadana_numero":"13,047","participacion_ciudadana_porcentaje":"91.0150"},{"distrito_id":"9","actas_esperadas_numero":"68","actas_esperadas_porcentaje":"100.0000","actas_esperadas_recibidas_numero":"37","actas_esperadas_recibidas_porcentaje":"54.4118","actas_capturadas_numero":"37","actas_capturadas_porcentaje":"54.4118","actas_contabilizadas_numero":"0","actas_contabilizadas_porcentaje":"0.0000","valor_lista_nominal_actas_contabilizadas_numero":"17,129","valor_lista_nominal_actas_contabilizadas_porcentaje":"0.0000","participacion_ciudadana_numero":"16,971","participacion_ciudadana_porcentaje":"99.0776"},{"distrito_id":"10","actas_esperadas_numero":"61","actas_esperadas_porcentaje":"100.0000","actas_esperadas_recibidas_numero":"43","actas_esperadas_recibidas_porcentaje":"70.4918","actas_capturadas_numero":"43","actas_capturadas_porcentaje":"70.4918","actas_contabilizadas_numero":"0","actas_contabilizadas_porcentaje":"0.0000","valor_lista_nominal_actas_contabilizadas_numero":"25,083","valor_lista_nominal_actas_contabilizadas_porcentaje":"0.0000","participacion_ciudadana_numero":"15,546","participacion_ciudadana_porcentaje":"61.9782"},{"distrito_id":"11","actas_esperadas_numero":"69","actas_esperadas_porcentaje":"100.0000","actas_esperadas_recibidas_numero":"48","actas_esperadas_recibidas_porcentaje":"69.5652","actas_capturadas_numero":"48","actas_capturadas_porcentaje":"69.5652","actas_contabilizadas_numero":"0","actas_contabilizadas_porcentaje":"0.0000","valor_lista_nominal_actas_contabilizadas_numero":"28,282","valor_lista_nominal_actas_contabilizadas_porcentaje":"0.0000","participacion_ciudadana_numero":"17,284","participacion_ciudadana_porcentaje":"61.1131"},{"distrito_id":"12","actas_esperadas_numero":"63","actas_esperadas_porcentaje":"100.0000","actas_esperadas_recibidas_numero":"29","actas_esperadas_recibidas_porcentaje":"46.0317","actas_capturadas_numero":"29","actas_capturadas_porcentaje":"46.0317","actas_contabilizadas_numero":"0","actas_contabilizadas_porcentaje":"0.0000","valor_lista_nominal_actas_contabilizadas_numero":"17,748","valor_lista_nominal_actas_contabilizadas_porcentaje":"0.0000","participacion_ciudadana_numero":"12,344","participacion_ciudadana_porcentaje":"69.5515"},{"distrito_id":"13","actas_esperadas_numero":"67","actas_esperadas_porcentaje":"100.0000","actas_esperadas_recibidas_numero":"44","actas_esperadas_recibidas_porcentaje":"65.6716","actas_capturadas_numero":"44","actas_capturadas_porcentaje":"65.6716","actas_contabilizadas_numero":"0","actas_contabilizadas_porcentaje":"0.0000","valor_lista_nominal_actas_contabilizadas_numero":"24,839","valor_lista_nominal_actas_contabilizadas_porcentaje":"0.0000","participacion_ciudadana_numero":"14,445","participacion_ciudadana_porcentaje":"58.1545"},{"distrito_id":"14","actas_esperadas_numero":"49","actas_esperadas_porcentaje":"100.0000","actas_esperadas_recibidas_numero":"32","actas_esperadas_recibidas_porcentaje":"65.3061","actas_capturadas_numero":"32","actas_capturadas_porcentaje":"65.3061","actas_contabilizadas_numero":"0","actas_contabilizadas_porcentaje":"0.0000","valor_lista_nominal_actas_contabilizadas_numero":"16,511","valor_lista_nominal_actas_contabilizadas_porcentaje":"0.0000","participacion_ciudadana_numero":"11,168","participacion_ciudadana_porcentaje":"67.6398"},{"distrito_id":"15","actas_esperadas_numero":"61","actas_esperadas_porcentaje":"100.0000","actas_esperadas_recibidas_numero":"48","actas_esperadas_recibidas_porcentaje":"78.6885","actas_capturadas_numero":"48","actas_capturadas_porcentaje":"78.6885","actas_contabilizadas_numero":"0","actas_contabilizadas_porcentaje":"0.0000","valor_lista_nominal_actas_contabilizadas_numero":"25,038","valor_lista_nominal_actas_contabilizadas_porcentaje":"0.0000","participacion_ciudadana_numero":"19,103","participacion_ciudadana_porcentaje":"76.2960"},{"distrito_id":"16","actas_esperadas_numero":"68","actas_esperadas_porcentaje":"100.0000","actas_esperadas_recibidas_numero":"44","actas_esperadas_recibidas_porcentaje":"64.7059","actas_capturadas_numero":"44","actas_capturadas_porcentaje":"64.7059","actas_contabilizadas_numero":"0","actas_contabilizadas_porcentaje":"0.0000","valor_lista_nominal_actas_contabilizadas_numero":"24,835","valor_lista_nominal_actas_contabilizadas_porcentaje":"0.0000","participacion_ciudadana_numero":"18,996","participacion_ciudadana_porcentaje":"76.4888"}]}