{"fecha_ultimo_corte":"27 Enero 2024","hora_local":"22:38 h UTC-7","tipo_eleccion":"Diputaciones","nombre_archivo_json":"diputaciones_resumen_por_casillas_especiales.json","datos_casillas":[{"seccion_id":"242","casilla_tipo":"Especial 1","casilla_descripcion":"242 Especial 1","acta_id":"","candidaturas_no_registradas_numero":"0","candidaturas_no_registradas_porcentaje":"0.0000","nulos_numero":"0","nulos_porcentaje":"0.0000","total_numero":"0","total_porcentaje":"0.0000"},{"seccion_id":"248","casilla_tipo":"Especial 1","casilla_descripcion":"248 Especial 1","acta_id":"","candidaturas_no_registradas_numero":"0","candidaturas_no_registradas_porcentaje":"0.0000","nulos_numero":"0","nulos_porcentaje":"0.0000","total_numero":"0","total_porcentaje":"0.0000"},{"seccion_id":"280","casilla_tipo":"Especial 1","casilla_descripcion":"280 Especial 1","acta_id":"","candidaturas_no_registradas_numero":"0","candidaturas_no_registradas_porcentaje":"0.0000","nulos_numero":"0","nulos_porcentaje":"0.0000","total_numero":"0","total_porcentaje":"0.0000"},{"seccion_id":"280","casilla_tipo":"Especial 2","casilla_descripcion":"280 Especial 2","acta_id":"","candidaturas_no_registradas_numero":"0","candidaturas_no_registradas_porcentaje":"0.0000","nulos_numero":"0","nulos_porcentaje":"0.0000","total_numero":"0","total_porcentaje":"0.0000"},{"seccion_id":"374","casilla_tipo":"Especial 1","casilla_descripcion":"374 Especial 1","acta_id":"","candidaturas_no_registradas_numero":"0","candidaturas_no_registradas_porcentaje":"0.0000","nulos_numero":"0","nulos_porcentaje":"0.0000","total_numero":"0","total_porcentaje":"0.0000"},{"seccion_id":"8","casilla_tipo":"Especial 1","casilla_descripcion":"008 Especial 1","acta_id":"","candidaturas_no_registradas_numero":"0","candidaturas_no_registradas_porcentaje":"0.0000","nulos_numero":"0","nulos_porcentaje":"0.0000","total_numero":"0","total_porcentaje":"0.0000"},{"seccion_id":"291","casilla_tipo":"Especial 1","casilla_descripcion":"291 Especial 1","acta_id":"","candidaturas_no_registradas_numero":"0","candidaturas_no_registradas_porcentaje":"0.0000","nulos_numero":"0","nulos_porcentaje":"0.0000","total_numero":"0","total_porcentaje":"0.0000"},{"seccion_id":"77","casilla_tipo":"Especial 1","casilla_descripcion":"077 Especial 1","acta_id":"","candidaturas_no_registradas_numero":"0","candidaturas_no_registradas_porcentaje":"0.0000","nulos_numero":"0","nulos_porcentaje":"0.0000","total_numero":"0","total_porcentaje":"0.0000"},{"seccion_id":"342","casilla_tipo":"Especial 1","casilla_descripcion":"342 Especial 1","acta_id":"","candidaturas_no_registradas_numero":"0","candidaturas_no_registradas_porcentaje":"0.0000","nulos_numero":"0","nulos_porcentaje":"0.0000","total_numero":"0","total_porcentaje":"0.0000"},{"seccion_id":"97","casilla_tipo":"Especial 1","casilla_descripcion":"097 Especial 1","acta_id":"","candidaturas_no_registradas_numero":"0","candidaturas_no_registradas_porcentaje":"0.0000","nulos_numero":"0","nulos_porcentaje":"0.0000","total_numero":"0","total_porcentaje":"0.0000"},{"seccion_id":"318","casilla_tipo":"Especial 1","casilla_descripcion":"318 Especial 1","acta_id":"","candidaturas_no_registradas_numero":"0","candidaturas_no_registradas_porcentaje":"0.0000","nulos_numero":"0","nulos_porcentaje":"0.0000","total_numero":"0","total_porcentaje":"0.0000"},{"seccion_id":"400","casilla_tipo":"Especial 1","casilla_descripcion":"400 Especial 1","acta_id":"","candidaturas_no_registradas_numero":"0","candidaturas_no_registradas_porcentaje":"0.0000","nulos_numero":"0","nulos_porcentaje":"0.0000","total_numero":"0","total_porcentaje":"0.0000"},{"seccion_id":"000","casilla_tipo":"Todas","casilla_descripcion":"000 Todas","acta_id":"","candidaturas_no_registradas_numero":"0","candidaturas_no_registradas_porcentaje":"0.0000","nulos_numero":"0","nulos_porcentaje":"0.0000","total_numero":"0","total_porcentaje":"0.0000"}]}