{"fecha_ultimo_corte":"27 Enero 2024","hora_local":"22:38 h UTC-7","tipo_eleccion":"Diputaciones","nombre_archivo_json":"diputaciones_votos_candidaturas_vista_tarjetas_nivel_distrito.json","distritos":[{"distrito_id":"1","candidato_id_con_mayor_numero_votos":327,"mayor_numero_votos_numero":826,"datos_candidaturas":[{"candidato_id":683,"candidato_nombre":"Scotty","candidato_apellidos":"Leannon","candidato_foto_url":"\/candidatos\/avatar-persona.svg","candidatura_total_votos_numero":"0","candidatura_total_votos_casilla":"0","candidatura_total_votos_anticipados":"0","candidatura_total_votos_porcentaje":"0.0000","candidatura_nombre":"PAN","candidatura_logo":"\/emblemas\/PAN.png","seleccionado":false},{"candidato_id":683,"candidato_nombre":"Scotty","candidato_apellidos":"Leannon","candidato_foto_url":"\/candidatos\/avatar-persona.svg","candidatura_total_votos_numero":"0","candidatura_total_votos_casilla":"0","candidatura_total_votos_anticipados":"0","candidatura_total_votos_porcentaje":"0.0000","candidatura_nombre":"PRI","candidatura_logo":"\/emblemas\/PRI.jpeg","seleccionado":false},{"candidato_id":683,"candidato_nombre":"Scotty","candidato_apellidos":"Leannon","candidato_foto_url":"\/candidatos\/avatar-persona.svg","candidatura_total_votos_numero":"0","candidatura_total_votos_casilla":"0","candidatura_total_votos_anticipados":"0","candidatura_total_votos_porcentaje":"0.0000","candidatura_nombre":"PRD","candidatura_logo":"\/emblemas\/PRD.png","seleccionado":false},{"candidato_id":683,"candidato_nombre":"Scotty","candidato_apellidos":"Leannon","candidato_foto_url":"\/candidatos\/avatar-persona.svg","candidatura_total_votos_numero":"227","candidatura_total_votos_casilla":"227","candidatura_total_votos_anticipados":"0","candidatura_total_votos_porcentaje":"5.3349","candidatura_nombre":"PT","candidatura_logo":"\/emblemas\/PT.jpeg","seleccionado":false},{"candidato_id":939,"candidato_nombre":"Michael","candidato_apellidos":"Russel","candidato_foto_url":"\/candidatos\/avatar-persona.svg","candidatura_total_votos_numero":"638","candidatura_total_votos_casilla":"638","candidatura_total_votos_anticipados":"0","candidatura_total_votos_porcentaje":"14.9941","candidatura_nombre":"PVEM","candidatura_logo":"\/emblemas\/PVEM.jpeg","seleccionado":false},{"candidato_id":683,"candidato_nombre":"Scotty","candidato_apellidos":"Leannon","candidato_foto_url":"\/candidatos\/avatar-persona.svg","candidatura_total_votos_numero":"801","candidatura_total_votos_casilla":"801","candidatura_total_votos_anticipados":"0","candidatura_total_votos_porcentaje":"18.8249","candidatura_nombre":"MC","candidatura_logo":"\/emblemas\/MC.jpeg","seleccionado":false},{"candidato_id":683,"candidato_nombre":"Scotty","candidato_apellidos":"Leannon","candidato_foto_url":"\/candidatos\/avatar-persona.svg","candidatura_total_votos_numero":"0","candidatura_total_votos_casilla":"0","candidatura_total_votos_anticipados":"0","candidatura_total_votos_porcentaje":"0.0000","candidatura_nombre":"PRS","candidatura_logo":"\/emblemas\/PRS.png","seleccionado":false},{"candidato_id":683,"candidato_nombre":"Scotty","candidato_apellidos":"Leannon","candidato_foto_url":"\/candidatos\/avatar-persona.svg","candidatura_total_votos_numero":"228","candidatura_total_votos_casilla":"228","candidatura_total_votos_anticipados":"0","candidatura_total_votos_porcentaje":"5.3584","candidatura_nombre":"MORENA","candidatura_logo":"\/emblemas\/MORENA.jpeg","seleccionado":false},{"candidato_id":683,"candidato_nombre":"Scotty","candidato_apellidos":"Leannon","candidato_foto_url":"\/candidatos\/avatar-persona.svg","candidatura_total_votos_numero":"0","candidatura_total_votos_casilla":"0","candidatura_total_votos_anticipados":"0","candidatura_total_votos_porcentaje":"0.0000","candidatura_nombre":"PHBCS","candidatura_logo":"\/emblemas\/PH_BCS.png","seleccionado":false},{"candidato_id":827,"candidato_nombre":"Harry","candidato_apellidos":"O Connell","candidato_foto_url":"\/candidatos\/avatar-persona.svg","candidatura_total_votos_numero":"757","candidatura_total_votos_casilla":"757","candidatura_total_votos_anticipados":"0","candidatura_total_votos_porcentaje":"17.7908","candidatura_nombre":"PNABCS","candidatura_logo":"\/emblemas\/PNABCS.jpeg","seleccionado":false},{"candidato_id":327,"candidato_nombre":"Filiberto","candidato_apellidos":"Crist","candidato_foto_url":"\/candidatos\/avatar-persona.svg","candidatura_total_votos_numero":"826","candidatura_total_votos_casilla":"826","candidatura_total_votos_anticipados":"0","candidatura_total_votos_porcentaje":"19.4125","candidatura_nombre":"PES","candidatura_logo":"\/emblemas\/PES.png","seleccionado":false},{"candidato_id":657,"candidato_nombre":"Brandon","candidato_apellidos":"Vandervort","candidato_foto_url":"\/candidatos\/avatar-persona.svg","candidatura_total_votos_numero":"778","candidatura_total_votos_casilla":"778","candidatura_total_votos_anticipados":"0","candidatura_total_votos_porcentaje":"18.2844","candidatura_nombre":"FXM","candidatura_logo":"\/emblemas\/FXM.jpg","seleccionado":false},{"candidato_id":657,"candidato_nombre":"Brandon","candidato_apellidos":"Vandervort","candidato_foto_url":"\/candidatos\/avatar-persona.svg","candidatura_total_votos_numero":"0","candidatura_total_votos_casilla":"0","candidatura_total_votos_anticipados":"0","candidatura_total_votos_porcentaje":"0.0000","candidatura_nombre":"ML","candidatura_logo":"\/emblemas\/PML.png","seleccionado":false}]},{"distrito_id":"2","candidato_id_con_mayor_numero_votos":494,"mayor_numero_votos_numero":2396,"datos_candidaturas":[{"candidato_id":144,"candidato_nombre":"Jairo","candidato_apellidos":"King","candidato_foto_url":"\/candidatos\/avatar-persona.svg","candidatura_total_votos_numero":"0","candidatura_total_votos_casilla":"0","candidatura_total_votos_anticipados":"0","candidatura_total_votos_porcentaje":"0.0000","candidatura_nombre":"PAN","candidatura_logo":"\/emblemas\/PAN.png","seleccionado":false},{"candidato_id":144,"candidato_nombre":"Jairo","candidato_apellidos":"King","candidato_foto_url":"\/candidatos\/avatar-persona.svg","candidatura_total_votos_numero":"0","candidatura_total_votos_casilla":"0","candidatura_total_votos_anticipados":"0","candidatura_total_votos_porcentaje":"0.0000","candidatura_nombre":"PRI","candidatura_logo":"\/emblemas\/PRI.jpeg","seleccionado":false},{"candidato_id":144,"candidato_nombre":"Jairo","candidato_apellidos":"King","candidato_foto_url":"\/candidatos\/avatar-persona.svg","candidatura_total_votos_numero":"0","candidatura_total_votos_casilla":"0","candidatura_total_votos_anticipados":"0","candidatura_total_votos_porcentaje":"0.0000","candidatura_nombre":"PRD","candidatura_logo":"\/emblemas\/PRD.png","seleccionado":false},{"candidato_id":144,"candidato_nombre":"Jairo","candidato_apellidos":"King","candidato_foto_url":"\/candidatos\/avatar-persona.svg","candidatura_total_votos_numero":"796","candidatura_total_votos_casilla":"796","candidatura_total_votos_anticipados":"0","candidatura_total_votos_porcentaje":"6.0404","candidatura_nombre":"PT","candidatura_logo":"\/emblemas\/PT.jpeg","seleccionado":false},{"candidato_id":494,"candidato_nombre":"Joaquin","candidato_apellidos":"Heller","candidato_foto_url":"\/candidatos\/avatar-persona.svg","candidatura_total_votos_numero":"2,396","candidatura_total_votos_casilla":"2,396","candidatura_total_votos_anticipados":"0","candidatura_total_votos_porcentaje":"18.1818","candidatura_nombre":"PVEM","candidatura_logo":"\/emblemas\/PVEM.jpeg","seleccionado":false},{"candidato_id":144,"candidato_nombre":"Jairo","candidato_apellidos":"King","candidato_foto_url":"\/candidatos\/avatar-persona.svg","candidatura_total_votos_numero":"2,277","candidatura_total_votos_casilla":"2,277","candidatura_total_votos_anticipados":"0","candidatura_total_votos_porcentaje":"17.2788","candidatura_nombre":"MC","candidatura_logo":"\/emblemas\/MC.jpeg","seleccionado":false},{"candidato_id":144,"candidato_nombre":"Jairo","candidato_apellidos":"King","candidato_foto_url":"\/candidatos\/avatar-persona.svg","candidatura_total_votos_numero":"0","candidatura_total_votos_casilla":"0","candidatura_total_votos_anticipados":"0","candidatura_total_votos_porcentaje":"0.0000","candidatura_nombre":"PRS","candidatura_logo":"\/emblemas\/PRS.png","seleccionado":false},{"candidato_id":144,"candidato_nombre":"Jairo","candidato_apellidos":"King","candidato_foto_url":"\/candidatos\/avatar-persona.svg","candidatura_total_votos_numero":"805","candidatura_total_votos_casilla":"805","candidatura_total_votos_anticipados":"0","candidatura_total_votos_porcentaje":"6.1087","candidatura_nombre":"MORENA","candidatura_logo":"\/emblemas\/MORENA.jpeg","seleccionado":false},{"candidato_id":144,"candidato_nombre":"Jairo","candidato_apellidos":"King","candidato_foto_url":"\/candidatos\/avatar-persona.svg","candidatura_total_votos_numero":"0","candidatura_total_votos_casilla":"0","candidatura_total_votos_anticipados":"0","candidatura_total_votos_porcentaje":"0.0000","candidatura_nombre":"PHBCS","candidatura_logo":"\/emblemas\/PH_BCS.png","seleccionado":false},{"candidato_id":154,"candidato_nombre":"Dorris","candidato_apellidos":"Harris","candidato_foto_url":"\/candidatos\/avatar-persona.svg","candidatura_total_votos_numero":"2,306","candidatura_total_votos_casilla":"2,306","candidatura_total_votos_anticipados":"0","candidatura_total_votos_porcentaje":"17.4989","candidatura_nombre":"PNABCS","candidatura_logo":"\/emblemas\/PNABCS.jpeg","seleccionado":false},{"candidato_id":355,"candidato_nombre":"Abel","candidato_apellidos":"Frami","candidato_foto_url":"\/candidatos\/avatar-persona.svg","candidatura_total_votos_numero":"2,255","candidatura_total_votos_casilla":"2,255","candidatura_total_votos_anticipados":"0","candidatura_total_votos_porcentaje":"17.1119","candidatura_nombre":"PES","candidatura_logo":"\/emblemas\/PES.png","seleccionado":false},{"candidato_id":512,"candidato_nombre":"Hector","candidato_apellidos":"Bauch","candidato_foto_url":"\/candidatos\/avatar-persona.svg","candidatura_total_votos_numero":"2,343","candidatura_total_votos_casilla":"2,343","candidatura_total_votos_anticipados":"0","candidatura_total_votos_porcentaje":"17.7796","candidatura_nombre":"FXM","candidatura_logo":"\/emblemas\/FXM.jpg","seleccionado":false},{"candidato_id":512,"candidato_nombre":"Hector","candidato_apellidos":"Bauch","candidato_foto_url":"\/candidatos\/avatar-persona.svg","candidatura_total_votos_numero":"0","candidatura_total_votos_casilla":"0","candidatura_total_votos_anticipados":"0","candidatura_total_votos_porcentaje":"0.0000","candidatura_nombre":"ML","candidatura_logo":"\/emblemas\/PML.png","seleccionado":false}]},{"distrito_id":"3","candidato_id_con_mayor_numero_votos":879,"mayor_numero_votos_numero":1406,"datos_candidaturas":[{"candidato_id":397,"candidato_nombre":"Alan","candidato_apellidos":"Lueilwitz","candidato_foto_url":"\/candidatos\/avatar-persona.svg","candidatura_total_votos_numero":"0","candidatura_total_votos_casilla":"0","candidatura_total_votos_anticipados":"0","candidatura_total_votos_porcentaje":"0.0000","candidatura_nombre":"PAN","candidatura_logo":"\/emblemas\/PAN.png","seleccionado":false},{"candidato_id":397,"candidato_nombre":"Alan","candidato_apellidos":"Lueilwitz","candidato_foto_url":"\/candidatos\/avatar-persona.svg","candidatura_total_votos_numero":"0","candidatura_total_votos_casilla":"0","candidatura_total_votos_anticipados":"0","candidatura_total_votos_porcentaje":"0.0000","candidatura_nombre":"PRI","candidatura_logo":"\/emblemas\/PRI.jpeg","seleccionado":false},{"candidato_id":397,"candidato_nombre":"Alan","candidato_apellidos":"Lueilwitz","candidato_foto_url":"\/candidatos\/avatar-persona.svg","candidatura_total_votos_numero":"0","candidatura_total_votos_casilla":"0","candidatura_total_votos_anticipados":"0","candidatura_total_votos_porcentaje":"0.0000","candidatura_nombre":"PRD","candidatura_logo":"\/emblemas\/PRD.png","seleccionado":false},{"candidato_id":397,"candidato_nombre":"Alan","candidato_apellidos":"Lueilwitz","candidato_foto_url":"\/candidatos\/avatar-persona.svg","candidatura_total_votos_numero":"443","candidatura_total_votos_casilla":"443","candidatura_total_votos_anticipados":"0","candidatura_total_votos_porcentaje":"5.7235","candidatura_nombre":"PT","candidatura_logo":"\/emblemas\/PT.jpeg","seleccionado":false},{"candidato_id":879,"candidato_nombre":"Lurline","candidato_apellidos":"Bogisich","candidato_foto_url":"\/candidatos\/avatar-persona.svg","candidatura_total_votos_numero":"1,406","candidatura_total_votos_casilla":"1,406","candidatura_total_votos_anticipados":"0","candidatura_total_votos_porcentaje":"18.1654","candidatura_nombre":"PVEM","candidatura_logo":"\/emblemas\/PVEM.jpeg","seleccionado":false},{"candidato_id":397,"candidato_nombre":"Alan","candidato_apellidos":"Lueilwitz","candidato_foto_url":"\/candidatos\/avatar-persona.svg","candidatura_total_votos_numero":"1,373","candidatura_total_votos_casilla":"1,373","candidatura_total_votos_anticipados":"0","candidatura_total_votos_porcentaje":"17.7390","candidatura_nombre":"MC","candidatura_logo":"\/emblemas\/MC.jpeg","seleccionado":false},{"candidato_id":397,"candidato_nombre":"Alan","candidato_apellidos":"Lueilwitz","candidato_foto_url":"\/candidatos\/avatar-persona.svg","candidatura_total_votos_numero":"0","candidatura_total_votos_casilla":"0","candidatura_total_votos_anticipados":"0","candidatura_total_votos_porcentaje":"0.0000","candidatura_nombre":"PRS","candidatura_logo":"\/emblemas\/PRS.png","seleccionado":false},{"candidato_id":397,"candidato_nombre":"Alan","candidato_apellidos":"Lueilwitz","candidato_foto_url":"\/candidatos\/avatar-persona.svg","candidatura_total_votos_numero":"435","candidatura_total_votos_casilla":"435","candidatura_total_votos_anticipados":"0","candidatura_total_votos_porcentaje":"5.6202","candidatura_nombre":"MORENA","candidatura_logo":"\/emblemas\/MORENA.jpeg","seleccionado":false},{"candidato_id":397,"candidato_nombre":"Alan","candidato_apellidos":"Lueilwitz","candidato_foto_url":"\/candidatos\/avatar-persona.svg","candidatura_total_votos_numero":"0","candidatura_total_votos_casilla":"0","candidatura_total_votos_anticipados":"0","candidatura_total_votos_porcentaje":"0.0000","candidatura_nombre":"PHBCS","candidatura_logo":"\/emblemas\/PH_BCS.png","seleccionado":false},{"candidato_id":999,"candidato_nombre":"Adele","candidato_apellidos":"Nitzsche","candidato_foto_url":"\/candidatos\/avatar-persona.svg","candidatura_total_votos_numero":"1,374","candidatura_total_votos_casilla":"1,374","candidatura_total_votos_anticipados":"0","candidatura_total_votos_porcentaje":"17.7519","candidatura_nombre":"PNABCS","candidatura_logo":"\/emblemas\/PNABCS.jpeg","seleccionado":false},{"candidato_id":421,"candidato_nombre":"Lydia","candidato_apellidos":"Watsica","candidato_foto_url":"\/candidatos\/avatar-persona.svg","candidatura_total_votos_numero":"1,378","candidatura_total_votos_casilla":"1,378","candidatura_total_votos_anticipados":"0","candidatura_total_votos_porcentaje":"17.8036","candidatura_nombre":"PES","candidatura_logo":"\/emblemas\/PES.png","seleccionado":false},{"candidato_id":461,"candidato_nombre":"Richard","candidato_apellidos":"Dicki","candidato_foto_url":"\/candidatos\/avatar-persona.svg","candidatura_total_votos_numero":"1,331","candidatura_total_votos_casilla":"1,331","candidatura_total_votos_anticipados":"0","candidatura_total_votos_porcentaje":"17.1964","candidatura_nombre":"FXM","candidatura_logo":"\/emblemas\/FXM.jpg","seleccionado":false},{"candidato_id":461,"candidato_nombre":"Richard","candidato_apellidos":"Dicki","candidato_foto_url":"\/candidatos\/avatar-persona.svg","candidatura_total_votos_numero":"0","candidatura_total_votos_casilla":"0","candidatura_total_votos_anticipados":"0","candidatura_total_votos_porcentaje":"0.0000","candidatura_nombre":"ML","candidatura_logo":"\/emblemas\/PML.png","seleccionado":false}]},{"distrito_id":"4","candidato_id_con_mayor_numero_votos":148,"mayor_numero_votos_numero":1713,"datos_candidaturas":[{"candidato_id":148,"candidato_nombre":"Lonny","candidato_apellidos":"Smith","candidato_foto_url":"\/candidatos\/avatar-persona.svg","candidatura_total_votos_numero":"0","candidatura_total_votos_casilla":"0","candidatura_total_votos_anticipados":"0","candidatura_total_votos_porcentaje":"0.0000","candidatura_nombre":"PAN","candidatura_logo":"\/emblemas\/PAN.png","seleccionado":false},{"candidato_id":148,"candidato_nombre":"Lonny","candidato_apellidos":"Smith","candidato_foto_url":"\/candidatos\/avatar-persona.svg","candidatura_total_votos_numero":"0","candidatura_total_votos_casilla":"0","candidatura_total_votos_anticipados":"0","candidatura_total_votos_porcentaje":"0.0000","candidatura_nombre":"PRI","candidatura_logo":"\/emblemas\/PRI.jpeg","seleccionado":false},{"candidato_id":148,"candidato_nombre":"Lonny","candidato_apellidos":"Smith","candidato_foto_url":"\/candidatos\/avatar-persona.svg","candidatura_total_votos_numero":"0","candidatura_total_votos_casilla":"0","candidatura_total_votos_anticipados":"0","candidatura_total_votos_porcentaje":"0.0000","candidatura_nombre":"PRD","candidatura_logo":"\/emblemas\/PRD.png","seleccionado":false},{"candidato_id":148,"candidato_nombre":"Lonny","candidato_apellidos":"Smith","candidato_foto_url":"\/candidatos\/avatar-persona.svg","candidatura_total_votos_numero":"550","candidatura_total_votos_casilla":"550","candidatura_total_votos_anticipados":"0","candidatura_total_votos_porcentaje":"5.9537","candidatura_nombre":"PT","candidatura_logo":"\/emblemas\/PT.jpeg","seleccionado":false},{"candidato_id":742,"candidato_nombre":"Morris","candidato_apellidos":"Stanton","candidato_foto_url":"\/candidatos\/avatar-persona.svg","candidatura_total_votos_numero":"1,686","candidatura_total_votos_casilla":"1,686","candidatura_total_votos_anticipados":"0","candidatura_total_votos_porcentaje":"18.2507","candidatura_nombre":"PVEM","candidatura_logo":"\/emblemas\/PVEM.jpeg","seleccionado":false},{"candidato_id":148,"candidato_nombre":"Lonny","candidato_apellidos":"Smith","candidato_foto_url":"\/candidatos\/avatar-persona.svg","candidatura_total_votos_numero":"1,713","candidatura_total_votos_casilla":"1,713","candidatura_total_votos_anticipados":"0","candidatura_total_votos_porcentaje":"18.5430","candidatura_nombre":"MC","candidatura_logo":"\/emblemas\/MC.jpeg","seleccionado":false},{"candidato_id":148,"candidato_nombre":"Lonny","candidato_apellidos":"Smith","candidato_foto_url":"\/candidatos\/avatar-persona.svg","candidatura_total_votos_numero":"0","candidatura_total_votos_casilla":"0","candidatura_total_votos_anticipados":"0","candidatura_total_votos_porcentaje":"0.0000","candidatura_nombre":"PRS","candidatura_logo":"\/emblemas\/PRS.png","seleccionado":false},{"candidato_id":148,"candidato_nombre":"Lonny","candidato_apellidos":"Smith","candidato_foto_url":"\/candidatos\/avatar-persona.svg","candidatura_total_votos_numero":"526","candidatura_total_votos_casilla":"526","candidatura_total_votos_anticipados":"0","candidatura_total_votos_porcentaje":"5.6939","candidatura_nombre":"MORENA","candidatura_logo":"\/emblemas\/MORENA.jpeg","seleccionado":false},{"candidato_id":148,"candidato_nombre":"Lonny","candidato_apellidos":"Smith","candidato_foto_url":"\/candidatos\/avatar-persona.svg","candidatura_total_votos_numero":"0","candidatura_total_votos_casilla":"0","candidatura_total_votos_anticipados":"0","candidatura_total_votos_porcentaje":"0.0000","candidatura_nombre":"PHBCS","candidatura_logo":"\/emblemas\/PH_BCS.png","seleccionado":false},{"candidato_id":947,"candidato_nombre":"Aletha","candidato_apellidos":"Haley","candidato_foto_url":"\/candidatos\/avatar-persona.svg","candidatura_total_votos_numero":"1,583","candidatura_total_votos_casilla":"1,583","candidatura_total_votos_anticipados":"0","candidatura_total_votos_porcentaje":"17.1357","candidatura_nombre":"PNABCS","candidatura_logo":"\/emblemas\/PNABCS.jpeg","seleccionado":false},{"candidato_id":357,"candidato_nombre":"Nikita","candidato_apellidos":"Schumm","candidato_foto_url":"\/candidatos\/avatar-persona.svg","candidatura_total_votos_numero":"1,569","candidatura_total_votos_casilla":"1,569","candidatura_total_votos_anticipados":"0","candidatura_total_votos_porcentaje":"16.9842","candidatura_nombre":"PES","candidatura_logo":"\/emblemas\/PES.png","seleccionado":false},{"candidato_id":955,"candidato_nombre":"Jaeden","candidato_apellidos":"Ziemann","candidato_foto_url":"\/candidatos\/avatar-persona.svg","candidatura_total_votos_numero":"1,611","candidatura_total_votos_casilla":"1,611","candidatura_total_votos_anticipados":"0","candidatura_total_votos_porcentaje":"17.4388","candidatura_nombre":"FXM","candidatura_logo":"\/emblemas\/FXM.jpg","seleccionado":false},{"candidato_id":955,"candidato_nombre":"Jaeden","candidato_apellidos":"Ziemann","candidato_foto_url":"\/candidatos\/avatar-persona.svg","candidatura_total_votos_numero":"0","candidatura_total_votos_casilla":"0","candidatura_total_votos_anticipados":"0","candidatura_total_votos_porcentaje":"0.0000","candidatura_nombre":"ML","candidatura_logo":"\/emblemas\/PML.png","seleccionado":false}]},{"distrito_id":"5","candidato_id_con_mayor_numero_votos":593,"mayor_numero_votos_numero":1755,"datos_candidaturas":[{"candidato_id":95,"candidato_nombre":"Charlotte","candidato_apellidos":"Dicki","candidato_foto_url":"\/candidatos\/avatar-persona.svg","candidatura_total_votos_numero":"0","candidatura_total_votos_casilla":"0","candidatura_total_votos_anticipados":"0","candidatura_total_votos_porcentaje":"0.0000","candidatura_nombre":"PAN","candidatura_logo":"\/emblemas\/PAN.png","seleccionado":false},{"candidato_id":95,"candidato_nombre":"Charlotte","candidato_apellidos":"Dicki","candidato_foto_url":"\/candidatos\/avatar-persona.svg","candidatura_total_votos_numero":"0","candidatura_total_votos_casilla":"0","candidatura_total_votos_anticipados":"0","candidatura_total_votos_porcentaje":"0.0000","candidatura_nombre":"PRI","candidatura_logo":"\/emblemas\/PRI.jpeg","seleccionado":false},{"candidato_id":95,"candidato_nombre":"Charlotte","candidato_apellidos":"Dicki","candidato_foto_url":"\/candidatos\/avatar-persona.svg","candidatura_total_votos_numero":"0","candidatura_total_votos_casilla":"0","candidatura_total_votos_anticipados":"0","candidatura_total_votos_porcentaje":"0.0000","candidatura_nombre":"PRD","candidatura_logo":"\/emblemas\/PRD.png","seleccionado":false},{"candidato_id":95,"candidato_nombre":"Charlotte","candidato_apellidos":"Dicki","candidato_foto_url":"\/candidatos\/avatar-persona.svg","candidatura_total_votos_numero":"585","candidatura_total_votos_casilla":"585","candidatura_total_votos_anticipados":"0","candidatura_total_votos_porcentaje":"6.2036","candidatura_nombre":"PT","candidatura_logo":"\/emblemas\/PT.jpeg","seleccionado":false},{"candidato_id":720,"candidato_nombre":"Walton","candidato_apellidos":"Kreiger","candidato_foto_url":"\/candidatos\/avatar-persona.svg","candidatura_total_votos_numero":"1,632","candidatura_total_votos_casilla":"1,632","candidatura_total_votos_anticipados":"0","candidatura_total_votos_porcentaje":"17.3065","candidatura_nombre":"PVEM","candidatura_logo":"\/emblemas\/PVEM.jpeg","seleccionado":false},{"candidato_id":95,"candidato_nombre":"Charlotte","candidato_apellidos":"Dicki","candidato_foto_url":"\/candidatos\/avatar-persona.svg","candidatura_total_votos_numero":"1,633","candidatura_total_votos_casilla":"1,633","candidatura_total_votos_anticipados":"0","candidatura_total_votos_porcentaje":"17.3171","candidatura_nombre":"MC","candidatura_logo":"\/emblemas\/MC.jpeg","seleccionado":false},{"candidato_id":95,"candidato_nombre":"Charlotte","candidato_apellidos":"Dicki","candidato_foto_url":"\/candidatos\/avatar-persona.svg","candidatura_total_votos_numero":"0","candidatura_total_votos_casilla":"0","candidatura_total_votos_anticipados":"0","candidatura_total_votos_porcentaje":"0.0000","candidatura_nombre":"PRS","candidatura_logo":"\/emblemas\/PRS.png","seleccionado":false},{"candidato_id":95,"candidato_nombre":"Charlotte","candidato_apellidos":"Dicki","candidato_foto_url":"\/candidatos\/avatar-persona.svg","candidatura_total_votos_numero":"529","candidatura_total_votos_casilla":"529","candidatura_total_votos_anticipados":"0","candidatura_total_votos_porcentaje":"5.6098","candidatura_nombre":"MORENA","candidatura_logo":"\/emblemas\/MORENA.jpeg","seleccionado":false},{"candidato_id":95,"candidato_nombre":"Charlotte","candidato_apellidos":"Dicki","candidato_foto_url":"\/candidatos\/avatar-persona.svg","candidatura_total_votos_numero":"0","candidatura_total_votos_casilla":"0","candidatura_total_votos_anticipados":"0","candidatura_total_votos_porcentaje":"0.0000","candidatura_nombre":"PHBCS","candidatura_logo":"\/emblemas\/PH_BCS.png","seleccionado":false},{"candidato_id":564,"candidato_nombre":"Genevieve","candidato_apellidos":"Abernathy","candidato_foto_url":"\/candidatos\/avatar-persona.svg","candidatura_total_votos_numero":"1,602","candidatura_total_votos_casilla":"1,602","candidatura_total_votos_anticipados":"0","candidatura_total_votos_porcentaje":"16.9883","candidatura_nombre":"PNABCS","candidatura_logo":"\/emblemas\/PNABCS.jpeg","seleccionado":false},{"candidato_id":593,"candidato_nombre":"Johnathon","candidato_apellidos":"McDermott","candidato_foto_url":"\/candidatos\/avatar-persona.svg","candidatura_total_votos_numero":"1,755","candidatura_total_votos_casilla":"1,755","candidatura_total_votos_anticipados":"0","candidatura_total_votos_porcentaje":"18.6108","candidatura_nombre":"PES","candidatura_logo":"\/emblemas\/PES.png","seleccionado":false},{"candidato_id":997,"candidato_nombre":"Darron","candidato_apellidos":"Durgan","candidato_foto_url":"\/candidatos\/avatar-persona.svg","candidatura_total_votos_numero":"1,694","candidatura_total_votos_casilla":"1,694","candidatura_total_votos_anticipados":"0","candidatura_total_votos_porcentaje":"17.9639","candidatura_nombre":"FXM","candidatura_logo":"\/emblemas\/FXM.jpg","seleccionado":false},{"candidato_id":997,"candidato_nombre":"Darron","candidato_apellidos":"Durgan","candidato_foto_url":"\/candidatos\/avatar-persona.svg","candidatura_total_votos_numero":"0","candidatura_total_votos_casilla":"0","candidatura_total_votos_anticipados":"0","candidatura_total_votos_porcentaje":"0.0000","candidatura_nombre":"ML","candidatura_logo":"\/emblemas\/PML.png","seleccionado":false}]},{"distrito_id":"6","candidato_id_con_mayor_numero_votos":941,"mayor_numero_votos_numero":1473,"datos_candidaturas":[{"candidato_id":337,"candidato_nombre":"Deven","candidato_apellidos":"Nitzsche","candidato_foto_url":"\/candidatos\/avatar-persona.svg","candidatura_total_votos_numero":"0","candidatura_total_votos_casilla":"0","candidatura_total_votos_anticipados":"0","candidatura_total_votos_porcentaje":"0.0000","candidatura_nombre":"PAN","candidatura_logo":"\/emblemas\/PAN.png","seleccionado":false},{"candidato_id":337,"candidato_nombre":"Deven","candidato_apellidos":"Nitzsche","candidato_foto_url":"\/candidatos\/avatar-persona.svg","candidatura_total_votos_numero":"0","candidatura_total_votos_casilla":"0","candidatura_total_votos_anticipados":"0","candidatura_total_votos_porcentaje":"0.0000","candidatura_nombre":"PRI","candidatura_logo":"\/emblemas\/PRI.jpeg","seleccionado":false},{"candidato_id":337,"candidato_nombre":"Deven","candidato_apellidos":"Nitzsche","candidato_foto_url":"\/candidatos\/avatar-persona.svg","candidatura_total_votos_numero":"0","candidatura_total_votos_casilla":"0","candidatura_total_votos_anticipados":"0","candidatura_total_votos_porcentaje":"0.0000","candidatura_nombre":"PRD","candidatura_logo":"\/emblemas\/PRD.png","seleccionado":false},{"candidato_id":337,"candidato_nombre":"Deven","candidato_apellidos":"Nitzsche","candidato_foto_url":"\/candidatos\/avatar-persona.svg","candidatura_total_votos_numero":"467","candidatura_total_votos_casilla":"467","candidatura_total_votos_anticipados":"0","candidatura_total_votos_porcentaje":"5.9437","candidatura_nombre":"PT","candidatura_logo":"\/emblemas\/PT.jpeg","seleccionado":false},{"candidato_id":770,"candidato_nombre":"Sonny","candidato_apellidos":"Schumm","candidato_foto_url":"\/candidatos\/avatar-persona.svg","candidatura_total_votos_numero":"1,288","candidatura_total_votos_casilla":"1,288","candidatura_total_votos_anticipados":"0","candidatura_total_votos_porcentaje":"16.3930","candidatura_nombre":"PVEM","candidatura_logo":"\/emblemas\/PVEM.jpeg","seleccionado":false},{"candidato_id":337,"candidato_nombre":"Deven","candidato_apellidos":"Nitzsche","candidato_foto_url":"\/candidatos\/avatar-persona.svg","candidatura_total_votos_numero":"1,359","candidatura_total_votos_casilla":"1,359","candidatura_total_votos_anticipados":"0","candidatura_total_votos_porcentaje":"17.2967","candidatura_nombre":"MC","candidatura_logo":"\/emblemas\/MC.jpeg","seleccionado":false},{"candidato_id":337,"candidato_nombre":"Deven","candidato_apellidos":"Nitzsche","candidato_foto_url":"\/candidatos\/avatar-persona.svg","candidatura_total_votos_numero":"0","candidatura_total_votos_casilla":"0","candidatura_total_votos_anticipados":"0","candidatura_total_votos_porcentaje":"0.0000","candidatura_nombre":"PRS","candidatura_logo":"\/emblemas\/PRS.png","seleccionado":false},{"candidato_id":337,"candidato_nombre":"Deven","candidato_apellidos":"Nitzsche","candidato_foto_url":"\/candidatos\/avatar-persona.svg","candidatura_total_votos_numero":"481","candidatura_total_votos_casilla":"481","candidatura_total_votos_anticipados":"0","candidatura_total_votos_porcentaje":"6.1219","candidatura_nombre":"MORENA","candidatura_logo":"\/emblemas\/MORENA.jpeg","seleccionado":false},{"candidato_id":337,"candidato_nombre":"Deven","candidato_apellidos":"Nitzsche","candidato_foto_url":"\/candidatos\/avatar-persona.svg","candidatura_total_votos_numero":"0","candidatura_total_votos_casilla":"0","candidatura_total_votos_anticipados":"0","candidatura_total_votos_porcentaje":"0.0000","candidatura_nombre":"PHBCS","candidatura_logo":"\/emblemas\/PH_BCS.png","seleccionado":false},{"candidato_id":265,"candidato_nombre":"Rose","candidato_apellidos":"Rowe","candidato_foto_url":"\/candidatos\/avatar-persona.svg","candidatura_total_votos_numero":"1,425","candidatura_total_votos_casilla":"1,425","candidatura_total_votos_anticipados":"0","candidatura_total_votos_porcentaje":"18.1367","candidatura_nombre":"PNABCS","candidatura_logo":"\/emblemas\/PNABCS.jpeg","seleccionado":false},{"candidato_id":351,"candidato_nombre":"Danial","candidato_apellidos":"Bernhard","candidato_foto_url":"\/candidatos\/avatar-persona.svg","candidatura_total_votos_numero":"1,364","candidatura_total_votos_casilla":"1,364","candidatura_total_votos_anticipados":"0","candidatura_total_votos_porcentaje":"17.3603","candidatura_nombre":"PES","candidatura_logo":"\/emblemas\/PES.png","seleccionado":false},{"candidato_id":941,"candidato_nombre":"Wyman","candidato_apellidos":"Langworth","candidato_foto_url":"\/candidatos\/avatar-persona.svg","candidatura_total_votos_numero":"1,473","candidatura_total_votos_casilla":"1,473","candidatura_total_votos_anticipados":"0","candidatura_total_votos_porcentaje":"18.7476","candidatura_nombre":"FXM","candidatura_logo":"\/emblemas\/FXM.jpg","seleccionado":false},{"candidato_id":941,"candidato_nombre":"Wyman","candidato_apellidos":"Langworth","candidato_foto_url":"\/candidatos\/avatar-persona.svg","candidatura_total_votos_numero":"0","candidatura_total_votos_casilla":"0","candidatura_total_votos_anticipados":"0","candidatura_total_votos_porcentaje":"0.0000","candidatura_nombre":"ML","candidatura_logo":"\/emblemas\/PML.png","seleccionado":false}]},{"distrito_id":"7","candidato_id_con_mayor_numero_votos":538,"mayor_numero_votos_numero":1991,"datos_candidaturas":[{"candidato_id":681,"candidato_nombre":"Dallin","candidato_apellidos":"Romaguera","candidato_foto_url":"\/candidatos\/avatar-persona.svg","candidatura_total_votos_numero":"0","candidatura_total_votos_casilla":"0","candidatura_total_votos_anticipados":"0","candidatura_total_votos_porcentaje":"0.0000","candidatura_nombre":"PAN","candidatura_logo":"\/emblemas\/PAN.png","seleccionado":false},{"candidato_id":681,"candidato_nombre":"Dallin","candidato_apellidos":"Romaguera","candidato_foto_url":"\/candidatos\/avatar-persona.svg","candidatura_total_votos_numero":"0","candidatura_total_votos_casilla":"0","candidatura_total_votos_anticipados":"0","candidatura_total_votos_porcentaje":"0.0000","candidatura_nombre":"PRI","candidatura_logo":"\/emblemas\/PRI.jpeg","seleccionado":false},{"candidato_id":681,"candidato_nombre":"Dallin","candidato_apellidos":"Romaguera","candidato_foto_url":"\/candidatos\/avatar-persona.svg","candidatura_total_votos_numero":"0","candidatura_total_votos_casilla":"0","candidatura_total_votos_anticipados":"0","candidatura_total_votos_porcentaje":"0.0000","candidatura_nombre":"PRD","candidatura_logo":"\/emblemas\/PRD.png","seleccionado":false},{"candidato_id":681,"candidato_nombre":"Dallin","candidato_apellidos":"Romaguera","candidato_foto_url":"\/candidatos\/avatar-persona.svg","candidatura_total_votos_numero":"601","candidatura_total_votos_casilla":"601","candidatura_total_votos_anticipados":"0","candidatura_total_votos_porcentaje":"5.8270","candidatura_nombre":"PT","candidatura_logo":"\/emblemas\/PT.jpeg","seleccionado":false},{"candidato_id":538,"candidato_nombre":"Amparo","candidato_apellidos":"Barrows","candidato_foto_url":"\/candidatos\/avatar-persona.svg","candidatura_total_votos_numero":"1,991","candidatura_total_votos_casilla":"1,991","candidatura_total_votos_anticipados":"0","candidatura_total_votos_porcentaje":"19.3039","candidatura_nombre":"PVEM","candidatura_logo":"\/emblemas\/PVEM.jpeg","seleccionado":false},{"candidato_id":681,"candidato_nombre":"Dallin","candidato_apellidos":"Romaguera","candidato_foto_url":"\/candidatos\/avatar-persona.svg","candidatura_total_votos_numero":"1,862","candidatura_total_votos_casilla":"1,862","candidatura_total_votos_anticipados":"0","candidatura_total_votos_porcentaje":"18.0531","candidatura_nombre":"MC","candidatura_logo":"\/emblemas\/MC.jpeg","seleccionado":false},{"candidato_id":681,"candidato_nombre":"Dallin","candidato_apellidos":"Romaguera","candidato_foto_url":"\/candidatos\/avatar-persona.svg","candidatura_total_votos_numero":"0","candidatura_total_votos_casilla":"0","candidatura_total_votos_anticipados":"0","candidatura_total_votos_porcentaje":"0.0000","candidatura_nombre":"PRS","candidatura_logo":"\/emblemas\/PRS.png","seleccionado":false},{"candidato_id":681,"candidato_nombre":"Dallin","candidato_apellidos":"Romaguera","candidato_foto_url":"\/candidatos\/avatar-persona.svg","candidatura_total_votos_numero":"576","candidatura_total_votos_casilla":"576","candidatura_total_votos_anticipados":"0","candidatura_total_votos_porcentaje":"5.5846","candidatura_nombre":"MORENA","candidatura_logo":"\/emblemas\/MORENA.jpeg","seleccionado":false},{"candidato_id":681,"candidato_nombre":"Dallin","candidato_apellidos":"Romaguera","candidato_foto_url":"\/candidatos\/avatar-persona.svg","candidatura_total_votos_numero":"0","candidatura_total_votos_casilla":"0","candidatura_total_votos_anticipados":"0","candidatura_total_votos_porcentaje":"0.0000","candidatura_nombre":"PHBCS","candidatura_logo":"\/emblemas\/PH_BCS.png","seleccionado":false},{"candidato_id":780,"candidato_nombre":"Darrel","candidato_apellidos":"Abshire","candidato_foto_url":"\/candidatos\/avatar-persona.svg","candidatura_total_votos_numero":"1,717","candidatura_total_votos_casilla":"1,717","candidatura_total_votos_anticipados":"0","candidatura_total_votos_porcentaje":"16.6473","candidatura_nombre":"PNABCS","candidatura_logo":"\/emblemas\/PNABCS.jpeg","seleccionado":false},{"candidato_id":945,"candidato_nombre":"Dane","candidato_apellidos":"Price","candidato_foto_url":"\/candidatos\/avatar-persona.svg","candidatura_total_votos_numero":"1,868","candidatura_total_votos_casilla":"1,868","candidatura_total_votos_anticipados":"0","candidatura_total_votos_porcentaje":"18.1113","candidatura_nombre":"PES","candidatura_logo":"\/emblemas\/PES.png","seleccionado":false},{"candidato_id":567,"candidato_nombre":"Leonard","candidato_apellidos":"Sipes","candidato_foto_url":"\/candidatos\/avatar-persona.svg","candidatura_total_votos_numero":"1,699","candidatura_total_votos_casilla":"1,699","candidatura_total_votos_anticipados":"0","candidatura_total_votos_porcentaje":"16.4728","candidatura_nombre":"FXM","candidatura_logo":"\/emblemas\/FXM.jpg","seleccionado":false},{"candidato_id":567,"candidato_nombre":"Leonard","candidato_apellidos":"Sipes","candidato_foto_url":"\/candidatos\/avatar-persona.svg","candidatura_total_votos_numero":"0","candidatura_total_votos_casilla":"0","candidatura_total_votos_anticipados":"0","candidatura_total_votos_porcentaje":"0.0000","candidatura_nombre":"ML","candidatura_logo":"\/emblemas\/PML.png","seleccionado":false}]},{"distrito_id":"8","candidato_id_con_mayor_numero_votos":633,"mayor_numero_votos_numero":1353,"datos_candidaturas":[{"candidato_id":633,"candidato_nombre":"Shea","candidato_apellidos":"Labadie","candidato_foto_url":"\/candidatos\/avatar-persona.svg","candidatura_total_votos_numero":"0","candidatura_total_votos_casilla":"0","candidatura_total_votos_anticipados":"0","candidatura_total_votos_porcentaje":"0.0000","candidatura_nombre":"PAN","candidatura_logo":"\/emblemas\/PAN.png","seleccionado":false},{"candidato_id":633,"candidato_nombre":"Shea","candidato_apellidos":"Labadie","candidato_foto_url":"\/candidatos\/avatar-persona.svg","candidatura_total_votos_numero":"0","candidatura_total_votos_casilla":"0","candidatura_total_votos_anticipados":"0","candidatura_total_votos_porcentaje":"0.0000","candidatura_nombre":"PRI","candidatura_logo":"\/emblemas\/PRI.jpeg","seleccionado":false},{"candidato_id":633,"candidato_nombre":"Shea","candidato_apellidos":"Labadie","candidato_foto_url":"\/candidatos\/avatar-persona.svg","candidatura_total_votos_numero":"0","candidatura_total_votos_casilla":"0","candidatura_total_votos_anticipados":"0","candidatura_total_votos_porcentaje":"0.0000","candidatura_nombre":"PRD","candidatura_logo":"\/emblemas\/PRD.png","seleccionado":false},{"candidato_id":633,"candidato_nombre":"Shea","candidato_apellidos":"Labadie","candidato_foto_url":"\/candidatos\/avatar-persona.svg","candidatura_total_votos_numero":"454","candidatura_total_votos_casilla":"454","candidatura_total_votos_anticipados":"0","candidatura_total_votos_porcentaje":"6.3178","candidatura_nombre":"PT","candidatura_logo":"\/emblemas\/PT.jpeg","seleccionado":false},{"candidato_id":561,"candidato_nombre":"Meda","candidato_apellidos":"Daniel","candidato_foto_url":"\/candidatos\/avatar-persona.svg","candidatura_total_votos_numero":"1,302","candidatura_total_votos_casilla":"1,302","candidatura_total_votos_anticipados":"0","candidatura_total_votos_porcentaje":"18.1186","candidatura_nombre":"PVEM","candidatura_logo":"\/emblemas\/PVEM.jpeg","seleccionado":false},{"candidato_id":633,"candidato_nombre":"Shea","candidato_apellidos":"Labadie","candidato_foto_url":"\/candidatos\/avatar-persona.svg","candidatura_total_votos_numero":"1,353","candidatura_total_votos_casilla":"1,353","candidatura_total_votos_anticipados":"0","candidatura_total_votos_porcentaje":"18.8283","candidatura_nombre":"MC","candidatura_logo":"\/emblemas\/MC.jpeg","seleccionado":false},{"candidato_id":633,"candidato_nombre":"Shea","candidato_apellidos":"Labadie","candidato_foto_url":"\/candidatos\/avatar-persona.svg","candidatura_total_votos_numero":"0","candidatura_total_votos_casilla":"0","candidatura_total_votos_anticipados":"0","candidatura_total_votos_porcentaje":"0.0000","candidatura_nombre":"PRS","candidatura_logo":"\/emblemas\/PRS.png","seleccionado":false},{"candidato_id":633,"candidato_nombre":"Shea","candidato_apellidos":"Labadie","candidato_foto_url":"\/candidatos\/avatar-persona.svg","candidatura_total_votos_numero":"385","candidatura_total_votos_casilla":"385","candidatura_total_votos_anticipados":"0","candidatura_total_votos_porcentaje":"5.3576","candidatura_nombre":"MORENA","candidatura_logo":"\/emblemas\/MORENA.jpeg","seleccionado":false},{"candidato_id":633,"candidato_nombre":"Shea","candidato_apellidos":"Labadie","candidato_foto_url":"\/candidatos\/avatar-persona.svg","candidatura_total_votos_numero":"0","candidatura_total_votos_casilla":"0","candidatura_total_votos_anticipados":"0","candidatura_total_votos_porcentaje":"0.0000","candidatura_nombre":"PHBCS","candidatura_logo":"\/emblemas\/PH_BCS.png","seleccionado":false},{"candidato_id":848,"candidato_nombre":"Daniella","candidato_apellidos":"Ward","candidato_foto_url":"\/candidatos\/avatar-persona.svg","candidatura_total_votos_numero":"1,252","candidatura_total_votos_casilla":"1,252","candidatura_total_votos_anticipados":"0","candidatura_total_votos_porcentaje":"17.4228","candidatura_nombre":"PNABCS","candidatura_logo":"\/emblemas\/PNABCS.jpeg","seleccionado":false},{"candidato_id":921,"candidato_nombre":"Thora","candidato_apellidos":"Huels","candidato_foto_url":"\/candidatos\/avatar-persona.svg","candidatura_total_votos_numero":"1,203","candidatura_total_votos_casilla":"1,203","candidatura_total_votos_anticipados":"0","candidatura_total_votos_porcentaje":"16.7409","candidatura_nombre":"PES","candidatura_logo":"\/emblemas\/PES.png","seleccionado":false},{"candidato_id":653,"candidato_nombre":"Colton","candidato_apellidos":"Nolan","candidato_foto_url":"\/candidatos\/avatar-persona.svg","candidatura_total_votos_numero":"1,237","candidatura_total_votos_casilla":"1,237","candidatura_total_votos_anticipados":"0","candidatura_total_votos_porcentaje":"17.2140","candidatura_nombre":"FXM","candidatura_logo":"\/emblemas\/FXM.jpg","seleccionado":false},{"candidato_id":653,"candidato_nombre":"Colton","candidato_apellidos":"Nolan","candidato_foto_url":"\/candidatos\/avatar-persona.svg","candidatura_total_votos_numero":"0","candidatura_total_votos_casilla":"0","candidatura_total_votos_anticipados":"0","candidatura_total_votos_porcentaje":"0.0000","candidatura_nombre":"ML","candidatura_logo":"\/emblemas\/PML.png","seleccionado":false}]},{"distrito_id":"9","candidato_id_con_mayor_numero_votos":631,"mayor_numero_votos_numero":1784,"datos_candidaturas":[{"candidato_id":651,"candidato_nombre":"Tillman","candidato_apellidos":"Tromp","candidato_foto_url":"\/candidatos\/avatar-persona.svg","candidatura_total_votos_numero":"0","candidatura_total_votos_casilla":"0","candidatura_total_votos_anticipados":"0","candidatura_total_votos_porcentaje":"0.0000","candidatura_nombre":"PAN","candidatura_logo":"\/emblemas\/PAN.png","seleccionado":false},{"candidato_id":651,"candidato_nombre":"Tillman","candidato_apellidos":"Tromp","candidato_foto_url":"\/candidatos\/avatar-persona.svg","candidatura_total_votos_numero":"0","candidatura_total_votos_casilla":"0","candidatura_total_votos_anticipados":"0","candidatura_total_votos_porcentaje":"0.0000","candidatura_nombre":"PRI","candidatura_logo":"\/emblemas\/PRI.jpeg","seleccionado":false},{"candidato_id":651,"candidato_nombre":"Tillman","candidato_apellidos":"Tromp","candidato_foto_url":"\/candidatos\/avatar-persona.svg","candidatura_total_votos_numero":"0","candidatura_total_votos_casilla":"0","candidatura_total_votos_anticipados":"0","candidatura_total_votos_porcentaje":"0.0000","candidatura_nombre":"PRD","candidatura_logo":"\/emblemas\/PRD.png","seleccionado":false},{"candidato_id":651,"candidato_nombre":"Tillman","candidato_apellidos":"Tromp","candidato_foto_url":"\/candidatos\/avatar-persona.svg","candidatura_total_votos_numero":"534","candidatura_total_votos_casilla":"534","candidatura_total_votos_anticipados":"0","candidatura_total_votos_porcentaje":"5.6175","candidatura_nombre":"PT","candidatura_logo":"\/emblemas\/PT.jpeg","seleccionado":false},{"candidato_id":778,"candidato_nombre":"Laurine","candidato_apellidos":"Mohr","candidato_foto_url":"\/candidatos\/avatar-persona.svg","candidatura_total_votos_numero":"1,626","candidatura_total_votos_casilla":"1,626","candidatura_total_votos_anticipados":"0","candidatura_total_votos_porcentaje":"17.1050","candidatura_nombre":"PVEM","candidatura_logo":"\/emblemas\/PVEM.jpeg","seleccionado":false},{"candidato_id":651,"candidato_nombre":"Tillman","candidato_apellidos":"Tromp","candidato_foto_url":"\/candidatos\/avatar-persona.svg","candidatura_total_votos_numero":"1,527","candidatura_total_votos_casilla":"1,527","candidatura_total_votos_anticipados":"0","candidatura_total_votos_porcentaje":"16.0635","candidatura_nombre":"MC","candidatura_logo":"\/emblemas\/MC.jpeg","seleccionado":false},{"candidato_id":651,"candidato_nombre":"Tillman","candidato_apellidos":"Tromp","candidato_foto_url":"\/candidatos\/avatar-persona.svg","candidatura_total_votos_numero":"0","candidatura_total_votos_casilla":"0","candidatura_total_votos_anticipados":"0","candidatura_total_votos_porcentaje":"0.0000","candidatura_nombre":"PRS","candidatura_logo":"\/emblemas\/PRS.png","seleccionado":false},{"candidato_id":651,"candidato_nombre":"Tillman","candidato_apellidos":"Tromp","candidato_foto_url":"\/candidatos\/avatar-persona.svg","candidatura_total_votos_numero":"555","candidatura_total_votos_casilla":"555","candidatura_total_votos_anticipados":"0","candidatura_total_votos_porcentaje":"5.8384","candidatura_nombre":"MORENA","candidatura_logo":"\/emblemas\/MORENA.jpeg","seleccionado":false},{"candidato_id":651,"candidato_nombre":"Tillman","candidato_apellidos":"Tromp","candidato_foto_url":"\/candidatos\/avatar-persona.svg","candidatura_total_votos_numero":"0","candidatura_total_votos_casilla":"0","candidatura_total_votos_anticipados":"0","candidatura_total_votos_porcentaje":"0.0000","candidatura_nombre":"PHBCS","candidatura_logo":"\/emblemas\/PH_BCS.png","seleccionado":false},{"candidato_id":774,"candidato_nombre":"Rafaela","candidato_apellidos":"Sanford","candidato_foto_url":"\/candidatos\/avatar-persona.svg","candidatura_total_votos_numero":"1,730","candidatura_total_votos_casilla":"1,730","candidatura_total_votos_anticipados":"0","candidatura_total_votos_porcentaje":"18.1990","candidatura_nombre":"PNABCS","candidatura_logo":"\/emblemas\/PNABCS.jpeg","seleccionado":false},{"candidato_id":631,"candidato_nombre":"Vanessa","candidato_apellidos":"Runte","candidato_foto_url":"\/candidatos\/avatar-persona.svg","candidatura_total_votos_numero":"1,784","candidatura_total_votos_casilla":"1,784","candidatura_total_votos_anticipados":"0","candidatura_total_votos_porcentaje":"18.7671","candidatura_nombre":"PES","candidatura_logo":"\/emblemas\/PES.png","seleccionado":false},{"candidato_id":698,"candidato_nombre":"Eladio","candidato_apellidos":"Stamm","candidato_foto_url":"\/candidatos\/avatar-persona.svg","candidatura_total_votos_numero":"1,750","candidatura_total_votos_casilla":"1,750","candidatura_total_votos_anticipados":"0","candidatura_total_votos_porcentaje":"18.4094","candidatura_nombre":"FXM","candidatura_logo":"\/emblemas\/FXM.jpg","seleccionado":false},{"candidato_id":698,"candidato_nombre":"Eladio","candidato_apellidos":"Stamm","candidato_foto_url":"\/candidatos\/avatar-persona.svg","candidatura_total_votos_numero":"0","candidatura_total_votos_casilla":"0","candidatura_total_votos_anticipados":"0","candidatura_total_votos_porcentaje":"0.0000","candidatura_nombre":"ML","candidatura_logo":"\/emblemas\/PML.png","seleccionado":false}]},{"distrito_id":"10","candidato_id_con_mayor_numero_votos":275,"mayor_numero_votos_numero":1616,"datos_candidaturas":[{"candidato_id":277,"candidato_nombre":"Aubrey","candidato_apellidos":"Olson","candidato_foto_url":"\/candidatos\/avatar-persona.svg","candidatura_total_votos_numero":"0","candidatura_total_votos_casilla":"0","candidatura_total_votos_anticipados":"0","candidatura_total_votos_porcentaje":"0.0000","candidatura_nombre":"PAN","candidatura_logo":"\/emblemas\/PAN.png","seleccionado":false},{"candidato_id":277,"candidato_nombre":"Aubrey","candidato_apellidos":"Olson","candidato_foto_url":"\/candidatos\/avatar-persona.svg","candidatura_total_votos_numero":"0","candidatura_total_votos_casilla":"0","candidatura_total_votos_anticipados":"0","candidatura_total_votos_porcentaje":"0.0000","candidatura_nombre":"PRI","candidatura_logo":"\/emblemas\/PRI.jpeg","seleccionado":false},{"candidato_id":277,"candidato_nombre":"Aubrey","candidato_apellidos":"Olson","candidato_foto_url":"\/candidatos\/avatar-persona.svg","candidatura_total_votos_numero":"0","candidatura_total_votos_casilla":"0","candidatura_total_votos_anticipados":"0","candidatura_total_votos_porcentaje":"0.0000","candidatura_nombre":"PRD","candidatura_logo":"\/emblemas\/PRD.png","seleccionado":false},{"candidato_id":277,"candidato_nombre":"Aubrey","candidato_apellidos":"Olson","candidato_foto_url":"\/candidatos\/avatar-persona.svg","candidatura_total_votos_numero":"484","candidatura_total_votos_casilla":"484","candidatura_total_votos_anticipados":"0","candidatura_total_votos_porcentaje":"5.7523","candidatura_nombre":"PT","candidatura_logo":"\/emblemas\/PT.jpeg","seleccionado":false},{"candidato_id":540,"candidato_nombre":"Jayde","candidato_apellidos":"Upton","candidato_foto_url":"\/candidatos\/avatar-persona.svg","candidatura_total_votos_numero":"1,419","candidatura_total_votos_casilla":"1,419","candidatura_total_votos_anticipados":"0","candidatura_total_votos_porcentaje":"16.8647","candidatura_nombre":"PVEM","candidatura_logo":"\/emblemas\/PVEM.jpeg","seleccionado":false},{"candidato_id":277,"candidato_nombre":"Aubrey","candidato_apellidos":"Olson","candidato_foto_url":"\/candidatos\/avatar-persona.svg","candidatura_total_votos_numero":"1,518","candidatura_total_votos_casilla":"1,518","candidatura_total_votos_anticipados":"0","candidatura_total_votos_porcentaje":"18.0414","candidatura_nombre":"MC","candidatura_logo":"\/emblemas\/MC.jpeg","seleccionado":false},{"candidato_id":277,"candidato_nombre":"Aubrey","candidato_apellidos":"Olson","candidato_foto_url":"\/candidatos\/avatar-persona.svg","candidatura_total_votos_numero":"0","candidatura_total_votos_casilla":"0","candidatura_total_votos_anticipados":"0","candidatura_total_votos_porcentaje":"0.0000","candidatura_nombre":"PRS","candidatura_logo":"\/emblemas\/PRS.png","seleccionado":false},{"candidato_id":277,"candidato_nombre":"Aubrey","candidato_apellidos":"Olson","candidato_foto_url":"\/candidatos\/avatar-persona.svg","candidatura_total_votos_numero":"472","candidatura_total_votos_casilla":"472","candidatura_total_votos_anticipados":"0","candidatura_total_votos_porcentaje":"5.6097","candidatura_nombre":"MORENA","candidatura_logo":"\/emblemas\/MORENA.jpeg","seleccionado":false},{"candidato_id":277,"candidato_nombre":"Aubrey","candidato_apellidos":"Olson","candidato_foto_url":"\/candidatos\/avatar-persona.svg","candidatura_total_votos_numero":"0","candidatura_total_votos_casilla":"0","candidatura_total_votos_anticipados":"0","candidatura_total_votos_porcentaje":"0.0000","candidatura_nombre":"PHBCS","candidatura_logo":"\/emblemas\/PH_BCS.png","seleccionado":false},{"candidato_id":289,"candidato_nombre":"Mae","candidato_apellidos":"Dietrich","candidato_foto_url":"\/candidatos\/avatar-persona.svg","candidatura_total_votos_numero":"1,499","candidatura_total_votos_casilla":"1,499","candidatura_total_votos_anticipados":"0","candidatura_total_votos_porcentaje":"17.8155","candidatura_nombre":"PNABCS","candidatura_logo":"\/emblemas\/PNABCS.jpeg","seleccionado":false},{"candidato_id":974,"candidato_nombre":"Guy","candidato_apellidos":"Ward","candidato_foto_url":"\/candidatos\/avatar-persona.svg","candidatura_total_votos_numero":"1,406","candidatura_total_votos_casilla":"1,406","candidatura_total_votos_anticipados":"0","candidatura_total_votos_porcentaje":"16.7102","candidatura_nombre":"PES","candidatura_logo":"\/emblemas\/PES.png","seleccionado":false},{"candidato_id":275,"candidato_nombre":"Minerva","candidato_apellidos":"Krajcik","candidato_foto_url":"\/candidatos\/avatar-persona.svg","candidatura_total_votos_numero":"1,616","candidatura_total_votos_casilla":"1,616","candidatura_total_votos_anticipados":"0","candidatura_total_votos_porcentaje":"19.2061","candidatura_nombre":"FXM","candidatura_logo":"\/emblemas\/FXM.jpg","seleccionado":false},{"candidato_id":275,"candidato_nombre":"Minerva","candidato_apellidos":"Krajcik","candidato_foto_url":"\/candidatos\/avatar-persona.svg","candidatura_total_votos_numero":"0","candidatura_total_votos_casilla":"0","candidatura_total_votos_anticipados":"0","candidatura_total_votos_porcentaje":"0.0000","candidatura_nombre":"ML","candidatura_logo":"\/emblemas\/PML.png","seleccionado":false}]},{"distrito_id":"11","candidato_id_con_mayor_numero_votos":285,"mayor_numero_votos_numero":1673,"datos_candidaturas":[{"candidato_id":285,"candidato_nombre":"Chance","candidato_apellidos":"Lebsack","candidato_foto_url":"\/candidatos\/avatar-persona.svg","candidatura_total_votos_numero":"0","candidatura_total_votos_casilla":"0","candidatura_total_votos_anticipados":"0","candidatura_total_votos_porcentaje":"0.0000","candidatura_nombre":"PAN","candidatura_logo":"\/emblemas\/PAN.png","seleccionado":false},{"candidato_id":285,"candidato_nombre":"Chance","candidato_apellidos":"Lebsack","candidato_foto_url":"\/candidatos\/avatar-persona.svg","candidatura_total_votos_numero":"0","candidatura_total_votos_casilla":"0","candidatura_total_votos_anticipados":"0","candidatura_total_votos_porcentaje":"0.0000","candidatura_nombre":"PRI","candidatura_logo":"\/emblemas\/PRI.jpeg","seleccionado":false},{"candidato_id":285,"candidato_nombre":"Chance","candidato_apellidos":"Lebsack","candidato_foto_url":"\/candidatos\/avatar-persona.svg","candidatura_total_votos_numero":"0","candidatura_total_votos_casilla":"0","candidatura_total_votos_anticipados":"0","candidatura_total_votos_porcentaje":"0.0000","candidatura_nombre":"PRD","candidatura_logo":"\/emblemas\/PRD.png","seleccionado":false},{"candidato_id":285,"candidato_nombre":"Chance","candidato_apellidos":"Lebsack","candidato_foto_url":"\/candidatos\/avatar-persona.svg","candidatura_total_votos_numero":"528","candidatura_total_votos_casilla":"528","candidatura_total_votos_anticipados":"0","candidatura_total_votos_porcentaje":"5.7001","candidatura_nombre":"PT","candidatura_logo":"\/emblemas\/PT.jpeg","seleccionado":false},{"candidato_id":881,"candidato_nombre":"Jensen","candidato_apellidos":"Renner","candidato_foto_url":"\/candidatos\/avatar-persona.svg","candidatura_total_votos_numero":"1,667","candidatura_total_votos_casilla":"1,667","candidatura_total_votos_anticipados":"0","candidatura_total_votos_porcentaje":"17.9963","candidatura_nombre":"PVEM","candidatura_logo":"\/emblemas\/PVEM.jpeg","seleccionado":false},{"candidato_id":285,"candidato_nombre":"Chance","candidato_apellidos":"Lebsack","candidato_foto_url":"\/candidatos\/avatar-persona.svg","candidatura_total_votos_numero":"1,673","candidatura_total_votos_casilla":"1,673","candidatura_total_votos_anticipados":"0","candidatura_total_votos_porcentaje":"18.0611","candidatura_nombre":"MC","candidatura_logo":"\/emblemas\/MC.jpeg","seleccionado":false},{"candidato_id":285,"candidato_nombre":"Chance","candidato_apellidos":"Lebsack","candidato_foto_url":"\/candidatos\/avatar-persona.svg","candidatura_total_votos_numero":"0","candidatura_total_votos_casilla":"0","candidatura_total_votos_anticipados":"0","candidatura_total_votos_porcentaje":"0.0000","candidatura_nombre":"PRS","candidatura_logo":"\/emblemas\/PRS.png","seleccionado":false},{"candidato_id":285,"candidato_nombre":"Chance","candidato_apellidos":"Lebsack","candidato_foto_url":"\/candidatos\/avatar-persona.svg","candidatura_total_votos_numero":"545","candidatura_total_votos_casilla":"545","candidatura_total_votos_anticipados":"0","candidatura_total_votos_porcentaje":"5.8836","candidatura_nombre":"MORENA","candidatura_logo":"\/emblemas\/MORENA.jpeg","seleccionado":false},{"candidato_id":285,"candidato_nombre":"Chance","candidato_apellidos":"Lebsack","candidato_foto_url":"\/candidatos\/avatar-persona.svg","candidatura_total_votos_numero":"0","candidatura_total_votos_casilla":"0","candidatura_total_votos_anticipados":"0","candidatura_total_votos_porcentaje":"0.0000","candidatura_nombre":"PHBCS","candidatura_logo":"\/emblemas\/PH_BCS.png","seleccionado":false},{"candidato_id":307,"candidato_nombre":"Myrtice","candidato_apellidos":"Crist","candidato_foto_url":"\/candidatos\/avatar-persona.svg","candidatura_total_votos_numero":"1,592","candidatura_total_votos_casilla":"1,592","candidatura_total_votos_anticipados":"0","candidatura_total_votos_porcentaje":"17.1867","candidatura_nombre":"PNABCS","candidatura_logo":"\/emblemas\/PNABCS.jpeg","seleccionado":false},{"candidato_id":957,"candidato_nombre":"Odie","candidato_apellidos":"Little","candidato_foto_url":"\/candidatos\/avatar-persona.svg","candidatura_total_votos_numero":"1,611","candidatura_total_votos_casilla":"1,611","candidatura_total_votos_anticipados":"0","candidatura_total_votos_porcentaje":"17.3918","candidatura_nombre":"PES","candidatura_logo":"\/emblemas\/PES.png","seleccionado":false},{"candidato_id":279,"candidato_nombre":"Jena","candidato_apellidos":"Aufderhar","candidato_foto_url":"\/candidatos\/avatar-persona.svg","candidatura_total_votos_numero":"1,647","candidatura_total_votos_casilla":"1,647","candidatura_total_votos_anticipados":"0","candidatura_total_votos_porcentaje":"17.7804","candidatura_nombre":"FXM","candidatura_logo":"\/emblemas\/FXM.jpg","seleccionado":false},{"candidato_id":279,"candidato_nombre":"Jena","candidato_apellidos":"Aufderhar","candidato_foto_url":"\/candidatos\/avatar-persona.svg","candidatura_total_votos_numero":"0","candidatura_total_votos_casilla":"0","candidatura_total_votos_anticipados":"0","candidatura_total_votos_porcentaje":"0.0000","candidatura_nombre":"ML","candidatura_logo":"\/emblemas\/PML.png","seleccionado":false}]},{"distrito_id":"12","candidato_id_con_mayor_numero_votos":800,"mayor_numero_votos_numero":1347,"datos_candidaturas":[{"candidato_id":679,"candidato_nombre":"Kiara","candidato_apellidos":"Veum","candidato_foto_url":"\/candidatos\/avatar-persona.svg","candidatura_total_votos_numero":"0","candidatura_total_votos_casilla":"0","candidatura_total_votos_anticipados":"0","candidatura_total_votos_porcentaje":"0.0000","candidatura_nombre":"PAN","candidatura_logo":"\/emblemas\/PAN.png","seleccionado":false},{"candidato_id":679,"candidato_nombre":"Kiara","candidato_apellidos":"Veum","candidato_foto_url":"\/candidatos\/avatar-persona.svg","candidatura_total_votos_numero":"0","candidatura_total_votos_casilla":"0","candidatura_total_votos_anticipados":"0","candidatura_total_votos_porcentaje":"0.0000","candidatura_nombre":"PRI","candidatura_logo":"\/emblemas\/PRI.jpeg","seleccionado":false},{"candidato_id":679,"candidato_nombre":"Kiara","candidato_apellidos":"Veum","candidato_foto_url":"\/candidatos\/avatar-persona.svg","candidatura_total_votos_numero":"0","candidatura_total_votos_casilla":"0","candidatura_total_votos_anticipados":"0","candidatura_total_votos_porcentaje":"0.0000","candidatura_nombre":"PRD","candidatura_logo":"\/emblemas\/PRD.png","seleccionado":false},{"candidato_id":679,"candidato_nombre":"Kiara","candidato_apellidos":"Veum","candidato_foto_url":"\/candidatos\/avatar-persona.svg","candidatura_total_votos_numero":"375","candidatura_total_votos_casilla":"375","candidatura_total_votos_anticipados":"0","candidatura_total_votos_porcentaje":"5.4246","candidatura_nombre":"PT","candidatura_logo":"\/emblemas\/PT.jpeg","seleccionado":false},{"candidato_id":874,"candidato_nombre":"Agustina","candidato_apellidos":"Breitenberg","candidato_foto_url":"\/candidatos\/avatar-persona.svg","candidatura_total_votos_numero":"1,148","candidatura_total_votos_casilla":"1,148","candidatura_total_votos_anticipados":"0","candidatura_total_votos_porcentaje":"16.6064","candidatura_nombre":"PVEM","candidatura_logo":"\/emblemas\/PVEM.jpeg","seleccionado":false},{"candidato_id":679,"candidato_nombre":"Kiara","candidato_apellidos":"Veum","candidato_foto_url":"\/candidatos\/avatar-persona.svg","candidatura_total_votos_numero":"1,153","candidatura_total_votos_casilla":"1,153","candidatura_total_votos_anticipados":"0","candidatura_total_votos_porcentaje":"16.6787","candidatura_nombre":"MC","candidatura_logo":"\/emblemas\/MC.jpeg","seleccionado":false},{"candidato_id":679,"candidato_nombre":"Kiara","candidato_apellidos":"Veum","candidato_foto_url":"\/candidatos\/avatar-persona.svg","candidatura_total_votos_numero":"0","candidatura_total_votos_casilla":"0","candidatura_total_votos_anticipados":"0","candidatura_total_votos_porcentaje":"0.0000","candidatura_nombre":"PRS","candidatura_logo":"\/emblemas\/PRS.png","seleccionado":false},{"candidato_id":679,"candidato_nombre":"Kiara","candidato_apellidos":"Veum","candidato_foto_url":"\/candidatos\/avatar-persona.svg","candidatura_total_votos_numero":"371","candidatura_total_votos_casilla":"371","candidatura_total_votos_anticipados":"0","candidatura_total_votos_porcentaje":"5.3667","candidatura_nombre":"MORENA","candidatura_logo":"\/emblemas\/MORENA.jpeg","seleccionado":false},{"candidato_id":679,"candidato_nombre":"Kiara","candidato_apellidos":"Veum","candidato_foto_url":"\/candidatos\/avatar-persona.svg","candidatura_total_votos_numero":"0","candidatura_total_votos_casilla":"0","candidatura_total_votos_anticipados":"0","candidatura_total_votos_porcentaje":"0.0000","candidatura_nombre":"PHBCS","candidatura_logo":"\/emblemas\/PH_BCS.png","seleccionado":false},{"candidato_id":798,"candidato_nombre":"Clifton","candidato_apellidos":"Reynolds","candidato_foto_url":"\/candidatos\/avatar-persona.svg","candidatura_total_votos_numero":"1,211","candidatura_total_votos_casilla":"1,211","candidatura_total_votos_anticipados":"0","candidatura_total_votos_porcentaje":"17.5177","candidatura_nombre":"PNABCS","candidatura_logo":"\/emblemas\/PNABCS.jpeg","seleccionado":false},{"candidato_id":949,"candidato_nombre":"Darrion","candidato_apellidos":"Adams","candidato_foto_url":"\/candidatos\/avatar-persona.svg","candidatura_total_votos_numero":"1,308","candidatura_total_votos_casilla":"1,308","candidatura_total_votos_anticipados":"0","candidatura_total_votos_porcentaje":"18.9209","candidatura_nombre":"PES","candidatura_logo":"\/emblemas\/PES.png","seleccionado":false},{"candidato_id":800,"candidato_nombre":"Aurelia","candidato_apellidos":"Goldner","candidato_foto_url":"\/candidatos\/avatar-persona.svg","candidatura_total_votos_numero":"1,347","candidatura_total_votos_casilla":"1,347","candidatura_total_votos_anticipados":"0","candidatura_total_votos_porcentaje":"19.4850","candidatura_nombre":"FXM","candidatura_logo":"\/emblemas\/FXM.jpg","seleccionado":false},{"candidato_id":800,"candidato_nombre":"Aurelia","candidato_apellidos":"Goldner","candidato_foto_url":"\/candidatos\/avatar-persona.svg","candidatura_total_votos_numero":"0","candidatura_total_votos_casilla":"0","candidatura_total_votos_anticipados":"0","candidatura_total_votos_porcentaje":"0.0000","candidatura_nombre":"ML","candidatura_logo":"\/emblemas\/PML.png","seleccionado":false}]},{"distrito_id":"13","candidato_id_con_mayor_numero_votos":820,"mayor_numero_votos_numero":1449,"datos_candidaturas":[{"candidato_id":514,"candidato_nombre":"Kasey","candidato_apellidos":"Corkery","candidato_foto_url":"\/candidatos\/avatar-persona.svg","candidatura_total_votos_numero":"0","candidatura_total_votos_casilla":"0","candidatura_total_votos_anticipados":"0","candidatura_total_votos_porcentaje":"0.0000","candidatura_nombre":"PAN","candidatura_logo":"\/emblemas\/PAN.png","seleccionado":false},{"candidato_id":514,"candidato_nombre":"Kasey","candidato_apellidos":"Corkery","candidato_foto_url":"\/candidatos\/avatar-persona.svg","candidatura_total_votos_numero":"0","candidatura_total_votos_casilla":"0","candidatura_total_votos_anticipados":"0","candidatura_total_votos_porcentaje":"0.0000","candidatura_nombre":"PRI","candidatura_logo":"\/emblemas\/PRI.jpeg","seleccionado":false},{"candidato_id":514,"candidato_nombre":"Kasey","candidato_apellidos":"Corkery","candidato_foto_url":"\/candidatos\/avatar-persona.svg","candidatura_total_votos_numero":"0","candidatura_total_votos_casilla":"0","candidatura_total_votos_anticipados":"0","candidatura_total_votos_porcentaje":"0.0000","candidatura_nombre":"PRD","candidatura_logo":"\/emblemas\/PRD.png","seleccionado":false},{"candidato_id":514,"candidato_nombre":"Kasey","candidato_apellidos":"Corkery","candidato_foto_url":"\/candidatos\/avatar-persona.svg","candidatura_total_votos_numero":"480","candidatura_total_votos_casilla":"480","candidatura_total_votos_anticipados":"0","candidatura_total_votos_porcentaje":"6.1232","candidatura_nombre":"PT","candidatura_logo":"\/emblemas\/PT.jpeg","seleccionado":false},{"candidato_id":976,"candidato_nombre":"Esther","candidato_apellidos":"Schmidt","candidato_foto_url":"\/candidatos\/avatar-persona.svg","candidatura_total_votos_numero":"1,281","candidatura_total_votos_casilla":"1,281","candidatura_total_votos_anticipados":"0","candidatura_total_votos_porcentaje":"16.3414","candidatura_nombre":"PVEM","candidatura_logo":"\/emblemas\/PVEM.jpeg","seleccionado":false},{"candidato_id":514,"candidato_nombre":"Kasey","candidato_apellidos":"Corkery","candidato_foto_url":"\/candidatos\/avatar-persona.svg","candidatura_total_votos_numero":"1,418","candidatura_total_votos_casilla":"1,418","candidatura_total_votos_anticipados":"0","candidatura_total_votos_porcentaje":"18.0890","candidatura_nombre":"MC","candidatura_logo":"\/emblemas\/MC.jpeg","seleccionado":false},{"candidato_id":514,"candidato_nombre":"Kasey","candidato_apellidos":"Corkery","candidato_foto_url":"\/candidatos\/avatar-persona.svg","candidatura_total_votos_numero":"0","candidatura_total_votos_casilla":"0","candidatura_total_votos_anticipados":"0","candidatura_total_votos_porcentaje":"0.0000","candidatura_nombre":"PRS","candidatura_logo":"\/emblemas\/PRS.png","seleccionado":false},{"candidato_id":514,"candidato_nombre":"Kasey","candidato_apellidos":"Corkery","candidato_foto_url":"\/candidatos\/avatar-persona.svg","candidatura_total_votos_numero":"470","candidatura_total_votos_casilla":"470","candidatura_total_votos_anticipados":"0","candidatura_total_votos_porcentaje":"5.9957","candidatura_nombre":"MORENA","candidatura_logo":"\/emblemas\/MORENA.jpeg","seleccionado":false},{"candidato_id":514,"candidato_nombre":"Kasey","candidato_apellidos":"Corkery","candidato_foto_url":"\/candidatos\/avatar-persona.svg","candidatura_total_votos_numero":"0","candidatura_total_votos_casilla":"0","candidatura_total_votos_anticipados":"0","candidatura_total_votos_porcentaje":"0.0000","candidatura_nombre":"PHBCS","candidatura_logo":"\/emblemas\/PH_BCS.png","seleccionado":false},{"candidato_id":546,"candidato_nombre":"Bernardo","candidato_apellidos":"Glover","candidato_foto_url":"\/candidatos\/avatar-persona.svg","candidatura_total_votos_numero":"1,410","candidatura_total_votos_casilla":"1,410","candidatura_total_votos_anticipados":"0","candidatura_total_votos_porcentaje":"17.9870","candidatura_nombre":"PNABCS","candidatura_logo":"\/emblemas\/PNABCS.jpeg","seleccionado":false},{"candidato_id":820,"candidato_nombre":"Scarlett","candidato_apellidos":"Huels","candidato_foto_url":"\/candidatos\/avatar-persona.svg","candidatura_total_votos_numero":"1,449","candidatura_total_votos_casilla":"1,449","candidatura_total_votos_anticipados":"0","candidatura_total_votos_porcentaje":"18.4845","candidatura_nombre":"PES","candidatura_logo":"\/emblemas\/PES.png","seleccionado":false},{"candidato_id":1021,"candidato_nombre":"Rebecca","candidato_apellidos":"Grady","candidato_foto_url":"\/candidatos\/avatar-persona.svg","candidatura_total_votos_numero":"1,331","candidatura_total_votos_casilla":"1,331","candidatura_total_votos_anticipados":"0","candidatura_total_votos_porcentaje":"16.9792","candidatura_nombre":"FXM","candidatura_logo":"\/emblemas\/FXM.jpg","seleccionado":false},{"candidato_id":1021,"candidato_nombre":"Rebecca","candidato_apellidos":"Grady","candidato_foto_url":"\/candidatos\/avatar-persona.svg","candidatura_total_votos_numero":"0","candidatura_total_votos_casilla":"0","candidatura_total_votos_anticipados":"0","candidatura_total_votos_porcentaje":"0.0000","candidatura_nombre":"ML","candidatura_logo":"\/emblemas\/PML.png","seleccionado":false}]},{"distrito_id":"14","candidato_id_con_mayor_numero_votos":823,"mayor_numero_votos_numero":1496,"datos_candidaturas":[{"candidato_id":158,"candidato_nombre":"Justice","candidato_apellidos":"Dickinson","candidato_foto_url":"\/candidatos\/avatar-persona.svg","candidatura_total_votos_numero":"1,142","candidatura_total_votos_casilla":"1,142","candidatura_total_votos_anticipados":"0","candidatura_total_votos_porcentaje":"28.7296","candidatura_nombre":"PNABCS","candidatura_logo":"\/emblemas\/PNABCS.jpeg","seleccionado":false},{"candidato_id":823,"candidato_nombre":"Jayson","candidato_apellidos":"West","candidato_foto_url":"\/candidatos\/avatar-persona.svg","candidatura_total_votos_numero":"1,496","candidatura_total_votos_casilla":"1,496","candidatura_total_votos_anticipados":"0","candidatura_total_votos_porcentaje":"37.6352","candidatura_nombre":"PES","candidatura_logo":"\/emblemas\/PES.png","seleccionado":false},{"candidato_id":953,"candidato_nombre":"Nelda","candidato_apellidos":"Monahan","candidato_foto_url":"\/candidatos\/avatar-persona.svg","candidatura_total_votos_numero":"1,337","candidatura_total_votos_casilla":"1,337","candidatura_total_votos_anticipados":"0","candidatura_total_votos_porcentaje":"33.6352","candidatura_nombre":"FXM","candidatura_logo":"\/emblemas\/FXM.jpg","seleccionado":false},{"candidato_id":953,"candidato_nombre":"Nelda","candidato_apellidos":"Monahan","candidato_foto_url":"\/candidatos\/avatar-persona.svg","candidatura_total_votos_numero":"0","candidatura_total_votos_casilla":"0","candidatura_total_votos_anticipados":"0","candidatura_total_votos_porcentaje":"0.0000","candidatura_nombre":"ML","candidatura_logo":"\/emblemas\/PML.png","seleccionado":false}]},{"distrito_id":"15","candidato_id_con_mayor_numero_votos":978,"mayor_numero_votos_numero":1900,"datos_candidaturas":[{"candidato_id":423,"candidato_nombre":"Derek","candidato_apellidos":"Hoeger","candidato_foto_url":"\/candidatos\/avatar-persona.svg","candidatura_total_votos_numero":"0","candidatura_total_votos_casilla":"0","candidatura_total_votos_anticipados":"0","candidatura_total_votos_porcentaje":"0.0000","candidatura_nombre":"PAN","candidatura_logo":"\/emblemas\/PAN.png","seleccionado":false},{"candidato_id":423,"candidato_nombre":"Derek","candidato_apellidos":"Hoeger","candidato_foto_url":"\/candidatos\/avatar-persona.svg","candidatura_total_votos_numero":"0","candidatura_total_votos_casilla":"0","candidatura_total_votos_anticipados":"0","candidatura_total_votos_porcentaje":"0.0000","candidatura_nombre":"PRI","candidatura_logo":"\/emblemas\/PRI.jpeg","seleccionado":false},{"candidato_id":423,"candidato_nombre":"Derek","candidato_apellidos":"Hoeger","candidato_foto_url":"\/candidatos\/avatar-persona.svg","candidatura_total_votos_numero":"0","candidatura_total_votos_casilla":"0","candidatura_total_votos_anticipados":"0","candidatura_total_votos_porcentaje":"0.0000","candidatura_nombre":"PRD","candidatura_logo":"\/emblemas\/PRD.png","seleccionado":false},{"candidato_id":423,"candidato_nombre":"Derek","candidato_apellidos":"Hoeger","candidato_foto_url":"\/candidatos\/avatar-persona.svg","candidatura_total_votos_numero":"561","candidatura_total_votos_casilla":"561","candidatura_total_votos_anticipados":"0","candidatura_total_votos_porcentaje":"5.4849","candidatura_nombre":"PT","candidatura_logo":"\/emblemas\/PT.jpeg","seleccionado":false},{"candidato_id":978,"candidato_nombre":"Francesco","candidato_apellidos":"Gulgowski","candidato_foto_url":"\/candidatos\/avatar-persona.svg","candidatura_total_votos_numero":"1,900","candidatura_total_votos_casilla":"1,900","candidatura_total_votos_anticipados":"0","candidatura_total_votos_porcentaje":"18.5765","candidatura_nombre":"PVEM","candidatura_logo":"\/emblemas\/PVEM.jpeg","seleccionado":false},{"candidato_id":423,"candidato_nombre":"Derek","candidato_apellidos":"Hoeger","candidato_foto_url":"\/candidatos\/avatar-persona.svg","candidatura_total_votos_numero":"1,755","candidatura_total_votos_casilla":"1,755","candidatura_total_votos_anticipados":"0","candidatura_total_votos_porcentaje":"17.1588","candidatura_nombre":"MC","candidatura_logo":"\/emblemas\/MC.jpeg","seleccionado":false},{"candidato_id":423,"candidato_nombre":"Derek","candidato_apellidos":"Hoeger","candidato_foto_url":"\/candidatos\/avatar-persona.svg","candidatura_total_votos_numero":"0","candidatura_total_votos_casilla":"0","candidatura_total_votos_anticipados":"0","candidatura_total_votos_porcentaje":"0.0000","candidatura_nombre":"PRS","candidatura_logo":"\/emblemas\/PRS.png","seleccionado":false},{"candidato_id":423,"candidato_nombre":"Derek","candidato_apellidos":"Hoeger","candidato_foto_url":"\/candidatos\/avatar-persona.svg","candidatura_total_votos_numero":"589","candidatura_total_votos_casilla":"589","candidatura_total_votos_anticipados":"0","candidatura_total_votos_porcentaje":"5.7587","candidatura_nombre":"MORENA","candidatura_logo":"\/emblemas\/MORENA.jpeg","seleccionado":false},{"candidato_id":423,"candidato_nombre":"Derek","candidato_apellidos":"Hoeger","candidato_foto_url":"\/candidatos\/avatar-persona.svg","candidatura_total_votos_numero":"0","candidatura_total_votos_casilla":"0","candidatura_total_votos_anticipados":"0","candidatura_total_votos_porcentaje":"0.0000","candidatura_nombre":"PHBCS","candidatura_logo":"\/emblemas\/PH_BCS.png","seleccionado":false},{"candidato_id":150,"candidato_nombre":"Xavier","candidato_apellidos":"Okuneva","candidato_foto_url":"\/candidatos\/avatar-persona.svg","candidatura_total_votos_numero":"1,745","candidatura_total_votos_casilla":"1,745","candidatura_total_votos_anticipados":"0","candidatura_total_votos_porcentaje":"17.0610","candidatura_nombre":"PNABCS","candidatura_logo":"\/emblemas\/PNABCS.jpeg","seleccionado":false},{"candidato_id":325,"candidato_nombre":"Foster","candidato_apellidos":"Kertzmann","candidato_foto_url":"\/candidatos\/avatar-persona.svg","candidatura_total_votos_numero":"1,851","candidatura_total_votos_casilla":"1,851","candidatura_total_votos_anticipados":"0","candidatura_total_votos_porcentaje":"18.0974","candidatura_nombre":"PES","candidatura_logo":"\/emblemas\/PES.png","seleccionado":false},{"candidato_id":919,"candidato_nombre":"Alexandrea","candidato_apellidos":"Abshire","candidato_foto_url":"\/candidatos\/avatar-persona.svg","candidatura_total_votos_numero":"1,827","candidatura_total_votos_casilla":"1,827","candidatura_total_votos_anticipados":"0","candidatura_total_votos_porcentaje":"17.8627","candidatura_nombre":"FXM","candidatura_logo":"\/emblemas\/FXM.jpg","seleccionado":false},{"candidato_id":919,"candidato_nombre":"Alexandrea","candidato_apellidos":"Abshire","candidato_foto_url":"\/candidatos\/avatar-persona.svg","candidatura_total_votos_numero":"0","candidatura_total_votos_casilla":"0","candidatura_total_votos_anticipados":"0","candidatura_total_votos_porcentaje":"0.0000","candidatura_nombre":"ML","candidatura_logo":"\/emblemas\/PML.png","seleccionado":false}]},{"distrito_id":"16","candidato_id_con_mayor_numero_votos":655,"mayor_numero_votos_numero":1979,"datos_candidaturas":[{"candidato_id":655,"candidato_nombre":"Ernestina","candidato_apellidos":"Fisher","candidato_foto_url":"\/candidatos\/avatar-persona.svg","candidatura_total_votos_numero":"0","candidatura_total_votos_casilla":"0","candidatura_total_votos_anticipados":"0","candidatura_total_votos_porcentaje":"0.0000","candidatura_nombre":"PAN","candidatura_logo":"\/emblemas\/PAN.png","seleccionado":false},{"candidato_id":655,"candidato_nombre":"Ernestina","candidato_apellidos":"Fisher","candidato_foto_url":"\/candidatos\/avatar-persona.svg","candidatura_total_votos_numero":"0","candidatura_total_votos_casilla":"0","candidatura_total_votos_anticipados":"0","candidatura_total_votos_porcentaje":"0.0000","candidatura_nombre":"PRI","candidatura_logo":"\/emblemas\/PRI.jpeg","seleccionado":false},{"candidato_id":655,"candidato_nombre":"Ernestina","candidato_apellidos":"Fisher","candidato_foto_url":"\/candidatos\/avatar-persona.svg","candidatura_total_votos_numero":"0","candidatura_total_votos_casilla":"0","candidatura_total_votos_anticipados":"0","candidatura_total_votos_porcentaje":"0.0000","candidatura_nombre":"PRD","candidatura_logo":"\/emblemas\/PRD.png","seleccionado":false},{"candidato_id":655,"candidato_nombre":"Ernestina","candidato_apellidos":"Fisher","candidato_foto_url":"\/candidatos\/avatar-persona.svg","candidatura_total_votos_numero":"622","candidatura_total_votos_casilla":"622","candidatura_total_votos_anticipados":"0","candidatura_total_votos_porcentaje":"5.9170","candidatura_nombre":"PT","candidatura_logo":"\/emblemas\/PT.jpeg","seleccionado":false},{"candidato_id":550,"candidato_nombre":"Alize","candidato_apellidos":"Hegmann","candidato_foto_url":"\/candidatos\/avatar-persona.svg","candidatura_total_votos_numero":"1,832","candidatura_total_votos_casilla":"1,832","candidatura_total_votos_anticipados":"0","candidatura_total_votos_porcentaje":"17.4277","candidatura_nombre":"PVEM","candidatura_logo":"\/emblemas\/PVEM.jpeg","seleccionado":false},{"candidato_id":655,"candidato_nombre":"Ernestina","candidato_apellidos":"Fisher","candidato_foto_url":"\/candidatos\/avatar-persona.svg","candidatura_total_votos_numero":"1,979","candidatura_total_votos_casilla":"1,979","candidatura_total_votos_anticipados":"0","candidatura_total_votos_porcentaje":"18.8261","candidatura_nombre":"MC","candidatura_logo":"\/emblemas\/MC.jpeg","seleccionado":false},{"candidato_id":655,"candidato_nombre":"Ernestina","candidato_apellidos":"Fisher","candidato_foto_url":"\/candidatos\/avatar-persona.svg","candidatura_total_votos_numero":"0","candidatura_total_votos_casilla":"0","candidatura_total_votos_anticipados":"0","candidatura_total_votos_porcentaje":"0.0000","candidatura_nombre":"PRS","candidatura_logo":"\/emblemas\/PRS.png","seleccionado":false},{"candidato_id":655,"candidato_nombre":"Ernestina","candidato_apellidos":"Fisher","candidato_foto_url":"\/candidatos\/avatar-persona.svg","candidatura_total_votos_numero":"642","candidatura_total_votos_casilla":"642","candidatura_total_votos_anticipados":"0","candidatura_total_votos_porcentaje":"6.1073","candidatura_nombre":"MORENA","candidatura_logo":"\/emblemas\/MORENA.jpeg","seleccionado":false},{"candidato_id":655,"candidato_nombre":"Ernestina","candidato_apellidos":"Fisher","candidato_foto_url":"\/candidatos\/avatar-persona.svg","candidatura_total_votos_numero":"0","candidatura_total_votos_casilla":"0","candidatura_total_votos_anticipados":"0","candidatura_total_votos_porcentaje":"0.0000","candidatura_nombre":"PHBCS","candidatura_logo":"\/emblemas\/PH_BCS.png","seleccionado":false},{"candidato_id":768,"candidato_nombre":"Stan","candidato_apellidos":"Bergstrom","candidato_foto_url":"\/candidatos\/avatar-persona.svg","candidatura_total_votos_numero":"1,865","candidatura_total_votos_casilla":"1,865","candidatura_total_votos_anticipados":"0","candidatura_total_votos_porcentaje":"17.7416","candidatura_nombre":"PNABCS","candidatura_logo":"\/emblemas\/PNABCS.jpeg","seleccionado":false},{"candidato_id":677,"candidato_nombre":"Mariane","candidato_apellidos":"Morar","candidato_foto_url":"\/candidatos\/avatar-persona.svg","candidatura_total_votos_numero":"1,825","candidatura_total_votos_casilla":"1,825","candidatura_total_votos_anticipados":"0","candidatura_total_votos_porcentaje":"17.3611","candidatura_nombre":"PES","candidatura_logo":"\/emblemas\/PES.png","seleccionado":false},{"candidato_id":700,"candidato_nombre":"Joan","candidato_apellidos":"Heaney","candidato_foto_url":"\/candidatos\/avatar-persona.svg","candidatura_total_votos_numero":"1,747","candidatura_total_votos_casilla":"1,747","candidatura_total_votos_anticipados":"0","candidatura_total_votos_porcentaje":"16.6191","candidatura_nombre":"FXM","candidatura_logo":"\/emblemas\/FXM.jpg","seleccionado":false},{"candidato_id":700,"candidato_nombre":"Joan","candidato_apellidos":"Heaney","candidato_foto_url":"\/candidatos\/avatar-persona.svg","candidatura_total_votos_numero":"0","candidatura_total_votos_casilla":"0","candidatura_total_votos_anticipados":"0","candidatura_total_votos_porcentaje":"0.0000","candidatura_nombre":"ML","candidatura_logo":"\/emblemas\/PML.png","seleccionado":false}]}]}