{"fecha_utimo_corte":"27 Enero 2024","hora_local":"22:38 h UTC-7","tipo_eleccion":"Diputaciones","nombre_archivo_json":"Diputaciones_votos_candidaturas_combinaciones_vista_tarjetas_nivel_distrito.json","distritos":[{"distrito_id":"1","datos_candidaturas":[{"candidatura_id":14,"candidatura_logo":"\/emblemas\/RSP.jpeg","candidatura_nombre":"RSP","candidatura_total_votos_numero":"766","candidatura_total_votos_porcentaje":"0.0000","seleccionado":false},{"candidatura_id":2,"candidatura_logo":"\/emblemas\/PAN.png","candidatura_nombre":"PAN","candidatura_total_votos_numero":"sin dato","candidatura_total_votos_porcentaje":"0.0000","seleccionado":false},{"candidatura_id":4,"candidatura_logo":"\/emblemas\/PRD.png","candidatura_nombre":"PRD","candidatura_total_votos_numero":"sin dato","candidatura_total_votos_porcentaje":"0.0000","seleccionado":false},{"candidatura_id":3,"candidatura_logo":"\/emblemas\/PRI.jpeg","candidatura_nombre":"PRI","candidatura_total_votos_numero":"sin dato","candidatura_total_votos_porcentaje":"0.0000","seleccionado":false},{"candidatura_id":8,"candidatura_logo":"\/emblemas\/PRS.png","candidatura_nombre":"PRS","candidatura_total_votos_numero":"sin dato","candidatura_total_votos_porcentaje":"0.0000","seleccionado":false},{"candidatura_id":10,"candidatura_logo":"\/emblemas\/PH_BCS.png","candidatura_nombre":"PHBCS","candidatura_total_votos_numero":"sin dato","candidatura_total_votos_porcentaje":"0.0000","seleccionado":false},{"candidatura_id":6,"candidatura_logo":"\/emblemas\/PVEM.jpeg","candidatura_nombre":"PVEM","candidatura_total_votos_numero":"638","candidatura_total_votos_porcentaje":"0.0000","seleccionado":false},{"candidatura_id":7,"candidatura_logo":"\/emblemas\/MC.jpeg","candidatura_nombre":"MC","candidatura_total_votos_numero":"801","candidatura_total_votos_porcentaje":"0.0000","seleccionado":false},{"candidatura_id":12,"candidatura_logo":"\/emblemas\/PNABCS.jpeg","candidatura_nombre":"PNABCS","candidatura_total_votos_numero":"757","candidatura_total_votos_porcentaje":"0.0000","seleccionado":false},{"candidatura_id":13,"candidatura_logo":"\/emblemas\/PES.png","candidatura_nombre":"PES","candidatura_total_votos_numero":"826","candidatura_total_votos_porcentaje":"0.0000","seleccionado":false},{"candidatura_id":15,"candidatura_logo":"\/emblemas\/FXM.jpg","candidatura_nombre":"FXM","candidatura_total_votos_numero":"778","candidatura_total_votos_porcentaje":"0.0000","seleccionado":false},{"candidatura_id":16,"candidatura_logo":"\/emblemas\/PML.png","candidatura_nombre":"PML","candidatura_total_votos_numero":"sin dato","candidatura_total_votos_porcentaje":"0.0000","seleccionado":false},{"candidatura_id":9,"candidatura_logo":"\/emblemas\/MORENA.jpeg","candidatura_nombre":"MORENA","candidatura_total_votos_numero":"228","candidatura_total_votos_porcentaje":"0.0000","seleccionado":false},{"candidatura_id":5,"candidatura_logo":"\/emblemas\/PT.jpeg","candidatura_nombre":"PT","candidatura_total_votos_numero":"227","candidatura_total_votos_porcentaje":"0.0000","seleccionado":false},{"candidatura_id":21,"candidatura_logo":"\/emblemas\/PT-MORENA.jpeg","candidatura_nombre":"PT-MORENA","candidatura_total_votos_numero":"sin dato","candidatura_total_votos_porcentaje":"0.0000","seleccionado":false},{"candidatura_id":9999,"candidatura_logo":"sin_logo","candidatura_nombre":"TOTAL","candidatura_total_votos_numero":"0","candidatura_total_votos_porcentaje":"0.0000","seleccionado":false}]},{"distrito_id":"2","datos_candidaturas":[{"candidatura_id":2,"candidatura_logo":"\/emblemas\/PAN.png","candidatura_nombre":"PAN","candidatura_total_votos_numero":"sin dato","candidatura_total_votos_porcentaje":"0.0000","seleccionado":false},{"candidatura_id":4,"candidatura_logo":"\/emblemas\/PRD.png","candidatura_nombre":"PRD","candidatura_total_votos_numero":"sin dato","candidatura_total_votos_porcentaje":"0.0000","seleccionado":false},{"candidatura_id":3,"candidatura_logo":"\/emblemas\/PRI.jpeg","candidatura_nombre":"PRI","candidatura_total_votos_numero":"sin dato","candidatura_total_votos_porcentaje":"0.0000","seleccionado":false},{"candidatura_id":8,"candidatura_logo":"\/emblemas\/PRS.png","candidatura_nombre":"PRS","candidatura_total_votos_numero":"sin dato","candidatura_total_votos_porcentaje":"0.0000","seleccionado":false},{"candidatura_id":10,"candidatura_logo":"\/emblemas\/PH_BCS.png","candidatura_nombre":"PHBCS","candidatura_total_votos_numero":"sin dato","candidatura_total_votos_porcentaje":"0.0000","seleccionado":false},{"candidatura_id":6,"candidatura_logo":"\/emblemas\/PVEM.jpeg","candidatura_nombre":"PVEM","candidatura_total_votos_numero":"2396","candidatura_total_votos_porcentaje":"0.0000","seleccionado":false},{"candidatura_id":7,"candidatura_logo":"\/emblemas\/MC.jpeg","candidatura_nombre":"MC","candidatura_total_votos_numero":"2277","candidatura_total_votos_porcentaje":"0.0000","seleccionado":false},{"candidatura_id":12,"candidatura_logo":"\/emblemas\/PNABCS.jpeg","candidatura_nombre":"PNABCS","candidatura_total_votos_numero":"2306","candidatura_total_votos_porcentaje":"0.0000","seleccionado":false},{"candidatura_id":13,"candidatura_logo":"\/emblemas\/PES.png","candidatura_nombre":"PES","candidatura_total_votos_numero":"2255","candidatura_total_votos_porcentaje":"0.0000","seleccionado":false},{"candidatura_id":15,"candidatura_logo":"\/emblemas\/FXM.jpg","candidatura_nombre":"FXM","candidatura_total_votos_numero":"2343","candidatura_total_votos_porcentaje":"0.0000","seleccionado":false},{"candidatura_id":16,"candidatura_logo":"\/emblemas\/PML.png","candidatura_nombre":"PML","candidatura_total_votos_numero":"sin dato","candidatura_total_votos_porcentaje":"0.0000","seleccionado":false},{"candidatura_id":9,"candidatura_logo":"\/emblemas\/MORENA.jpeg","candidatura_nombre":"MORENA","candidatura_total_votos_numero":"805","candidatura_total_votos_porcentaje":"0.0000","seleccionado":false},{"candidatura_id":5,"candidatura_logo":"\/emblemas\/PT.jpeg","candidatura_nombre":"PT","candidatura_total_votos_numero":"796","candidatura_total_votos_porcentaje":"0.0000","seleccionado":false},{"candidatura_id":9999,"candidatura_logo":"sin_logo","candidatura_nombre":"TOTAL","candidatura_total_votos_numero":"0","candidatura_total_votos_porcentaje":"0.0000","seleccionado":false}]},{"distrito_id":"3","datos_candidaturas":[{"candidatura_id":2,"candidatura_logo":"\/emblemas\/PAN.png","candidatura_nombre":"PAN","candidatura_total_votos_numero":"sin dato","candidatura_total_votos_porcentaje":"0.0000","seleccionado":false},{"candidatura_id":4,"candidatura_logo":"\/emblemas\/PRD.png","candidatura_nombre":"PRD","candidatura_total_votos_numero":"sin dato","candidatura_total_votos_porcentaje":"0.0000","seleccionado":false},{"candidatura_id":3,"candidatura_logo":"\/emblemas\/PRI.jpeg","candidatura_nombre":"PRI","candidatura_total_votos_numero":"sin dato","candidatura_total_votos_porcentaje":"0.0000","seleccionado":false},{"candidatura_id":8,"candidatura_logo":"\/emblemas\/PRS.png","candidatura_nombre":"PRS","candidatura_total_votos_numero":"sin dato","candidatura_total_votos_porcentaje":"0.0000","seleccionado":false},{"candidatura_id":10,"candidatura_logo":"\/emblemas\/PH_BCS.png","candidatura_nombre":"PHBCS","candidatura_total_votos_numero":"sin dato","candidatura_total_votos_porcentaje":"0.0000","seleccionado":false},{"candidatura_id":6,"candidatura_logo":"\/emblemas\/PVEM.jpeg","candidatura_nombre":"PVEM","candidatura_total_votos_numero":"1406","candidatura_total_votos_porcentaje":"0.0000","seleccionado":false},{"candidatura_id":7,"candidatura_logo":"\/emblemas\/MC.jpeg","candidatura_nombre":"MC","candidatura_total_votos_numero":"1373","candidatura_total_votos_porcentaje":"0.0000","seleccionado":false},{"candidatura_id":12,"candidatura_logo":"\/emblemas\/PNABCS.jpeg","candidatura_nombre":"PNABCS","candidatura_total_votos_numero":"1374","candidatura_total_votos_porcentaje":"0.0000","seleccionado":false},{"candidatura_id":13,"candidatura_logo":"\/emblemas\/PES.png","candidatura_nombre":"PES","candidatura_total_votos_numero":"1378","candidatura_total_votos_porcentaje":"0.0000","seleccionado":false},{"candidatura_id":15,"candidatura_logo":"\/emblemas\/FXM.jpg","candidatura_nombre":"FXM","candidatura_total_votos_numero":"1331","candidatura_total_votos_porcentaje":"0.0000","seleccionado":false},{"candidatura_id":16,"candidatura_logo":"\/emblemas\/PML.png","candidatura_nombre":"PML","candidatura_total_votos_numero":"sin dato","candidatura_total_votos_porcentaje":"0.0000","seleccionado":false},{"candidatura_id":9,"candidatura_logo":"\/emblemas\/MORENA.jpeg","candidatura_nombre":"MORENA","candidatura_total_votos_numero":"435","candidatura_total_votos_porcentaje":"0.0000","seleccionado":false},{"candidatura_id":5,"candidatura_logo":"\/emblemas\/PT.jpeg","candidatura_nombre":"PT","candidatura_total_votos_numero":"443","candidatura_total_votos_porcentaje":"0.0000","seleccionado":false},{"candidatura_id":9999,"candidatura_logo":"sin_logo","candidatura_nombre":"TOTAL","candidatura_total_votos_numero":"0","candidatura_total_votos_porcentaje":"0.0000","seleccionado":false}]},{"distrito_id":"4","datos_candidaturas":[{"candidatura_id":2,"candidatura_logo":"\/emblemas\/PAN.png","candidatura_nombre":"PAN","candidatura_total_votos_numero":"sin dato","candidatura_total_votos_porcentaje":"0.0000","seleccionado":false},{"candidatura_id":4,"candidatura_logo":"\/emblemas\/PRD.png","candidatura_nombre":"PRD","candidatura_total_votos_numero":"sin dato","candidatura_total_votos_porcentaje":"0.0000","seleccionado":false},{"candidatura_id":3,"candidatura_logo":"\/emblemas\/PRI.jpeg","candidatura_nombre":"PRI","candidatura_total_votos_numero":"sin dato","candidatura_total_votos_porcentaje":"0.0000","seleccionado":false},{"candidatura_id":8,"candidatura_logo":"\/emblemas\/PRS.png","candidatura_nombre":"PRS","candidatura_total_votos_numero":"sin dato","candidatura_total_votos_porcentaje":"0.0000","seleccionado":false},{"candidatura_id":10,"candidatura_logo":"\/emblemas\/PH_BCS.png","candidatura_nombre":"PHBCS","candidatura_total_votos_numero":"sin dato","candidatura_total_votos_porcentaje":"0.0000","seleccionado":false},{"candidatura_id":6,"candidatura_logo":"\/emblemas\/PVEM.jpeg","candidatura_nombre":"PVEM","candidatura_total_votos_numero":"1686","candidatura_total_votos_porcentaje":"0.0000","seleccionado":false},{"candidatura_id":7,"candidatura_logo":"\/emblemas\/MC.jpeg","candidatura_nombre":"MC","candidatura_total_votos_numero":"1713","candidatura_total_votos_porcentaje":"0.0000","seleccionado":false},{"candidatura_id":12,"candidatura_logo":"\/emblemas\/PNABCS.jpeg","candidatura_nombre":"PNABCS","candidatura_total_votos_numero":"1583","candidatura_total_votos_porcentaje":"0.0000","seleccionado":false},{"candidatura_id":13,"candidatura_logo":"\/emblemas\/PES.png","candidatura_nombre":"PES","candidatura_total_votos_numero":"1569","candidatura_total_votos_porcentaje":"0.0000","seleccionado":false},{"candidatura_id":15,"candidatura_logo":"\/emblemas\/FXM.jpg","candidatura_nombre":"FXM","candidatura_total_votos_numero":"1611","candidatura_total_votos_porcentaje":"0.0000","seleccionado":false},{"candidatura_id":16,"candidatura_logo":"\/emblemas\/PML.png","candidatura_nombre":"PML","candidatura_total_votos_numero":"sin dato","candidatura_total_votos_porcentaje":"0.0000","seleccionado":false},{"candidatura_id":9,"candidatura_logo":"\/emblemas\/MORENA.jpeg","candidatura_nombre":"MORENA","candidatura_total_votos_numero":"526","candidatura_total_votos_porcentaje":"0.0000","seleccionado":false},{"candidatura_id":5,"candidatura_logo":"\/emblemas\/PT.jpeg","candidatura_nombre":"PT","candidatura_total_votos_numero":"550","candidatura_total_votos_porcentaje":"0.0000","seleccionado":false},{"candidatura_id":9999,"candidatura_logo":"sin_logo","candidatura_nombre":"TOTAL","candidatura_total_votos_numero":"0","candidatura_total_votos_porcentaje":"0.0000","seleccionado":false}]},{"distrito_id":"5","datos_candidaturas":[{"candidatura_id":2,"candidatura_logo":"\/emblemas\/PAN.png","candidatura_nombre":"PAN","candidatura_total_votos_numero":"sin dato","candidatura_total_votos_porcentaje":"0.0000","seleccionado":false},{"candidatura_id":4,"candidatura_logo":"\/emblemas\/PRD.png","candidatura_nombre":"PRD","candidatura_total_votos_numero":"sin dato","candidatura_total_votos_porcentaje":"0.0000","seleccionado":false},{"candidatura_id":3,"candidatura_logo":"\/emblemas\/PRI.jpeg","candidatura_nombre":"PRI","candidatura_total_votos_numero":"sin dato","candidatura_total_votos_porcentaje":"0.0000","seleccionado":false},{"candidatura_id":8,"candidatura_logo":"\/emblemas\/PRS.png","candidatura_nombre":"PRS","candidatura_total_votos_numero":"sin dato","candidatura_total_votos_porcentaje":"0.0000","seleccionado":false},{"candidatura_id":10,"candidatura_logo":"\/emblemas\/PH_BCS.png","candidatura_nombre":"PHBCS","candidatura_total_votos_numero":"sin dato","candidatura_total_votos_porcentaje":"0.0000","seleccionado":false},{"candidatura_id":6,"candidatura_logo":"\/emblemas\/PVEM.jpeg","candidatura_nombre":"PVEM","candidatura_total_votos_numero":"1632","candidatura_total_votos_porcentaje":"0.0000","seleccionado":false},{"candidatura_id":7,"candidatura_logo":"\/emblemas\/MC.jpeg","candidatura_nombre":"MC","candidatura_total_votos_numero":"1633","candidatura_total_votos_porcentaje":"0.0000","seleccionado":false},{"candidatura_id":12,"candidatura_logo":"\/emblemas\/PNABCS.jpeg","candidatura_nombre":"PNABCS","candidatura_total_votos_numero":"1602","candidatura_total_votos_porcentaje":"0.0000","seleccionado":false},{"candidatura_id":13,"candidatura_logo":"\/emblemas\/PES.png","candidatura_nombre":"PES","candidatura_total_votos_numero":"1755","candidatura_total_votos_porcentaje":"0.0000","seleccionado":false},{"candidatura_id":15,"candidatura_logo":"\/emblemas\/FXM.jpg","candidatura_nombre":"FXM","candidatura_total_votos_numero":"1694","candidatura_total_votos_porcentaje":"0.0000","seleccionado":false},{"candidatura_id":16,"candidatura_logo":"\/emblemas\/PML.png","candidatura_nombre":"PML","candidatura_total_votos_numero":"sin dato","candidatura_total_votos_porcentaje":"0.0000","seleccionado":false},{"candidatura_id":9,"candidatura_logo":"\/emblemas\/MORENA.jpeg","candidatura_nombre":"MORENA","candidatura_total_votos_numero":"529","candidatura_total_votos_porcentaje":"0.0000","seleccionado":false},{"candidatura_id":5,"candidatura_logo":"\/emblemas\/PT.jpeg","candidatura_nombre":"PT","candidatura_total_votos_numero":"585","candidatura_total_votos_porcentaje":"0.0000","seleccionado":false},{"candidatura_id":9999,"candidatura_logo":"sin_logo","candidatura_nombre":"TOTAL","candidatura_total_votos_numero":"0","candidatura_total_votos_porcentaje":"0.0000","seleccionado":false}]},{"distrito_id":"6","datos_candidaturas":[{"candidatura_id":2,"candidatura_logo":"\/emblemas\/PAN.png","candidatura_nombre":"PAN","candidatura_total_votos_numero":"sin dato","candidatura_total_votos_porcentaje":"0.0000","seleccionado":false},{"candidatura_id":4,"candidatura_logo":"\/emblemas\/PRD.png","candidatura_nombre":"PRD","candidatura_total_votos_numero":"sin dato","candidatura_total_votos_porcentaje":"0.0000","seleccionado":false},{"candidatura_id":3,"candidatura_logo":"\/emblemas\/PRI.jpeg","candidatura_nombre":"PRI","candidatura_total_votos_numero":"sin dato","candidatura_total_votos_porcentaje":"0.0000","seleccionado":false},{"candidatura_id":8,"candidatura_logo":"\/emblemas\/PRS.png","candidatura_nombre":"PRS","candidatura_total_votos_numero":"sin dato","candidatura_total_votos_porcentaje":"0.0000","seleccionado":false},{"candidatura_id":10,"candidatura_logo":"\/emblemas\/PH_BCS.png","candidatura_nombre":"PHBCS","candidatura_total_votos_numero":"sin dato","candidatura_total_votos_porcentaje":"0.0000","seleccionado":false},{"candidatura_id":6,"candidatura_logo":"\/emblemas\/PVEM.jpeg","candidatura_nombre":"PVEM","candidatura_total_votos_numero":"1288","candidatura_total_votos_porcentaje":"0.0000","seleccionado":false},{"candidatura_id":7,"candidatura_logo":"\/emblemas\/MC.jpeg","candidatura_nombre":"MC","candidatura_total_votos_numero":"1359","candidatura_total_votos_porcentaje":"0.0000","seleccionado":false},{"candidatura_id":12,"candidatura_logo":"\/emblemas\/PNABCS.jpeg","candidatura_nombre":"PNABCS","candidatura_total_votos_numero":"1425","candidatura_total_votos_porcentaje":"0.0000","seleccionado":false},{"candidatura_id":13,"candidatura_logo":"\/emblemas\/PES.png","candidatura_nombre":"PES","candidatura_total_votos_numero":"1364","candidatura_total_votos_porcentaje":"0.0000","seleccionado":false},{"candidatura_id":15,"candidatura_logo":"\/emblemas\/FXM.jpg","candidatura_nombre":"FXM","candidatura_total_votos_numero":"1473","candidatura_total_votos_porcentaje":"0.0000","seleccionado":false},{"candidatura_id":16,"candidatura_logo":"\/emblemas\/PML.png","candidatura_nombre":"PML","candidatura_total_votos_numero":"sin dato","candidatura_total_votos_porcentaje":"0.0000","seleccionado":false},{"candidatura_id":9,"candidatura_logo":"\/emblemas\/MORENA.jpeg","candidatura_nombre":"MORENA","candidatura_total_votos_numero":"481","candidatura_total_votos_porcentaje":"0.0000","seleccionado":false},{"candidatura_id":5,"candidatura_logo":"\/emblemas\/PT.jpeg","candidatura_nombre":"PT","candidatura_total_votos_numero":"467","candidatura_total_votos_porcentaje":"0.0000","seleccionado":false},{"candidatura_id":9999,"candidatura_logo":"sin_logo","candidatura_nombre":"TOTAL","candidatura_total_votos_numero":"0","candidatura_total_votos_porcentaje":"0.0000","seleccionado":false}]},{"distrito_id":"7","datos_candidaturas":[{"candidatura_id":2,"candidatura_logo":"\/emblemas\/PAN.png","candidatura_nombre":"PAN","candidatura_total_votos_numero":"sin dato","candidatura_total_votos_porcentaje":"0.0000","seleccionado":false},{"candidatura_id":4,"candidatura_logo":"\/emblemas\/PRD.png","candidatura_nombre":"PRD","candidatura_total_votos_numero":"sin dato","candidatura_total_votos_porcentaje":"0.0000","seleccionado":false},{"candidatura_id":3,"candidatura_logo":"\/emblemas\/PRI.jpeg","candidatura_nombre":"PRI","candidatura_total_votos_numero":"sin dato","candidatura_total_votos_porcentaje":"0.0000","seleccionado":false},{"candidatura_id":8,"candidatura_logo":"\/emblemas\/PRS.png","candidatura_nombre":"PRS","candidatura_total_votos_numero":"sin dato","candidatura_total_votos_porcentaje":"0.0000","seleccionado":false},{"candidatura_id":10,"candidatura_logo":"\/emblemas\/PH_BCS.png","candidatura_nombre":"PHBCS","candidatura_total_votos_numero":"sin dato","candidatura_total_votos_porcentaje":"0.0000","seleccionado":false},{"candidatura_id":6,"candidatura_logo":"\/emblemas\/PVEM.jpeg","candidatura_nombre":"PVEM","candidatura_total_votos_numero":"1991","candidatura_total_votos_porcentaje":"0.0000","seleccionado":false},{"candidatura_id":7,"candidatura_logo":"\/emblemas\/MC.jpeg","candidatura_nombre":"MC","candidatura_total_votos_numero":"1862","candidatura_total_votos_porcentaje":"0.0000","seleccionado":false},{"candidatura_id":12,"candidatura_logo":"\/emblemas\/PNABCS.jpeg","candidatura_nombre":"PNABCS","candidatura_total_votos_numero":"1717","candidatura_total_votos_porcentaje":"0.0000","seleccionado":false},{"candidatura_id":13,"candidatura_logo":"\/emblemas\/PES.png","candidatura_nombre":"PES","candidatura_total_votos_numero":"1868","candidatura_total_votos_porcentaje":"0.0000","seleccionado":false},{"candidatura_id":15,"candidatura_logo":"\/emblemas\/FXM.jpg","candidatura_nombre":"FXM","candidatura_total_votos_numero":"1699","candidatura_total_votos_porcentaje":"0.0000","seleccionado":false},{"candidatura_id":16,"candidatura_logo":"\/emblemas\/PML.png","candidatura_nombre":"PML","candidatura_total_votos_numero":"sin dato","candidatura_total_votos_porcentaje":"0.0000","seleccionado":false},{"candidatura_id":9,"candidatura_logo":"\/emblemas\/MORENA.jpeg","candidatura_nombre":"MORENA","candidatura_total_votos_numero":"576","candidatura_total_votos_porcentaje":"0.0000","seleccionado":false},{"candidatura_id":5,"candidatura_logo":"\/emblemas\/PT.jpeg","candidatura_nombre":"PT","candidatura_total_votos_numero":"601","candidatura_total_votos_porcentaje":"0.0000","seleccionado":false},{"candidatura_id":9999,"candidatura_logo":"sin_logo","candidatura_nombre":"TOTAL","candidatura_total_votos_numero":"0","candidatura_total_votos_porcentaje":"0.0000","seleccionado":false}]},{"distrito_id":"8","datos_candidaturas":[{"candidatura_id":2,"candidatura_logo":"\/emblemas\/PAN.png","candidatura_nombre":"PAN","candidatura_total_votos_numero":"sin dato","candidatura_total_votos_porcentaje":"0.0000","seleccionado":false},{"candidatura_id":4,"candidatura_logo":"\/emblemas\/PRD.png","candidatura_nombre":"PRD","candidatura_total_votos_numero":"sin dato","candidatura_total_votos_porcentaje":"0.0000","seleccionado":false},{"candidatura_id":3,"candidatura_logo":"\/emblemas\/PRI.jpeg","candidatura_nombre":"PRI","candidatura_total_votos_numero":"sin dato","candidatura_total_votos_porcentaje":"0.0000","seleccionado":false},{"candidatura_id":8,"candidatura_logo":"\/emblemas\/PRS.png","candidatura_nombre":"PRS","candidatura_total_votos_numero":"sin dato","candidatura_total_votos_porcentaje":"0.0000","seleccionado":false},{"candidatura_id":10,"candidatura_logo":"\/emblemas\/PH_BCS.png","candidatura_nombre":"PHBCS","candidatura_total_votos_numero":"sin dato","candidatura_total_votos_porcentaje":"0.0000","seleccionado":false},{"candidatura_id":6,"candidatura_logo":"\/emblemas\/PVEM.jpeg","candidatura_nombre":"PVEM","candidatura_total_votos_numero":"1302","candidatura_total_votos_porcentaje":"0.0000","seleccionado":false},{"candidatura_id":7,"candidatura_logo":"\/emblemas\/MC.jpeg","candidatura_nombre":"MC","candidatura_total_votos_numero":"1353","candidatura_total_votos_porcentaje":"0.0000","seleccionado":false},{"candidatura_id":12,"candidatura_logo":"\/emblemas\/PNABCS.jpeg","candidatura_nombre":"PNABCS","candidatura_total_votos_numero":"1252","candidatura_total_votos_porcentaje":"0.0000","seleccionado":false},{"candidatura_id":13,"candidatura_logo":"\/emblemas\/PES.png","candidatura_nombre":"PES","candidatura_total_votos_numero":"1203","candidatura_total_votos_porcentaje":"0.0000","seleccionado":false},{"candidatura_id":15,"candidatura_logo":"\/emblemas\/FXM.jpg","candidatura_nombre":"FXM","candidatura_total_votos_numero":"1237","candidatura_total_votos_porcentaje":"0.0000","seleccionado":false},{"candidatura_id":16,"candidatura_logo":"\/emblemas\/PML.png","candidatura_nombre":"PML","candidatura_total_votos_numero":"sin dato","candidatura_total_votos_porcentaje":"0.0000","seleccionado":false},{"candidatura_id":9,"candidatura_logo":"\/emblemas\/MORENA.jpeg","candidatura_nombre":"MORENA","candidatura_total_votos_numero":"385","candidatura_total_votos_porcentaje":"0.0000","seleccionado":false},{"candidatura_id":5,"candidatura_logo":"\/emblemas\/PT.jpeg","candidatura_nombre":"PT","candidatura_total_votos_numero":"454","candidatura_total_votos_porcentaje":"0.0000","seleccionado":false},{"candidatura_id":9999,"candidatura_logo":"sin_logo","candidatura_nombre":"TOTAL","candidatura_total_votos_numero":"0","candidatura_total_votos_porcentaje":"0.0000","seleccionado":false}]},{"distrito_id":"9","datos_candidaturas":[{"candidatura_id":2,"candidatura_logo":"\/emblemas\/PAN.png","candidatura_nombre":"PAN","candidatura_total_votos_numero":"sin dato","candidatura_total_votos_porcentaje":"0.0000","seleccionado":false},{"candidatura_id":4,"candidatura_logo":"\/emblemas\/PRD.png","candidatura_nombre":"PRD","candidatura_total_votos_numero":"sin dato","candidatura_total_votos_porcentaje":"0.0000","seleccionado":false},{"candidatura_id":3,"candidatura_logo":"\/emblemas\/PRI.jpeg","candidatura_nombre":"PRI","candidatura_total_votos_numero":"sin dato","candidatura_total_votos_porcentaje":"0.0000","seleccionado":false},{"candidatura_id":8,"candidatura_logo":"\/emblemas\/PRS.png","candidatura_nombre":"PRS","candidatura_total_votos_numero":"sin dato","candidatura_total_votos_porcentaje":"0.0000","seleccionado":false},{"candidatura_id":10,"candidatura_logo":"\/emblemas\/PH_BCS.png","candidatura_nombre":"PHBCS","candidatura_total_votos_numero":"sin dato","candidatura_total_votos_porcentaje":"0.0000","seleccionado":false},{"candidatura_id":6,"candidatura_logo":"\/emblemas\/PVEM.jpeg","candidatura_nombre":"PVEM","candidatura_total_votos_numero":"1626","candidatura_total_votos_porcentaje":"0.0000","seleccionado":false},{"candidatura_id":7,"candidatura_logo":"\/emblemas\/MC.jpeg","candidatura_nombre":"MC","candidatura_total_votos_numero":"1527","candidatura_total_votos_porcentaje":"0.0000","seleccionado":false},{"candidatura_id":12,"candidatura_logo":"\/emblemas\/PNABCS.jpeg","candidatura_nombre":"PNABCS","candidatura_total_votos_numero":"1730","candidatura_total_votos_porcentaje":"0.0000","seleccionado":false},{"candidatura_id":13,"candidatura_logo":"\/emblemas\/PES.png","candidatura_nombre":"PES","candidatura_total_votos_numero":"1784","candidatura_total_votos_porcentaje":"0.0000","seleccionado":false},{"candidatura_id":15,"candidatura_logo":"\/emblemas\/FXM.jpg","candidatura_nombre":"FXM","candidatura_total_votos_numero":"1750","candidatura_total_votos_porcentaje":"0.0000","seleccionado":false},{"candidatura_id":16,"candidatura_logo":"\/emblemas\/PML.png","candidatura_nombre":"PML","candidatura_total_votos_numero":"sin dato","candidatura_total_votos_porcentaje":"0.0000","seleccionado":false},{"candidatura_id":9,"candidatura_logo":"\/emblemas\/MORENA.jpeg","candidatura_nombre":"MORENA","candidatura_total_votos_numero":"555","candidatura_total_votos_porcentaje":"0.0000","seleccionado":false},{"candidatura_id":5,"candidatura_logo":"\/emblemas\/PT.jpeg","candidatura_nombre":"PT","candidatura_total_votos_numero":"534","candidatura_total_votos_porcentaje":"0.0000","seleccionado":false},{"candidatura_id":9999,"candidatura_logo":"sin_logo","candidatura_nombre":"TOTAL","candidatura_total_votos_numero":"0","candidatura_total_votos_porcentaje":"0.0000","seleccionado":false}]},{"distrito_id":"10","datos_candidaturas":[{"candidatura_id":2,"candidatura_logo":"\/emblemas\/PAN.png","candidatura_nombre":"PAN","candidatura_total_votos_numero":"sin dato","candidatura_total_votos_porcentaje":"0.0000","seleccionado":false},{"candidatura_id":4,"candidatura_logo":"\/emblemas\/PRD.png","candidatura_nombre":"PRD","candidatura_total_votos_numero":"sin dato","candidatura_total_votos_porcentaje":"0.0000","seleccionado":false},{"candidatura_id":3,"candidatura_logo":"\/emblemas\/PRI.jpeg","candidatura_nombre":"PRI","candidatura_total_votos_numero":"sin dato","candidatura_total_votos_porcentaje":"0.0000","seleccionado":false},{"candidatura_id":8,"candidatura_logo":"\/emblemas\/PRS.png","candidatura_nombre":"PRS","candidatura_total_votos_numero":"sin dato","candidatura_total_votos_porcentaje":"0.0000","seleccionado":false},{"candidatura_id":10,"candidatura_logo":"\/emblemas\/PH_BCS.png","candidatura_nombre":"PHBCS","candidatura_total_votos_numero":"sin dato","candidatura_total_votos_porcentaje":"0.0000","seleccionado":false},{"candidatura_id":6,"candidatura_logo":"\/emblemas\/PVEM.jpeg","candidatura_nombre":"PVEM","candidatura_total_votos_numero":"1419","candidatura_total_votos_porcentaje":"0.0000","seleccionado":false},{"candidatura_id":7,"candidatura_logo":"\/emblemas\/MC.jpeg","candidatura_nombre":"MC","candidatura_total_votos_numero":"1518","candidatura_total_votos_porcentaje":"0.0000","seleccionado":false},{"candidatura_id":12,"candidatura_logo":"\/emblemas\/PNABCS.jpeg","candidatura_nombre":"PNABCS","candidatura_total_votos_numero":"1499","candidatura_total_votos_porcentaje":"0.0000","seleccionado":false},{"candidatura_id":13,"candidatura_logo":"\/emblemas\/PES.png","candidatura_nombre":"PES","candidatura_total_votos_numero":"1406","candidatura_total_votos_porcentaje":"0.0000","seleccionado":false},{"candidatura_id":15,"candidatura_logo":"\/emblemas\/FXM.jpg","candidatura_nombre":"FXM","candidatura_total_votos_numero":"1616","candidatura_total_votos_porcentaje":"0.0000","seleccionado":false},{"candidatura_id":16,"candidatura_logo":"\/emblemas\/PML.png","candidatura_nombre":"PML","candidatura_total_votos_numero":"sin dato","candidatura_total_votos_porcentaje":"0.0000","seleccionado":false},{"candidatura_id":9,"candidatura_logo":"\/emblemas\/MORENA.jpeg","candidatura_nombre":"MORENA","candidatura_total_votos_numero":"472","candidatura_total_votos_porcentaje":"0.0000","seleccionado":false},{"candidatura_id":5,"candidatura_logo":"\/emblemas\/PT.jpeg","candidatura_nombre":"PT","candidatura_total_votos_numero":"484","candidatura_total_votos_porcentaje":"0.0000","seleccionado":false},{"candidatura_id":9999,"candidatura_logo":"sin_logo","candidatura_nombre":"TOTAL","candidatura_total_votos_numero":"0","candidatura_total_votos_porcentaje":"0.0000","seleccionado":false}]},{"distrito_id":"11","datos_candidaturas":[{"candidatura_id":2,"candidatura_logo":"\/emblemas\/PAN.png","candidatura_nombre":"PAN","candidatura_total_votos_numero":"sin dato","candidatura_total_votos_porcentaje":"0.0000","seleccionado":false},{"candidatura_id":4,"candidatura_logo":"\/emblemas\/PRD.png","candidatura_nombre":"PRD","candidatura_total_votos_numero":"sin dato","candidatura_total_votos_porcentaje":"0.0000","seleccionado":false},{"candidatura_id":3,"candidatura_logo":"\/emblemas\/PRI.jpeg","candidatura_nombre":"PRI","candidatura_total_votos_numero":"sin dato","candidatura_total_votos_porcentaje":"0.0000","seleccionado":false},{"candidatura_id":8,"candidatura_logo":"\/emblemas\/PRS.png","candidatura_nombre":"PRS","candidatura_total_votos_numero":"sin dato","candidatura_total_votos_porcentaje":"0.0000","seleccionado":false},{"candidatura_id":10,"candidatura_logo":"\/emblemas\/PH_BCS.png","candidatura_nombre":"PHBCS","candidatura_total_votos_numero":"sin dato","candidatura_total_votos_porcentaje":"0.0000","seleccionado":false},{"candidatura_id":6,"candidatura_logo":"\/emblemas\/PVEM.jpeg","candidatura_nombre":"PVEM","candidatura_total_votos_numero":"1667","candidatura_total_votos_porcentaje":"0.0000","seleccionado":false},{"candidatura_id":7,"candidatura_logo":"\/emblemas\/MC.jpeg","candidatura_nombre":"MC","candidatura_total_votos_numero":"1673","candidatura_total_votos_porcentaje":"0.0000","seleccionado":false},{"candidatura_id":12,"candidatura_logo":"\/emblemas\/PNABCS.jpeg","candidatura_nombre":"PNABCS","candidatura_total_votos_numero":"1592","candidatura_total_votos_porcentaje":"0.0000","seleccionado":false},{"candidatura_id":13,"candidatura_logo":"\/emblemas\/PES.png","candidatura_nombre":"PES","candidatura_total_votos_numero":"1611","candidatura_total_votos_porcentaje":"0.0000","seleccionado":false},{"candidatura_id":15,"candidatura_logo":"\/emblemas\/FXM.jpg","candidatura_nombre":"FXM","candidatura_total_votos_numero":"1647","candidatura_total_votos_porcentaje":"0.0000","seleccionado":false},{"candidatura_id":16,"candidatura_logo":"\/emblemas\/PML.png","candidatura_nombre":"PML","candidatura_total_votos_numero":"sin dato","candidatura_total_votos_porcentaje":"0.0000","seleccionado":false},{"candidatura_id":9,"candidatura_logo":"\/emblemas\/MORENA.jpeg","candidatura_nombre":"MORENA","candidatura_total_votos_numero":"545","candidatura_total_votos_porcentaje":"0.0000","seleccionado":false},{"candidatura_id":5,"candidatura_logo":"\/emblemas\/PT.jpeg","candidatura_nombre":"PT","candidatura_total_votos_numero":"528","candidatura_total_votos_porcentaje":"0.0000","seleccionado":false},{"candidatura_id":9999,"candidatura_logo":"sin_logo","candidatura_nombre":"TOTAL","candidatura_total_votos_numero":"0","candidatura_total_votos_porcentaje":"0.0000","seleccionado":false}]},{"distrito_id":"12","datos_candidaturas":[{"candidatura_id":2,"candidatura_logo":"\/emblemas\/PAN.png","candidatura_nombre":"PAN","candidatura_total_votos_numero":"sin dato","candidatura_total_votos_porcentaje":"0.0000","seleccionado":false},{"candidatura_id":4,"candidatura_logo":"\/emblemas\/PRD.png","candidatura_nombre":"PRD","candidatura_total_votos_numero":"sin dato","candidatura_total_votos_porcentaje":"0.0000","seleccionado":false},{"candidatura_id":3,"candidatura_logo":"\/emblemas\/PRI.jpeg","candidatura_nombre":"PRI","candidatura_total_votos_numero":"sin dato","candidatura_total_votos_porcentaje":"0.0000","seleccionado":false},{"candidatura_id":8,"candidatura_logo":"\/emblemas\/PRS.png","candidatura_nombre":"PRS","candidatura_total_votos_numero":"sin dato","candidatura_total_votos_porcentaje":"0.0000","seleccionado":false},{"candidatura_id":10,"candidatura_logo":"\/emblemas\/PH_BCS.png","candidatura_nombre":"PHBCS","candidatura_total_votos_numero":"sin dato","candidatura_total_votos_porcentaje":"0.0000","seleccionado":false},{"candidatura_id":6,"candidatura_logo":"\/emblemas\/PVEM.jpeg","candidatura_nombre":"PVEM","candidatura_total_votos_numero":"1148","candidatura_total_votos_porcentaje":"0.0000","seleccionado":false},{"candidatura_id":7,"candidatura_logo":"\/emblemas\/MC.jpeg","candidatura_nombre":"MC","candidatura_total_votos_numero":"1153","candidatura_total_votos_porcentaje":"0.0000","seleccionado":false},{"candidatura_id":12,"candidatura_logo":"\/emblemas\/PNABCS.jpeg","candidatura_nombre":"PNABCS","candidatura_total_votos_numero":"1211","candidatura_total_votos_porcentaje":"0.0000","seleccionado":false},{"candidatura_id":13,"candidatura_logo":"\/emblemas\/PES.png","candidatura_nombre":"PES","candidatura_total_votos_numero":"1308","candidatura_total_votos_porcentaje":"0.0000","seleccionado":false},{"candidatura_id":15,"candidatura_logo":"\/emblemas\/FXM.jpg","candidatura_nombre":"FXM","candidatura_total_votos_numero":"1347","candidatura_total_votos_porcentaje":"0.0000","seleccionado":false},{"candidatura_id":16,"candidatura_logo":"\/emblemas\/PML.png","candidatura_nombre":"PML","candidatura_total_votos_numero":"sin dato","candidatura_total_votos_porcentaje":"0.0000","seleccionado":false},{"candidatura_id":9,"candidatura_logo":"\/emblemas\/MORENA.jpeg","candidatura_nombre":"MORENA","candidatura_total_votos_numero":"371","candidatura_total_votos_porcentaje":"0.0000","seleccionado":false},{"candidatura_id":5,"candidatura_logo":"\/emblemas\/PT.jpeg","candidatura_nombre":"PT","candidatura_total_votos_numero":"375","candidatura_total_votos_porcentaje":"0.0000","seleccionado":false},{"candidatura_id":9999,"candidatura_logo":"sin_logo","candidatura_nombre":"TOTAL","candidatura_total_votos_numero":"0","candidatura_total_votos_porcentaje":"0.0000","seleccionado":false}]},{"distrito_id":"13","datos_candidaturas":[{"candidatura_id":2,"candidatura_logo":"\/emblemas\/PAN.png","candidatura_nombre":"PAN","candidatura_total_votos_numero":"sin dato","candidatura_total_votos_porcentaje":"0.0000","seleccionado":false},{"candidatura_id":4,"candidatura_logo":"\/emblemas\/PRD.png","candidatura_nombre":"PRD","candidatura_total_votos_numero":"sin dato","candidatura_total_votos_porcentaje":"0.0000","seleccionado":false},{"candidatura_id":3,"candidatura_logo":"\/emblemas\/PRI.jpeg","candidatura_nombre":"PRI","candidatura_total_votos_numero":"sin dato","candidatura_total_votos_porcentaje":"0.0000","seleccionado":false},{"candidatura_id":8,"candidatura_logo":"\/emblemas\/PRS.png","candidatura_nombre":"PRS","candidatura_total_votos_numero":"sin dato","candidatura_total_votos_porcentaje":"0.0000","seleccionado":false},{"candidatura_id":10,"candidatura_logo":"\/emblemas\/PH_BCS.png","candidatura_nombre":"PHBCS","candidatura_total_votos_numero":"sin dato","candidatura_total_votos_porcentaje":"0.0000","seleccionado":false},{"candidatura_id":6,"candidatura_logo":"\/emblemas\/PVEM.jpeg","candidatura_nombre":"PVEM","candidatura_total_votos_numero":"1281","candidatura_total_votos_porcentaje":"0.0000","seleccionado":false},{"candidatura_id":7,"candidatura_logo":"\/emblemas\/MC.jpeg","candidatura_nombre":"MC","candidatura_total_votos_numero":"1418","candidatura_total_votos_porcentaje":"0.0000","seleccionado":false},{"candidatura_id":12,"candidatura_logo":"\/emblemas\/PNABCS.jpeg","candidatura_nombre":"PNABCS","candidatura_total_votos_numero":"1410","candidatura_total_votos_porcentaje":"0.0000","seleccionado":false},{"candidatura_id":13,"candidatura_logo":"\/emblemas\/PES.png","candidatura_nombre":"PES","candidatura_total_votos_numero":"1449","candidatura_total_votos_porcentaje":"0.0000","seleccionado":false},{"candidatura_id":15,"candidatura_logo":"\/emblemas\/FXM.jpg","candidatura_nombre":"FXM","candidatura_total_votos_numero":"1331","candidatura_total_votos_porcentaje":"0.0000","seleccionado":false},{"candidatura_id":16,"candidatura_logo":"\/emblemas\/PML.png","candidatura_nombre":"PML","candidatura_total_votos_numero":"sin dato","candidatura_total_votos_porcentaje":"0.0000","seleccionado":false},{"candidatura_id":9,"candidatura_logo":"\/emblemas\/MORENA.jpeg","candidatura_nombre":"MORENA","candidatura_total_votos_numero":"470","candidatura_total_votos_porcentaje":"0.0000","seleccionado":false},{"candidatura_id":5,"candidatura_logo":"\/emblemas\/PT.jpeg","candidatura_nombre":"PT","candidatura_total_votos_numero":"480","candidatura_total_votos_porcentaje":"0.0000","seleccionado":false},{"candidatura_id":9999,"candidatura_logo":"sin_logo","candidatura_nombre":"TOTAL","candidatura_total_votos_numero":"0","candidatura_total_votos_porcentaje":"0.0000","seleccionado":false}]},{"distrito_id":"14","datos_candidaturas":[{"candidatura_id":12,"candidatura_logo":"\/emblemas\/PNABCS.jpeg","candidatura_nombre":"PNABCS","candidatura_total_votos_numero":"1142","candidatura_total_votos_porcentaje":"0.0000","seleccionado":false},{"candidatura_id":13,"candidatura_logo":"\/emblemas\/PES.png","candidatura_nombre":"PES","candidatura_total_votos_numero":"1496","candidatura_total_votos_porcentaje":"0.0000","seleccionado":false},{"candidatura_id":15,"candidatura_logo":"\/emblemas\/FXM.jpg","candidatura_nombre":"FXM","candidatura_total_votos_numero":"1337","candidatura_total_votos_porcentaje":"0.0000","seleccionado":false},{"candidatura_id":16,"candidatura_logo":"\/emblemas\/PML.png","candidatura_nombre":"PML","candidatura_total_votos_numero":"sin dato","candidatura_total_votos_porcentaje":"0.0000","seleccionado":false},{"candidatura_id":9,"candidatura_logo":"\/emblemas\/MORENA.jpeg","candidatura_nombre":"MORENA","candidatura_total_votos_numero":"405","candidatura_total_votos_porcentaje":"0.0000","seleccionado":false},{"candidatura_id":5,"candidatura_logo":"\/emblemas\/PT.jpeg","candidatura_nombre":"PT","candidatura_total_votos_numero":"373","candidatura_total_votos_porcentaje":"0.0000","seleccionado":false},{"candidatura_id":9999,"candidatura_logo":"sin_logo","candidatura_nombre":"TOTAL","candidatura_total_votos_numero":"0","candidatura_total_votos_porcentaje":"0.0000","seleccionado":false}]},{"distrito_id":"15","datos_candidaturas":[{"candidatura_id":2,"candidatura_logo":"\/emblemas\/PAN.png","candidatura_nombre":"PAN","candidatura_total_votos_numero":"sin dato","candidatura_total_votos_porcentaje":"0.0000","seleccionado":false},{"candidatura_id":4,"candidatura_logo":"\/emblemas\/PRD.png","candidatura_nombre":"PRD","candidatura_total_votos_numero":"sin dato","candidatura_total_votos_porcentaje":"0.0000","seleccionado":false},{"candidatura_id":3,"candidatura_logo":"\/emblemas\/PRI.jpeg","candidatura_nombre":"PRI","candidatura_total_votos_numero":"sin dato","candidatura_total_votos_porcentaje":"0.0000","seleccionado":false},{"candidatura_id":8,"candidatura_logo":"\/emblemas\/PRS.png","candidatura_nombre":"PRS","candidatura_total_votos_numero":"sin dato","candidatura_total_votos_porcentaje":"0.0000","seleccionado":false},{"candidatura_id":10,"candidatura_logo":"\/emblemas\/PH_BCS.png","candidatura_nombre":"PHBCS","candidatura_total_votos_numero":"sin dato","candidatura_total_votos_porcentaje":"0.0000","seleccionado":false},{"candidatura_id":6,"candidatura_logo":"\/emblemas\/PVEM.jpeg","candidatura_nombre":"PVEM","candidatura_total_votos_numero":"1900","candidatura_total_votos_porcentaje":"0.0000","seleccionado":false},{"candidatura_id":7,"candidatura_logo":"\/emblemas\/MC.jpeg","candidatura_nombre":"MC","candidatura_total_votos_numero":"1755","candidatura_total_votos_porcentaje":"0.0000","seleccionado":false},{"candidatura_id":12,"candidatura_logo":"\/emblemas\/PNABCS.jpeg","candidatura_nombre":"PNABCS","candidatura_total_votos_numero":"1745","candidatura_total_votos_porcentaje":"0.0000","seleccionado":false},{"candidatura_id":13,"candidatura_logo":"\/emblemas\/PES.png","candidatura_nombre":"PES","candidatura_total_votos_numero":"1851","candidatura_total_votos_porcentaje":"0.0000","seleccionado":false},{"candidatura_id":15,"candidatura_logo":"\/emblemas\/FXM.jpg","candidatura_nombre":"FXM","candidatura_total_votos_numero":"1827","candidatura_total_votos_porcentaje":"0.0000","seleccionado":false},{"candidatura_id":16,"candidatura_logo":"\/emblemas\/PML.png","candidatura_nombre":"PML","candidatura_total_votos_numero":"sin dato","candidatura_total_votos_porcentaje":"0.0000","seleccionado":false},{"candidatura_id":9,"candidatura_logo":"\/emblemas\/MORENA.jpeg","candidatura_nombre":"MORENA","candidatura_total_votos_numero":"589","candidatura_total_votos_porcentaje":"0.0000","seleccionado":false},{"candidatura_id":5,"candidatura_logo":"\/emblemas\/PT.jpeg","candidatura_nombre":"PT","candidatura_total_votos_numero":"561","candidatura_total_votos_porcentaje":"0.0000","seleccionado":false},{"candidatura_id":9999,"candidatura_logo":"sin_logo","candidatura_nombre":"TOTAL","candidatura_total_votos_numero":"0","candidatura_total_votos_porcentaje":"0.0000","seleccionado":false}]},{"distrito_id":"16","datos_candidaturas":[{"candidatura_id":2,"candidatura_logo":"\/emblemas\/PAN.png","candidatura_nombre":"PAN","candidatura_total_votos_numero":"sin dato","candidatura_total_votos_porcentaje":"0.0000","seleccionado":false},{"candidatura_id":4,"candidatura_logo":"\/emblemas\/PRD.png","candidatura_nombre":"PRD","candidatura_total_votos_numero":"sin dato","candidatura_total_votos_porcentaje":"0.0000","seleccionado":false},{"candidatura_id":3,"candidatura_logo":"\/emblemas\/PRI.jpeg","candidatura_nombre":"PRI","candidatura_total_votos_numero":"sin dato","candidatura_total_votos_porcentaje":"0.0000","seleccionado":false},{"candidatura_id":8,"candidatura_logo":"\/emblemas\/PRS.png","candidatura_nombre":"PRS","candidatura_total_votos_numero":"sin dato","candidatura_total_votos_porcentaje":"0.0000","seleccionado":false},{"candidatura_id":10,"candidatura_logo":"\/emblemas\/PH_BCS.png","candidatura_nombre":"PHBCS","candidatura_total_votos_numero":"sin dato","candidatura_total_votos_porcentaje":"0.0000","seleccionado":false},{"candidatura_id":6,"candidatura_logo":"\/emblemas\/PVEM.jpeg","candidatura_nombre":"PVEM","candidatura_total_votos_numero":"1832","candidatura_total_votos_porcentaje":"0.0000","seleccionado":false},{"candidatura_id":7,"candidatura_logo":"\/emblemas\/MC.jpeg","candidatura_nombre":"MC","candidatura_total_votos_numero":"1979","candidatura_total_votos_porcentaje":"0.0000","seleccionado":false},{"candidatura_id":12,"candidatura_logo":"\/emblemas\/PNABCS.jpeg","candidatura_nombre":"PNABCS","candidatura_total_votos_numero":"1865","candidatura_total_votos_porcentaje":"0.0000","seleccionado":false},{"candidatura_id":13,"candidatura_logo":"\/emblemas\/PES.png","candidatura_nombre":"PES","candidatura_total_votos_numero":"1825","candidatura_total_votos_porcentaje":"0.0000","seleccionado":false},{"candidatura_id":15,"candidatura_logo":"\/emblemas\/FXM.jpg","candidatura_nombre":"FXM","candidatura_total_votos_numero":"1747","candidatura_total_votos_porcentaje":"0.0000","seleccionado":false},{"candidatura_id":16,"candidatura_logo":"\/emblemas\/PML.png","candidatura_nombre":"PML","candidatura_total_votos_numero":"sin dato","candidatura_total_votos_porcentaje":"0.0000","seleccionado":false},{"candidatura_id":9,"candidatura_logo":"\/emblemas\/MORENA.jpeg","candidatura_nombre":"MORENA","candidatura_total_votos_numero":"642","candidatura_total_votos_porcentaje":"0.0000","seleccionado":false},{"candidatura_id":5,"candidatura_logo":"\/emblemas\/PT.jpeg","candidatura_nombre":"PT","candidatura_total_votos_numero":"622","candidatura_total_votos_porcentaje":"0.0000","seleccionado":false},{"candidatura_id":9999,"candidatura_logo":"sin_logo","candidatura_nombre":"TOTAL","candidatura_total_votos_numero":"0","candidatura_total_votos_porcentaje":"0.0000","seleccionado":false}]}]}