{"fecha_utimo_corte":"27 Enero 2024","hora_local":"22:38 h UTC-7","tipo_eleccion":"Diputaciones","nombre_archivo_json":"diputaciones_distribucion_votos_por_partido_politico_nivel_distrito.json","distritos":[{"distrito_id":"1","datos_partidos":[{"partido_id":2,"partido_nombre":"PAN","partido_logo":"\/emblemas\/PAN.png","partido_votos_via_individual_numero":"sin dato","partido_votos_via_coalicion_numero":"Sin Coalici\u00f3n","partido_votos_total_numero":"0"},{"partido_id":3,"partido_nombre":"PRI","partido_logo":"\/emblemas\/PRI.jpeg","partido_votos_via_individual_numero":"sin dato","partido_votos_via_coalicion_numero":"Sin Coalici\u00f3n","partido_votos_total_numero":"0"},{"partido_id":4,"partido_nombre":"PRD","partido_logo":"\/emblemas\/PRD.png","partido_votos_via_individual_numero":"sin dato","partido_votos_via_coalicion_numero":"Sin Coalici\u00f3n","partido_votos_total_numero":"0"},{"partido_id":5,"partido_nombre":"PT","partido_logo":"\/emblemas\/PT.jpeg","partido_votos_via_individual_numero":"483","partido_votos_via_coalicion_numero":"sin dato","partido_votos_total_numero":"483"},{"partido_id":6,"partido_nombre":"PVEM","partido_logo":"\/emblemas\/PVEM.jpeg","partido_votos_via_individual_numero":"638","partido_votos_via_coalicion_numero":"Sin Coalici\u00f3n","partido_votos_total_numero":"638"},{"partido_id":7,"partido_nombre":"MC","partido_logo":"\/emblemas\/MC.jpeg","partido_votos_via_individual_numero":"801","partido_votos_via_coalicion_numero":"Sin Coalici\u00f3n","partido_votos_total_numero":"801"},{"partido_id":8,"partido_nombre":"PRS","partido_logo":"\/emblemas\/PRS.png","partido_votos_via_individual_numero":"sin dato","partido_votos_via_coalicion_numero":"Sin Coalici\u00f3n","partido_votos_total_numero":"0"},{"partido_id":9,"partido_nombre":"MORENA","partido_logo":"\/emblemas\/MORENA.jpeg","partido_votos_via_individual_numero":"228","partido_votos_via_coalicion_numero":"sin dato","partido_votos_total_numero":"228"},{"partido_id":10,"partido_nombre":"PHBCS","partido_logo":"\/emblemas\/PH_BCS.png","partido_votos_via_individual_numero":"sin dato","partido_votos_via_coalicion_numero":"Sin Coalici\u00f3n","partido_votos_total_numero":"0"},{"partido_id":12,"partido_nombre":"PNABCS","partido_logo":"\/emblemas\/PNABCS.jpeg","partido_votos_via_individual_numero":"757","partido_votos_via_coalicion_numero":"Sin Coalici\u00f3n","partido_votos_total_numero":"757"},{"partido_id":13,"partido_nombre":"PES","partido_logo":"\/emblemas\/PES.png","partido_votos_via_individual_numero":"826","partido_votos_via_coalicion_numero":"Sin Coalici\u00f3n","partido_votos_total_numero":"826"},{"partido_id":15,"partido_nombre":"FXM","partido_logo":"\/emblemas\/FXM.jpg","partido_votos_via_individual_numero":"778","partido_votos_via_coalicion_numero":"Sin Coalici\u00f3n","partido_votos_total_numero":"778"},{"partido_id":16,"partido_nombre":"ML","partido_logo":"\/emblemas\/PML.png","partido_votos_via_individual_numero":"sin dato","partido_votos_via_coalicion_numero":"Sin Coalici\u00f3n","partido_votos_total_numero":"0"},{"partido_id":21,"partido_nombre":"PT-MORENA","partido_logo":"\/emblemas\/PT-MORENA.jpeg","partido_votos_via_individual_numero":"sin dato","partido_votos_via_coalicion_numero":"Sin Coalici\u00f3n","partido_votos_total_numero":"0"}]},{"distrito_id":"2","datos_partidos":[{"partido_id":2,"partido_nombre":"PAN","partido_logo":"\/emblemas\/PAN.png","partido_votos_via_individual_numero":"sin dato","partido_votos_via_coalicion_numero":"Sin Coalici\u00f3n","partido_votos_total_numero":"0"},{"partido_id":3,"partido_nombre":"PRI","partido_logo":"\/emblemas\/PRI.jpeg","partido_votos_via_individual_numero":"sin dato","partido_votos_via_coalicion_numero":"Sin Coalici\u00f3n","partido_votos_total_numero":"0"},{"partido_id":4,"partido_nombre":"PRD","partido_logo":"\/emblemas\/PRD.png","partido_votos_via_individual_numero":"sin dato","partido_votos_via_coalicion_numero":"Sin Coalici\u00f3n","partido_votos_total_numero":"0"},{"partido_id":5,"partido_nombre":"PT","partido_logo":"\/emblemas\/PT.jpeg","partido_votos_via_individual_numero":"1532","partido_votos_via_coalicion_numero":"sin dato","partido_votos_total_numero":"1,532"},{"partido_id":6,"partido_nombre":"PVEM","partido_logo":"\/emblemas\/PVEM.jpeg","partido_votos_via_individual_numero":"2396","partido_votos_via_coalicion_numero":"Sin Coalici\u00f3n","partido_votos_total_numero":"2,396"},{"partido_id":7,"partido_nombre":"MC","partido_logo":"\/emblemas\/MC.jpeg","partido_votos_via_individual_numero":"2277","partido_votos_via_coalicion_numero":"Sin Coalici\u00f3n","partido_votos_total_numero":"2,277"},{"partido_id":8,"partido_nombre":"PRS","partido_logo":"\/emblemas\/PRS.png","partido_votos_via_individual_numero":"sin dato","partido_votos_via_coalicion_numero":"Sin Coalici\u00f3n","partido_votos_total_numero":"0"},{"partido_id":9,"partido_nombre":"MORENA","partido_logo":"\/emblemas\/MORENA.jpeg","partido_votos_via_individual_numero":"805","partido_votos_via_coalicion_numero":"sin dato","partido_votos_total_numero":"805"},{"partido_id":10,"partido_nombre":"PHBCS","partido_logo":"\/emblemas\/PH_BCS.png","partido_votos_via_individual_numero":"sin dato","partido_votos_via_coalicion_numero":"Sin Coalici\u00f3n","partido_votos_total_numero":"0"},{"partido_id":12,"partido_nombre":"PNABCS","partido_logo":"\/emblemas\/PNABCS.jpeg","partido_votos_via_individual_numero":"2306","partido_votos_via_coalicion_numero":"Sin Coalici\u00f3n","partido_votos_total_numero":"2,306"},{"partido_id":13,"partido_nombre":"PES","partido_logo":"\/emblemas\/PES.png","partido_votos_via_individual_numero":"2255","partido_votos_via_coalicion_numero":"Sin Coalici\u00f3n","partido_votos_total_numero":"2,255"},{"partido_id":15,"partido_nombre":"FXM","partido_logo":"\/emblemas\/FXM.jpg","partido_votos_via_individual_numero":"2343","partido_votos_via_coalicion_numero":"Sin Coalici\u00f3n","partido_votos_total_numero":"2,343"},{"partido_id":16,"partido_nombre":"ML","partido_logo":"\/emblemas\/PML.png","partido_votos_via_individual_numero":"sin dato","partido_votos_via_coalicion_numero":"Sin Coalici\u00f3n","partido_votos_total_numero":"0"}]},{"distrito_id":"3","datos_partidos":[{"partido_id":2,"partido_nombre":"PAN","partido_logo":"\/emblemas\/PAN.png","partido_votos_via_individual_numero":"sin dato","partido_votos_via_coalicion_numero":"Sin Coalici\u00f3n","partido_votos_total_numero":"0"},{"partido_id":3,"partido_nombre":"PRI","partido_logo":"\/emblemas\/PRI.jpeg","partido_votos_via_individual_numero":"sin dato","partido_votos_via_coalicion_numero":"Sin Coalici\u00f3n","partido_votos_total_numero":"0"},{"partido_id":4,"partido_nombre":"PRD","partido_logo":"\/emblemas\/PRD.png","partido_votos_via_individual_numero":"sin dato","partido_votos_via_coalicion_numero":"Sin Coalici\u00f3n","partido_votos_total_numero":"0"},{"partido_id":5,"partido_nombre":"PT","partido_logo":"\/emblemas\/PT.jpeg","partido_votos_via_individual_numero":"954","partido_votos_via_coalicion_numero":"sin dato","partido_votos_total_numero":"954"},{"partido_id":6,"partido_nombre":"PVEM","partido_logo":"\/emblemas\/PVEM.jpeg","partido_votos_via_individual_numero":"1406","partido_votos_via_coalicion_numero":"Sin Coalici\u00f3n","partido_votos_total_numero":"1,406"},{"partido_id":7,"partido_nombre":"MC","partido_logo":"\/emblemas\/MC.jpeg","partido_votos_via_individual_numero":"1373","partido_votos_via_coalicion_numero":"Sin Coalici\u00f3n","partido_votos_total_numero":"1,373"},{"partido_id":8,"partido_nombre":"PRS","partido_logo":"\/emblemas\/PRS.png","partido_votos_via_individual_numero":"sin dato","partido_votos_via_coalicion_numero":"Sin Coalici\u00f3n","partido_votos_total_numero":"0"},{"partido_id":9,"partido_nombre":"MORENA","partido_logo":"\/emblemas\/MORENA.jpeg","partido_votos_via_individual_numero":"435","partido_votos_via_coalicion_numero":"sin dato","partido_votos_total_numero":"435"},{"partido_id":10,"partido_nombre":"PHBCS","partido_logo":"\/emblemas\/PH_BCS.png","partido_votos_via_individual_numero":"sin dato","partido_votos_via_coalicion_numero":"Sin Coalici\u00f3n","partido_votos_total_numero":"0"},{"partido_id":12,"partido_nombre":"PNABCS","partido_logo":"\/emblemas\/PNABCS.jpeg","partido_votos_via_individual_numero":"1374","partido_votos_via_coalicion_numero":"Sin Coalici\u00f3n","partido_votos_total_numero":"1,374"},{"partido_id":13,"partido_nombre":"PES","partido_logo":"\/emblemas\/PES.png","partido_votos_via_individual_numero":"1378","partido_votos_via_coalicion_numero":"Sin Coalici\u00f3n","partido_votos_total_numero":"1,378"},{"partido_id":15,"partido_nombre":"FXM","partido_logo":"\/emblemas\/FXM.jpg","partido_votos_via_individual_numero":"1331","partido_votos_via_coalicion_numero":"Sin Coalici\u00f3n","partido_votos_total_numero":"1,331"},{"partido_id":16,"partido_nombre":"ML","partido_logo":"\/emblemas\/PML.png","partido_votos_via_individual_numero":"sin dato","partido_votos_via_coalicion_numero":"Sin Coalici\u00f3n","partido_votos_total_numero":"0"}]},{"distrito_id":"4","datos_partidos":[{"partido_id":2,"partido_nombre":"PAN","partido_logo":"\/emblemas\/PAN.png","partido_votos_via_individual_numero":"sin dato","partido_votos_via_coalicion_numero":"Sin Coalici\u00f3n","partido_votos_total_numero":"0"},{"partido_id":3,"partido_nombre":"PRI","partido_logo":"\/emblemas\/PRI.jpeg","partido_votos_via_individual_numero":"sin dato","partido_votos_via_coalicion_numero":"Sin Coalici\u00f3n","partido_votos_total_numero":"0"},{"partido_id":4,"partido_nombre":"PRD","partido_logo":"\/emblemas\/PRD.png","partido_votos_via_individual_numero":"sin dato","partido_votos_via_coalicion_numero":"Sin Coalici\u00f3n","partido_votos_total_numero":"0"},{"partido_id":5,"partido_nombre":"PT","partido_logo":"\/emblemas\/PT.jpeg","partido_votos_via_individual_numero":"1106","partido_votos_via_coalicion_numero":"sin dato","partido_votos_total_numero":"1,106"},{"partido_id":6,"partido_nombre":"PVEM","partido_logo":"\/emblemas\/PVEM.jpeg","partido_votos_via_individual_numero":"1686","partido_votos_via_coalicion_numero":"Sin Coalici\u00f3n","partido_votos_total_numero":"1,686"},{"partido_id":7,"partido_nombre":"MC","partido_logo":"\/emblemas\/MC.jpeg","partido_votos_via_individual_numero":"1713","partido_votos_via_coalicion_numero":"Sin Coalici\u00f3n","partido_votos_total_numero":"1,713"},{"partido_id":8,"partido_nombre":"PRS","partido_logo":"\/emblemas\/PRS.png","partido_votos_via_individual_numero":"sin dato","partido_votos_via_coalicion_numero":"Sin Coalici\u00f3n","partido_votos_total_numero":"0"},{"partido_id":9,"partido_nombre":"MORENA","partido_logo":"\/emblemas\/MORENA.jpeg","partido_votos_via_individual_numero":"526","partido_votos_via_coalicion_numero":"sin dato","partido_votos_total_numero":"526"},{"partido_id":10,"partido_nombre":"PHBCS","partido_logo":"\/emblemas\/PH_BCS.png","partido_votos_via_individual_numero":"sin dato","partido_votos_via_coalicion_numero":"Sin Coalici\u00f3n","partido_votos_total_numero":"0"},{"partido_id":12,"partido_nombre":"PNABCS","partido_logo":"\/emblemas\/PNABCS.jpeg","partido_votos_via_individual_numero":"1583","partido_votos_via_coalicion_numero":"Sin Coalici\u00f3n","partido_votos_total_numero":"1,583"},{"partido_id":13,"partido_nombre":"PES","partido_logo":"\/emblemas\/PES.png","partido_votos_via_individual_numero":"1569","partido_votos_via_coalicion_numero":"Sin Coalici\u00f3n","partido_votos_total_numero":"1,569"},{"partido_id":15,"partido_nombre":"FXM","partido_logo":"\/emblemas\/FXM.jpg","partido_votos_via_individual_numero":"1611","partido_votos_via_coalicion_numero":"Sin Coalici\u00f3n","partido_votos_total_numero":"1,611"},{"partido_id":16,"partido_nombre":"ML","partido_logo":"\/emblemas\/PML.png","partido_votos_via_individual_numero":"sin dato","partido_votos_via_coalicion_numero":"Sin Coalici\u00f3n","partido_votos_total_numero":"0"}]},{"distrito_id":"5","datos_partidos":[{"partido_id":2,"partido_nombre":"PAN","partido_logo":"\/emblemas\/PAN.png","partido_votos_via_individual_numero":"sin dato","partido_votos_via_coalicion_numero":"Sin Coalici\u00f3n","partido_votos_total_numero":"0"},{"partido_id":3,"partido_nombre":"PRI","partido_logo":"\/emblemas\/PRI.jpeg","partido_votos_via_individual_numero":"sin dato","partido_votos_via_coalicion_numero":"Sin Coalici\u00f3n","partido_votos_total_numero":"0"},{"partido_id":4,"partido_nombre":"PRD","partido_logo":"\/emblemas\/PRD.png","partido_votos_via_individual_numero":"sin dato","partido_votos_via_coalicion_numero":"Sin Coalici\u00f3n","partido_votos_total_numero":"0"},{"partido_id":5,"partido_nombre":"PT","partido_logo":"\/emblemas\/PT.jpeg","partido_votos_via_individual_numero":"1098","partido_votos_via_coalicion_numero":"sin dato","partido_votos_total_numero":"1,098"},{"partido_id":6,"partido_nombre":"PVEM","partido_logo":"\/emblemas\/PVEM.jpeg","partido_votos_via_individual_numero":"1632","partido_votos_via_coalicion_numero":"Sin Coalici\u00f3n","partido_votos_total_numero":"1,632"},{"partido_id":7,"partido_nombre":"MC","partido_logo":"\/emblemas\/MC.jpeg","partido_votos_via_individual_numero":"1633","partido_votos_via_coalicion_numero":"Sin Coalici\u00f3n","partido_votos_total_numero":"1,633"},{"partido_id":8,"partido_nombre":"PRS","partido_logo":"\/emblemas\/PRS.png","partido_votos_via_individual_numero":"sin dato","partido_votos_via_coalicion_numero":"Sin Coalici\u00f3n","partido_votos_total_numero":"0"},{"partido_id":9,"partido_nombre":"MORENA","partido_logo":"\/emblemas\/MORENA.jpeg","partido_votos_via_individual_numero":"529","partido_votos_via_coalicion_numero":"sin dato","partido_votos_total_numero":"529"},{"partido_id":10,"partido_nombre":"PHBCS","partido_logo":"\/emblemas\/PH_BCS.png","partido_votos_via_individual_numero":"sin dato","partido_votos_via_coalicion_numero":"Sin Coalici\u00f3n","partido_votos_total_numero":"0"},{"partido_id":12,"partido_nombre":"PNABCS","partido_logo":"\/emblemas\/PNABCS.jpeg","partido_votos_via_individual_numero":"1602","partido_votos_via_coalicion_numero":"Sin Coalici\u00f3n","partido_votos_total_numero":"1,602"},{"partido_id":13,"partido_nombre":"PES","partido_logo":"\/emblemas\/PES.png","partido_votos_via_individual_numero":"1755","partido_votos_via_coalicion_numero":"Sin Coalici\u00f3n","partido_votos_total_numero":"1,755"},{"partido_id":15,"partido_nombre":"FXM","partido_logo":"\/emblemas\/FXM.jpg","partido_votos_via_individual_numero":"1694","partido_votos_via_coalicion_numero":"Sin Coalici\u00f3n","partido_votos_total_numero":"1,694"},{"partido_id":16,"partido_nombre":"ML","partido_logo":"\/emblemas\/PML.png","partido_votos_via_individual_numero":"sin dato","partido_votos_via_coalicion_numero":"Sin Coalici\u00f3n","partido_votos_total_numero":"0"}]},{"distrito_id":"6","datos_partidos":[{"partido_id":2,"partido_nombre":"PAN","partido_logo":"\/emblemas\/PAN.png","partido_votos_via_individual_numero":"sin dato","partido_votos_via_coalicion_numero":"Sin Coalici\u00f3n","partido_votos_total_numero":"0"},{"partido_id":3,"partido_nombre":"PRI","partido_logo":"\/emblemas\/PRI.jpeg","partido_votos_via_individual_numero":"sin dato","partido_votos_via_coalicion_numero":"Sin Coalici\u00f3n","partido_votos_total_numero":"0"},{"partido_id":4,"partido_nombre":"PRD","partido_logo":"\/emblemas\/PRD.png","partido_votos_via_individual_numero":"sin dato","partido_votos_via_coalicion_numero":"Sin Coalici\u00f3n","partido_votos_total_numero":"0"},{"partido_id":5,"partido_nombre":"PT","partido_logo":"\/emblemas\/PT.jpeg","partido_votos_via_individual_numero":"922","partido_votos_via_coalicion_numero":"sin dato","partido_votos_total_numero":"922"},{"partido_id":6,"partido_nombre":"PVEM","partido_logo":"\/emblemas\/PVEM.jpeg","partido_votos_via_individual_numero":"1288","partido_votos_via_coalicion_numero":"Sin Coalici\u00f3n","partido_votos_total_numero":"1,288"},{"partido_id":7,"partido_nombre":"MC","partido_logo":"\/emblemas\/MC.jpeg","partido_votos_via_individual_numero":"1359","partido_votos_via_coalicion_numero":"Sin Coalici\u00f3n","partido_votos_total_numero":"1,359"},{"partido_id":8,"partido_nombre":"PRS","partido_logo":"\/emblemas\/PRS.png","partido_votos_via_individual_numero":"sin dato","partido_votos_via_coalicion_numero":"Sin Coalici\u00f3n","partido_votos_total_numero":"0"},{"partido_id":9,"partido_nombre":"MORENA","partido_logo":"\/emblemas\/MORENA.jpeg","partido_votos_via_individual_numero":"481","partido_votos_via_coalicion_numero":"sin dato","partido_votos_total_numero":"481"},{"partido_id":10,"partido_nombre":"PHBCS","partido_logo":"\/emblemas\/PH_BCS.png","partido_votos_via_individual_numero":"sin dato","partido_votos_via_coalicion_numero":"Sin Coalici\u00f3n","partido_votos_total_numero":"0"},{"partido_id":12,"partido_nombre":"PNABCS","partido_logo":"\/emblemas\/PNABCS.jpeg","partido_votos_via_individual_numero":"1425","partido_votos_via_coalicion_numero":"Sin Coalici\u00f3n","partido_votos_total_numero":"1,425"},{"partido_id":13,"partido_nombre":"PES","partido_logo":"\/emblemas\/PES.png","partido_votos_via_individual_numero":"1364","partido_votos_via_coalicion_numero":"Sin Coalici\u00f3n","partido_votos_total_numero":"1,364"},{"partido_id":15,"partido_nombre":"FXM","partido_logo":"\/emblemas\/FXM.jpg","partido_votos_via_individual_numero":"1473","partido_votos_via_coalicion_numero":"Sin Coalici\u00f3n","partido_votos_total_numero":"1,473"},{"partido_id":16,"partido_nombre":"ML","partido_logo":"\/emblemas\/PML.png","partido_votos_via_individual_numero":"sin dato","partido_votos_via_coalicion_numero":"Sin Coalici\u00f3n","partido_votos_total_numero":"0"}]},{"distrito_id":"7","datos_partidos":[{"partido_id":2,"partido_nombre":"PAN","partido_logo":"\/emblemas\/PAN.png","partido_votos_via_individual_numero":"sin dato","partido_votos_via_coalicion_numero":"Sin Coalici\u00f3n","partido_votos_total_numero":"0"},{"partido_id":3,"partido_nombre":"PRI","partido_logo":"\/emblemas\/PRI.jpeg","partido_votos_via_individual_numero":"sin dato","partido_votos_via_coalicion_numero":"Sin Coalici\u00f3n","partido_votos_total_numero":"0"},{"partido_id":4,"partido_nombre":"PRD","partido_logo":"\/emblemas\/PRD.png","partido_votos_via_individual_numero":"sin dato","partido_votos_via_coalicion_numero":"Sin Coalici\u00f3n","partido_votos_total_numero":"0"},{"partido_id":5,"partido_nombre":"PT","partido_logo":"\/emblemas\/PT.jpeg","partido_votos_via_individual_numero":"1213","partido_votos_via_coalicion_numero":"sin dato","partido_votos_total_numero":"1,213"},{"partido_id":6,"partido_nombre":"PVEM","partido_logo":"\/emblemas\/PVEM.jpeg","partido_votos_via_individual_numero":"1991","partido_votos_via_coalicion_numero":"Sin Coalici\u00f3n","partido_votos_total_numero":"1,991"},{"partido_id":7,"partido_nombre":"MC","partido_logo":"\/emblemas\/MC.jpeg","partido_votos_via_individual_numero":"1862","partido_votos_via_coalicion_numero":"Sin Coalici\u00f3n","partido_votos_total_numero":"1,862"},{"partido_id":8,"partido_nombre":"PRS","partido_logo":"\/emblemas\/PRS.png","partido_votos_via_individual_numero":"sin dato","partido_votos_via_coalicion_numero":"Sin Coalici\u00f3n","partido_votos_total_numero":"0"},{"partido_id":9,"partido_nombre":"MORENA","partido_logo":"\/emblemas\/MORENA.jpeg","partido_votos_via_individual_numero":"576","partido_votos_via_coalicion_numero":"sin dato","partido_votos_total_numero":"576"},{"partido_id":10,"partido_nombre":"PHBCS","partido_logo":"\/emblemas\/PH_BCS.png","partido_votos_via_individual_numero":"sin dato","partido_votos_via_coalicion_numero":"Sin Coalici\u00f3n","partido_votos_total_numero":"0"},{"partido_id":12,"partido_nombre":"PNABCS","partido_logo":"\/emblemas\/PNABCS.jpeg","partido_votos_via_individual_numero":"1717","partido_votos_via_coalicion_numero":"Sin Coalici\u00f3n","partido_votos_total_numero":"1,717"},{"partido_id":13,"partido_nombre":"PES","partido_logo":"\/emblemas\/PES.png","partido_votos_via_individual_numero":"1868","partido_votos_via_coalicion_numero":"Sin Coalici\u00f3n","partido_votos_total_numero":"1,868"},{"partido_id":15,"partido_nombre":"FXM","partido_logo":"\/emblemas\/FXM.jpg","partido_votos_via_individual_numero":"1699","partido_votos_via_coalicion_numero":"Sin Coalici\u00f3n","partido_votos_total_numero":"1,699"},{"partido_id":16,"partido_nombre":"ML","partido_logo":"\/emblemas\/PML.png","partido_votos_via_individual_numero":"sin dato","partido_votos_via_coalicion_numero":"Sin Coalici\u00f3n","partido_votos_total_numero":"0"}]},{"distrito_id":"8","datos_partidos":[{"partido_id":2,"partido_nombre":"PAN","partido_logo":"\/emblemas\/PAN.png","partido_votos_via_individual_numero":"sin dato","partido_votos_via_coalicion_numero":"Sin Coalici\u00f3n","partido_votos_total_numero":"0"},{"partido_id":3,"partido_nombre":"PRI","partido_logo":"\/emblemas\/PRI.jpeg","partido_votos_via_individual_numero":"sin dato","partido_votos_via_coalicion_numero":"Sin Coalici\u00f3n","partido_votos_total_numero":"0"},{"partido_id":4,"partido_nombre":"PRD","partido_logo":"\/emblemas\/PRD.png","partido_votos_via_individual_numero":"sin dato","partido_votos_via_coalicion_numero":"Sin Coalici\u00f3n","partido_votos_total_numero":"0"},{"partido_id":5,"partido_nombre":"PT","partido_logo":"\/emblemas\/PT.jpeg","partido_votos_via_individual_numero":"872","partido_votos_via_coalicion_numero":"sin dato","partido_votos_total_numero":"872"},{"partido_id":6,"partido_nombre":"PVEM","partido_logo":"\/emblemas\/PVEM.jpeg","partido_votos_via_individual_numero":"1302","partido_votos_via_coalicion_numero":"Sin Coalici\u00f3n","partido_votos_total_numero":"1,302"},{"partido_id":7,"partido_nombre":"MC","partido_logo":"\/emblemas\/MC.jpeg","partido_votos_via_individual_numero":"1353","partido_votos_via_coalicion_numero":"Sin Coalici\u00f3n","partido_votos_total_numero":"1,353"},{"partido_id":8,"partido_nombre":"PRS","partido_logo":"\/emblemas\/PRS.png","partido_votos_via_individual_numero":"sin dato","partido_votos_via_coalicion_numero":"Sin Coalici\u00f3n","partido_votos_total_numero":"0"},{"partido_id":9,"partido_nombre":"MORENA","partido_logo":"\/emblemas\/MORENA.jpeg","partido_votos_via_individual_numero":"385","partido_votos_via_coalicion_numero":"sin dato","partido_votos_total_numero":"385"},{"partido_id":10,"partido_nombre":"PHBCS","partido_logo":"\/emblemas\/PH_BCS.png","partido_votos_via_individual_numero":"sin dato","partido_votos_via_coalicion_numero":"Sin Coalici\u00f3n","partido_votos_total_numero":"0"},{"partido_id":12,"partido_nombre":"PNABCS","partido_logo":"\/emblemas\/PNABCS.jpeg","partido_votos_via_individual_numero":"1252","partido_votos_via_coalicion_numero":"Sin Coalici\u00f3n","partido_votos_total_numero":"1,252"},{"partido_id":13,"partido_nombre":"PES","partido_logo":"\/emblemas\/PES.png","partido_votos_via_individual_numero":"1203","partido_votos_via_coalicion_numero":"Sin Coalici\u00f3n","partido_votos_total_numero":"1,203"},{"partido_id":15,"partido_nombre":"FXM","partido_logo":"\/emblemas\/FXM.jpg","partido_votos_via_individual_numero":"1237","partido_votos_via_coalicion_numero":"Sin Coalici\u00f3n","partido_votos_total_numero":"1,237"},{"partido_id":16,"partido_nombre":"ML","partido_logo":"\/emblemas\/PML.png","partido_votos_via_individual_numero":"sin dato","partido_votos_via_coalicion_numero":"Sin Coalici\u00f3n","partido_votos_total_numero":"0"}]},{"distrito_id":"9","datos_partidos":[{"partido_id":2,"partido_nombre":"PAN","partido_logo":"\/emblemas\/PAN.png","partido_votos_via_individual_numero":"sin dato","partido_votos_via_coalicion_numero":"Sin Coalici\u00f3n","partido_votos_total_numero":"0"},{"partido_id":3,"partido_nombre":"PRI","partido_logo":"\/emblemas\/PRI.jpeg","partido_votos_via_individual_numero":"sin dato","partido_votos_via_coalicion_numero":"Sin Coalici\u00f3n","partido_votos_total_numero":"0"},{"partido_id":4,"partido_nombre":"PRD","partido_logo":"\/emblemas\/PRD.png","partido_votos_via_individual_numero":"sin dato","partido_votos_via_coalicion_numero":"Sin Coalici\u00f3n","partido_votos_total_numero":"0"},{"partido_id":5,"partido_nombre":"PT","partido_logo":"\/emblemas\/PT.jpeg","partido_votos_via_individual_numero":"1094","partido_votos_via_coalicion_numero":"sin dato","partido_votos_total_numero":"1,094"},{"partido_id":6,"partido_nombre":"PVEM","partido_logo":"\/emblemas\/PVEM.jpeg","partido_votos_via_individual_numero":"1626","partido_votos_via_coalicion_numero":"Sin Coalici\u00f3n","partido_votos_total_numero":"1,626"},{"partido_id":7,"partido_nombre":"MC","partido_logo":"\/emblemas\/MC.jpeg","partido_votos_via_individual_numero":"1527","partido_votos_via_coalicion_numero":"Sin Coalici\u00f3n","partido_votos_total_numero":"1,527"},{"partido_id":8,"partido_nombre":"PRS","partido_logo":"\/emblemas\/PRS.png","partido_votos_via_individual_numero":"sin dato","partido_votos_via_coalicion_numero":"Sin Coalici\u00f3n","partido_votos_total_numero":"0"},{"partido_id":9,"partido_nombre":"MORENA","partido_logo":"\/emblemas\/MORENA.jpeg","partido_votos_via_individual_numero":"555","partido_votos_via_coalicion_numero":"sin dato","partido_votos_total_numero":"555"},{"partido_id":10,"partido_nombre":"PHBCS","partido_logo":"\/emblemas\/PH_BCS.png","partido_votos_via_individual_numero":"sin dato","partido_votos_via_coalicion_numero":"Sin Coalici\u00f3n","partido_votos_total_numero":"0"},{"partido_id":12,"partido_nombre":"PNABCS","partido_logo":"\/emblemas\/PNABCS.jpeg","partido_votos_via_individual_numero":"1730","partido_votos_via_coalicion_numero":"Sin Coalici\u00f3n","partido_votos_total_numero":"1,730"},{"partido_id":13,"partido_nombre":"PES","partido_logo":"\/emblemas\/PES.png","partido_votos_via_individual_numero":"1784","partido_votos_via_coalicion_numero":"Sin Coalici\u00f3n","partido_votos_total_numero":"1,784"},{"partido_id":15,"partido_nombre":"FXM","partido_logo":"\/emblemas\/FXM.jpg","partido_votos_via_individual_numero":"1750","partido_votos_via_coalicion_numero":"Sin Coalici\u00f3n","partido_votos_total_numero":"1,750"},{"partido_id":16,"partido_nombre":"ML","partido_logo":"\/emblemas\/PML.png","partido_votos_via_individual_numero":"sin dato","partido_votos_via_coalicion_numero":"Sin Coalici\u00f3n","partido_votos_total_numero":"0"}]},{"distrito_id":"10","datos_partidos":[{"partido_id":2,"partido_nombre":"PAN","partido_logo":"\/emblemas\/PAN.png","partido_votos_via_individual_numero":"sin dato","partido_votos_via_coalicion_numero":"Sin Coalici\u00f3n","partido_votos_total_numero":"0"},{"partido_id":3,"partido_nombre":"PRI","partido_logo":"\/emblemas\/PRI.jpeg","partido_votos_via_individual_numero":"sin dato","partido_votos_via_coalicion_numero":"Sin Coalici\u00f3n","partido_votos_total_numero":"0"},{"partido_id":4,"partido_nombre":"PRD","partido_logo":"\/emblemas\/PRD.png","partido_votos_via_individual_numero":"sin dato","partido_votos_via_coalicion_numero":"Sin Coalici\u00f3n","partido_votos_total_numero":"0"},{"partido_id":5,"partido_nombre":"PT","partido_logo":"\/emblemas\/PT.jpeg","partido_votos_via_individual_numero":"978","partido_votos_via_coalicion_numero":"sin dato","partido_votos_total_numero":"978"},{"partido_id":6,"partido_nombre":"PVEM","partido_logo":"\/emblemas\/PVEM.jpeg","partido_votos_via_individual_numero":"1419","partido_votos_via_coalicion_numero":"Sin Coalici\u00f3n","partido_votos_total_numero":"1,419"},{"partido_id":7,"partido_nombre":"MC","partido_logo":"\/emblemas\/MC.jpeg","partido_votos_via_individual_numero":"1518","partido_votos_via_coalicion_numero":"Sin Coalici\u00f3n","partido_votos_total_numero":"1,518"},{"partido_id":8,"partido_nombre":"PRS","partido_logo":"\/emblemas\/PRS.png","partido_votos_via_individual_numero":"sin dato","partido_votos_via_coalicion_numero":"Sin Coalici\u00f3n","partido_votos_total_numero":"0"},{"partido_id":9,"partido_nombre":"MORENA","partido_logo":"\/emblemas\/MORENA.jpeg","partido_votos_via_individual_numero":"472","partido_votos_via_coalicion_numero":"sin dato","partido_votos_total_numero":"472"},{"partido_id":10,"partido_nombre":"PHBCS","partido_logo":"\/emblemas\/PH_BCS.png","partido_votos_via_individual_numero":"sin dato","partido_votos_via_coalicion_numero":"Sin Coalici\u00f3n","partido_votos_total_numero":"0"},{"partido_id":12,"partido_nombre":"PNABCS","partido_logo":"\/emblemas\/PNABCS.jpeg","partido_votos_via_individual_numero":"1499","partido_votos_via_coalicion_numero":"Sin Coalici\u00f3n","partido_votos_total_numero":"1,499"},{"partido_id":13,"partido_nombre":"PES","partido_logo":"\/emblemas\/PES.png","partido_votos_via_individual_numero":"1406","partido_votos_via_coalicion_numero":"Sin Coalici\u00f3n","partido_votos_total_numero":"1,406"},{"partido_id":15,"partido_nombre":"FXM","partido_logo":"\/emblemas\/FXM.jpg","partido_votos_via_individual_numero":"1616","partido_votos_via_coalicion_numero":"Sin Coalici\u00f3n","partido_votos_total_numero":"1,616"},{"partido_id":16,"partido_nombre":"ML","partido_logo":"\/emblemas\/PML.png","partido_votos_via_individual_numero":"sin dato","partido_votos_via_coalicion_numero":"Sin Coalici\u00f3n","partido_votos_total_numero":"0"}]},{"distrito_id":"11","datos_partidos":[{"partido_id":2,"partido_nombre":"PAN","partido_logo":"\/emblemas\/PAN.png","partido_votos_via_individual_numero":"sin dato","partido_votos_via_coalicion_numero":"Sin Coalici\u00f3n","partido_votos_total_numero":"0"},{"partido_id":3,"partido_nombre":"PRI","partido_logo":"\/emblemas\/PRI.jpeg","partido_votos_via_individual_numero":"sin dato","partido_votos_via_coalicion_numero":"Sin Coalici\u00f3n","partido_votos_total_numero":"0"},{"partido_id":4,"partido_nombre":"PRD","partido_logo":"\/emblemas\/PRD.png","partido_votos_via_individual_numero":"sin dato","partido_votos_via_coalicion_numero":"Sin Coalici\u00f3n","partido_votos_total_numero":"0"},{"partido_id":5,"partido_nombre":"PT","partido_logo":"\/emblemas\/PT.jpeg","partido_votos_via_individual_numero":"1094","partido_votos_via_coalicion_numero":"sin dato","partido_votos_total_numero":"1,094"},{"partido_id":6,"partido_nombre":"PVEM","partido_logo":"\/emblemas\/PVEM.jpeg","partido_votos_via_individual_numero":"1667","partido_votos_via_coalicion_numero":"Sin Coalici\u00f3n","partido_votos_total_numero":"1,667"},{"partido_id":7,"partido_nombre":"MC","partido_logo":"\/emblemas\/MC.jpeg","partido_votos_via_individual_numero":"1673","partido_votos_via_coalicion_numero":"Sin Coalici\u00f3n","partido_votos_total_numero":"1,673"},{"partido_id":8,"partido_nombre":"PRS","partido_logo":"\/emblemas\/PRS.png","partido_votos_via_individual_numero":"sin dato","partido_votos_via_coalicion_numero":"Sin Coalici\u00f3n","partido_votos_total_numero":"0"},{"partido_id":9,"partido_nombre":"MORENA","partido_logo":"\/emblemas\/MORENA.jpeg","partido_votos_via_individual_numero":"545","partido_votos_via_coalicion_numero":"sin dato","partido_votos_total_numero":"545"},{"partido_id":10,"partido_nombre":"PHBCS","partido_logo":"\/emblemas\/PH_BCS.png","partido_votos_via_individual_numero":"sin dato","partido_votos_via_coalicion_numero":"Sin Coalici\u00f3n","partido_votos_total_numero":"0"},{"partido_id":12,"partido_nombre":"PNABCS","partido_logo":"\/emblemas\/PNABCS.jpeg","partido_votos_via_individual_numero":"1592","partido_votos_via_coalicion_numero":"Sin Coalici\u00f3n","partido_votos_total_numero":"1,592"},{"partido_id":13,"partido_nombre":"PES","partido_logo":"\/emblemas\/PES.png","partido_votos_via_individual_numero":"1611","partido_votos_via_coalicion_numero":"Sin Coalici\u00f3n","partido_votos_total_numero":"1,611"},{"partido_id":15,"partido_nombre":"FXM","partido_logo":"\/emblemas\/FXM.jpg","partido_votos_via_individual_numero":"1647","partido_votos_via_coalicion_numero":"Sin Coalici\u00f3n","partido_votos_total_numero":"1,647"},{"partido_id":16,"partido_nombre":"ML","partido_logo":"\/emblemas\/PML.png","partido_votos_via_individual_numero":"sin dato","partido_votos_via_coalicion_numero":"Sin Coalici\u00f3n","partido_votos_total_numero":"0"}]},{"distrito_id":"12","datos_partidos":[{"partido_id":2,"partido_nombre":"PAN","partido_logo":"\/emblemas\/PAN.png","partido_votos_via_individual_numero":"sin dato","partido_votos_via_coalicion_numero":"Sin Coalici\u00f3n","partido_votos_total_numero":"0"},{"partido_id":3,"partido_nombre":"PRI","partido_logo":"\/emblemas\/PRI.jpeg","partido_votos_via_individual_numero":"sin dato","partido_votos_via_coalicion_numero":"Sin Coalici\u00f3n","partido_votos_total_numero":"0"},{"partido_id":4,"partido_nombre":"PRD","partido_logo":"\/emblemas\/PRD.png","partido_votos_via_individual_numero":"sin dato","partido_votos_via_coalicion_numero":"Sin Coalici\u00f3n","partido_votos_total_numero":"0"},{"partido_id":5,"partido_nombre":"PT","partido_logo":"\/emblemas\/PT.jpeg","partido_votos_via_individual_numero":"722","partido_votos_via_coalicion_numero":"sin dato","partido_votos_total_numero":"722"},{"partido_id":6,"partido_nombre":"PVEM","partido_logo":"\/emblemas\/PVEM.jpeg","partido_votos_via_individual_numero":"1148","partido_votos_via_coalicion_numero":"Sin Coalici\u00f3n","partido_votos_total_numero":"1,148"},{"partido_id":7,"partido_nombre":"MC","partido_logo":"\/emblemas\/MC.jpeg","partido_votos_via_individual_numero":"1153","partido_votos_via_coalicion_numero":"Sin Coalici\u00f3n","partido_votos_total_numero":"1,153"},{"partido_id":8,"partido_nombre":"PRS","partido_logo":"\/emblemas\/PRS.png","partido_votos_via_individual_numero":"sin dato","partido_votos_via_coalicion_numero":"Sin Coalici\u00f3n","partido_votos_total_numero":"0"},{"partido_id":9,"partido_nombre":"MORENA","partido_logo":"\/emblemas\/MORENA.jpeg","partido_votos_via_individual_numero":"371","partido_votos_via_coalicion_numero":"sin dato","partido_votos_total_numero":"371"},{"partido_id":10,"partido_nombre":"PHBCS","partido_logo":"\/emblemas\/PH_BCS.png","partido_votos_via_individual_numero":"sin dato","partido_votos_via_coalicion_numero":"Sin Coalici\u00f3n","partido_votos_total_numero":"0"},{"partido_id":12,"partido_nombre":"PNABCS","partido_logo":"\/emblemas\/PNABCS.jpeg","partido_votos_via_individual_numero":"1211","partido_votos_via_coalicion_numero":"Sin Coalici\u00f3n","partido_votos_total_numero":"1,211"},{"partido_id":13,"partido_nombre":"PES","partido_logo":"\/emblemas\/PES.png","partido_votos_via_individual_numero":"1308","partido_votos_via_coalicion_numero":"Sin Coalici\u00f3n","partido_votos_total_numero":"1,308"},{"partido_id":15,"partido_nombre":"FXM","partido_logo":"\/emblemas\/FXM.jpg","partido_votos_via_individual_numero":"1347","partido_votos_via_coalicion_numero":"Sin Coalici\u00f3n","partido_votos_total_numero":"1,347"},{"partido_id":16,"partido_nombre":"ML","partido_logo":"\/emblemas\/PML.png","partido_votos_via_individual_numero":"sin dato","partido_votos_via_coalicion_numero":"Sin Coalici\u00f3n","partido_votos_total_numero":"0"}]},{"distrito_id":"13","datos_partidos":[{"partido_id":2,"partido_nombre":"PAN","partido_logo":"\/emblemas\/PAN.png","partido_votos_via_individual_numero":"sin dato","partido_votos_via_coalicion_numero":"Sin Coalici\u00f3n","partido_votos_total_numero":"0"},{"partido_id":3,"partido_nombre":"PRI","partido_logo":"\/emblemas\/PRI.jpeg","partido_votos_via_individual_numero":"sin dato","partido_votos_via_coalicion_numero":"Sin Coalici\u00f3n","partido_votos_total_numero":"0"},{"partido_id":4,"partido_nombre":"PRD","partido_logo":"\/emblemas\/PRD.png","partido_votos_via_individual_numero":"sin dato","partido_votos_via_coalicion_numero":"Sin Coalici\u00f3n","partido_votos_total_numero":"0"},{"partido_id":5,"partido_nombre":"PT","partido_logo":"\/emblemas\/PT.jpeg","partido_votos_via_individual_numero":"914","partido_votos_via_coalicion_numero":"sin dato","partido_votos_total_numero":"914"},{"partido_id":6,"partido_nombre":"PVEM","partido_logo":"\/emblemas\/PVEM.jpeg","partido_votos_via_individual_numero":"1281","partido_votos_via_coalicion_numero":"Sin Coalici\u00f3n","partido_votos_total_numero":"1,281"},{"partido_id":7,"partido_nombre":"MC","partido_logo":"\/emblemas\/MC.jpeg","partido_votos_via_individual_numero":"1418","partido_votos_via_coalicion_numero":"Sin Coalici\u00f3n","partido_votos_total_numero":"1,418"},{"partido_id":8,"partido_nombre":"PRS","partido_logo":"\/emblemas\/PRS.png","partido_votos_via_individual_numero":"sin dato","partido_votos_via_coalicion_numero":"Sin Coalici\u00f3n","partido_votos_total_numero":"0"},{"partido_id":9,"partido_nombre":"MORENA","partido_logo":"\/emblemas\/MORENA.jpeg","partido_votos_via_individual_numero":"470","partido_votos_via_coalicion_numero":"sin dato","partido_votos_total_numero":"470"},{"partido_id":10,"partido_nombre":"PHBCS","partido_logo":"\/emblemas\/PH_BCS.png","partido_votos_via_individual_numero":"sin dato","partido_votos_via_coalicion_numero":"Sin Coalici\u00f3n","partido_votos_total_numero":"0"},{"partido_id":12,"partido_nombre":"PNABCS","partido_logo":"\/emblemas\/PNABCS.jpeg","partido_votos_via_individual_numero":"1410","partido_votos_via_coalicion_numero":"Sin Coalici\u00f3n","partido_votos_total_numero":"1,410"},{"partido_id":13,"partido_nombre":"PES","partido_logo":"\/emblemas\/PES.png","partido_votos_via_individual_numero":"1449","partido_votos_via_coalicion_numero":"Sin Coalici\u00f3n","partido_votos_total_numero":"1,449"},{"partido_id":15,"partido_nombre":"FXM","partido_logo":"\/emblemas\/FXM.jpg","partido_votos_via_individual_numero":"1331","partido_votos_via_coalicion_numero":"Sin Coalici\u00f3n","partido_votos_total_numero":"1,331"},{"partido_id":16,"partido_nombre":"ML","partido_logo":"\/emblemas\/PML.png","partido_votos_via_individual_numero":"sin dato","partido_votos_via_coalicion_numero":"Sin Coalici\u00f3n","partido_votos_total_numero":"0"}]},{"distrito_id":"14","datos_partidos":[{"partido_id":2,"partido_nombre":"PAN","partido_logo":"\/emblemas\/PAN.png","partido_votos_via_individual_numero":"sin dato","partido_votos_via_coalicion_numero":"Sin Coalici\u00f3n","partido_votos_total_numero":"0"},{"partido_id":3,"partido_nombre":"PRI","partido_logo":"\/emblemas\/PRI.jpeg","partido_votos_via_individual_numero":"sin dato","partido_votos_via_coalicion_numero":"Sin Coalici\u00f3n","partido_votos_total_numero":"0"},{"partido_id":4,"partido_nombre":"PRD","partido_logo":"\/emblemas\/PRD.png","partido_votos_via_individual_numero":"sin dato","partido_votos_via_coalicion_numero":"Sin Coalici\u00f3n","partido_votos_total_numero":"0"},{"partido_id":5,"partido_nombre":"PT","partido_logo":"\/emblemas\/PT.jpeg","partido_votos_via_individual_numero":"840","partido_votos_via_coalicion_numero":"sin dato","partido_votos_total_numero":"840"},{"partido_id":8,"partido_nombre":"PRS","partido_logo":"\/emblemas\/PRS.png","partido_votos_via_individual_numero":"sin dato","partido_votos_via_coalicion_numero":"Sin Coalici\u00f3n","partido_votos_total_numero":"0"},{"partido_id":9,"partido_nombre":"MORENA","partido_logo":"\/emblemas\/MORENA.jpeg","partido_votos_via_individual_numero":"405","partido_votos_via_coalicion_numero":"sin dato","partido_votos_total_numero":"405"},{"partido_id":10,"partido_nombre":"PHBCS","partido_logo":"\/emblemas\/PH_BCS.png","partido_votos_via_individual_numero":"sin dato","partido_votos_via_coalicion_numero":"Sin Coalici\u00f3n","partido_votos_total_numero":"0"},{"partido_id":12,"partido_nombre":"PNABCS","partido_logo":"\/emblemas\/PNABCS.jpeg","partido_votos_via_individual_numero":"1142","partido_votos_via_coalicion_numero":"Sin Coalici\u00f3n","partido_votos_total_numero":"1,142"},{"partido_id":13,"partido_nombre":"PES","partido_logo":"\/emblemas\/PES.png","partido_votos_via_individual_numero":"1496","partido_votos_via_coalicion_numero":"Sin Coalici\u00f3n","partido_votos_total_numero":"1,496"},{"partido_id":15,"partido_nombre":"FXM","partido_logo":"\/emblemas\/FXM.jpg","partido_votos_via_individual_numero":"1337","partido_votos_via_coalicion_numero":"Sin Coalici\u00f3n","partido_votos_total_numero":"1,337"},{"partido_id":16,"partido_nombre":"ML","partido_logo":"\/emblemas\/PML.png","partido_votos_via_individual_numero":"sin dato","partido_votos_via_coalicion_numero":"Sin Coalici\u00f3n","partido_votos_total_numero":"0"}]},{"distrito_id":"15","datos_partidos":[{"partido_id":2,"partido_nombre":"PAN","partido_logo":"\/emblemas\/PAN.png","partido_votos_via_individual_numero":"sin dato","partido_votos_via_coalicion_numero":"Sin Coalici\u00f3n","partido_votos_total_numero":"0"},{"partido_id":3,"partido_nombre":"PRI","partido_logo":"\/emblemas\/PRI.jpeg","partido_votos_via_individual_numero":"sin dato","partido_votos_via_coalicion_numero":"Sin Coalici\u00f3n","partido_votos_total_numero":"0"},{"partido_id":4,"partido_nombre":"PRD","partido_logo":"\/emblemas\/PRD.png","partido_votos_via_individual_numero":"sin dato","partido_votos_via_coalicion_numero":"Sin Coalici\u00f3n","partido_votos_total_numero":"0"},{"partido_id":5,"partido_nombre":"PT","partido_logo":"\/emblemas\/PT.jpeg","partido_votos_via_individual_numero":"1198","partido_votos_via_coalicion_numero":"sin dato","partido_votos_total_numero":"1,198"},{"partido_id":6,"partido_nombre":"PVEM","partido_logo":"\/emblemas\/PVEM.jpeg","partido_votos_via_individual_numero":"1900","partido_votos_via_coalicion_numero":"Sin Coalici\u00f3n","partido_votos_total_numero":"1,900"},{"partido_id":7,"partido_nombre":"MC","partido_logo":"\/emblemas\/MC.jpeg","partido_votos_via_individual_numero":"1755","partido_votos_via_coalicion_numero":"Sin Coalici\u00f3n","partido_votos_total_numero":"1,755"},{"partido_id":8,"partido_nombre":"PRS","partido_logo":"\/emblemas\/PRS.png","partido_votos_via_individual_numero":"sin dato","partido_votos_via_coalicion_numero":"Sin Coalici\u00f3n","partido_votos_total_numero":"0"},{"partido_id":9,"partido_nombre":"MORENA","partido_logo":"\/emblemas\/MORENA.jpeg","partido_votos_via_individual_numero":"589","partido_votos_via_coalicion_numero":"sin dato","partido_votos_total_numero":"589"},{"partido_id":10,"partido_nombre":"PHBCS","partido_logo":"\/emblemas\/PH_BCS.png","partido_votos_via_individual_numero":"sin dato","partido_votos_via_coalicion_numero":"Sin Coalici\u00f3n","partido_votos_total_numero":"0"},{"partido_id":12,"partido_nombre":"PNABCS","partido_logo":"\/emblemas\/PNABCS.jpeg","partido_votos_via_individual_numero":"1745","partido_votos_via_coalicion_numero":"Sin Coalici\u00f3n","partido_votos_total_numero":"1,745"},{"partido_id":13,"partido_nombre":"PES","partido_logo":"\/emblemas\/PES.png","partido_votos_via_individual_numero":"1851","partido_votos_via_coalicion_numero":"Sin Coalici\u00f3n","partido_votos_total_numero":"1,851"},{"partido_id":15,"partido_nombre":"FXM","partido_logo":"\/emblemas\/FXM.jpg","partido_votos_via_individual_numero":"1827","partido_votos_via_coalicion_numero":"Sin Coalici\u00f3n","partido_votos_total_numero":"1,827"},{"partido_id":16,"partido_nombre":"ML","partido_logo":"\/emblemas\/PML.png","partido_votos_via_individual_numero":"sin dato","partido_votos_via_coalicion_numero":"Sin Coalici\u00f3n","partido_votos_total_numero":"0"}]},{"distrito_id":"16","datos_partidos":[{"partido_id":2,"partido_nombre":"PAN","partido_logo":"\/emblemas\/PAN.png","partido_votos_via_individual_numero":"sin dato","partido_votos_via_coalicion_numero":"Sin Coalici\u00f3n","partido_votos_total_numero":"0"},{"partido_id":3,"partido_nombre":"PRI","partido_logo":"\/emblemas\/PRI.jpeg","partido_votos_via_individual_numero":"sin dato","partido_votos_via_coalicion_numero":"Sin Coalici\u00f3n","partido_votos_total_numero":"0"},{"partido_id":4,"partido_nombre":"PRD","partido_logo":"\/emblemas\/PRD.png","partido_votos_via_individual_numero":"sin dato","partido_votos_via_coalicion_numero":"Sin Coalici\u00f3n","partido_votos_total_numero":"0"},{"partido_id":5,"partido_nombre":"PT","partido_logo":"\/emblemas\/PT.jpeg","partido_votos_via_individual_numero":"1254","partido_votos_via_coalicion_numero":"sin dato","partido_votos_total_numero":"1,254"},{"partido_id":6,"partido_nombre":"PVEM","partido_logo":"\/emblemas\/PVEM.jpeg","partido_votos_via_individual_numero":"1832","partido_votos_via_coalicion_numero":"Sin Coalici\u00f3n","partido_votos_total_numero":"1,832"},{"partido_id":7,"partido_nombre":"MC","partido_logo":"\/emblemas\/MC.jpeg","partido_votos_via_individual_numero":"1979","partido_votos_via_coalicion_numero":"Sin Coalici\u00f3n","partido_votos_total_numero":"1,979"},{"partido_id":8,"partido_nombre":"PRS","partido_logo":"\/emblemas\/PRS.png","partido_votos_via_individual_numero":"sin dato","partido_votos_via_coalicion_numero":"Sin Coalici\u00f3n","partido_votos_total_numero":"0"},{"partido_id":9,"partido_nombre":"MORENA","partido_logo":"\/emblemas\/MORENA.jpeg","partido_votos_via_individual_numero":"642","partido_votos_via_coalicion_numero":"sin dato","partido_votos_total_numero":"642"},{"partido_id":10,"partido_nombre":"PHBCS","partido_logo":"\/emblemas\/PH_BCS.png","partido_votos_via_individual_numero":"sin dato","partido_votos_via_coalicion_numero":"Sin Coalici\u00f3n","partido_votos_total_numero":"0"},{"partido_id":12,"partido_nombre":"PNABCS","partido_logo":"\/emblemas\/PNABCS.jpeg","partido_votos_via_individual_numero":"1865","partido_votos_via_coalicion_numero":"Sin Coalici\u00f3n","partido_votos_total_numero":"1,865"},{"partido_id":13,"partido_nombre":"PES","partido_logo":"\/emblemas\/PES.png","partido_votos_via_individual_numero":"1825","partido_votos_via_coalicion_numero":"Sin Coalici\u00f3n","partido_votos_total_numero":"1,825"},{"partido_id":15,"partido_nombre":"FXM","partido_logo":"\/emblemas\/FXM.jpg","partido_votos_via_individual_numero":"1747","partido_votos_via_coalicion_numero":"Sin Coalici\u00f3n","partido_votos_total_numero":"1,747"},{"partido_id":16,"partido_nombre":"ML","partido_logo":"\/emblemas\/PML.png","partido_votos_via_individual_numero":"sin dato","partido_votos_via_coalicion_numero":"Sin Coalici\u00f3n","partido_votos_total_numero":"0"}]}]}