{"fecha_utimo_corte":"27 Enero 2024","hora_local":"22:38 h UTC-7","tipo_eleccion":"Diputaciones","nombre_archivo_json":"diputaciones_votos_distritos_obtenidos_vista_mapa_nivel_entidad.json","candidatura_id_con_mayor_numero_votos":13,"mayor_numero_votos_numero":24948,"total_distrito_obtenidos_numero":2,"datos_candidatos":[{"candidatura_total_votos_numero":"0","candidatura_total_votos_porcentaje":"0.0000","candidatura_distritos_obtenidos_numero":0,"candidatura_id":2,"candidatura_nombre":"PAN","candidatura_logo":"\/emblemas\/PAN.png","candidatura_color":"#0149a5","seleccionado":false},{"candidatura_total_votos_numero":"0","candidatura_total_votos_porcentaje":"0.0000","candidatura_distritos_obtenidos_numero":0,"candidatura_id":3,"candidatura_nombre":"PRI","candidatura_logo":"\/emblemas\/PRI.jpeg","candidatura_color":"#ed3237","seleccionado":false},{"candidatura_total_votos_numero":"0","candidatura_total_votos_porcentaje":"0.0000","candidatura_distritos_obtenidos_numero":0,"candidatura_id":4,"candidatura_nombre":"PRD","candidatura_logo":"\/emblemas\/PRD.png","candidatura_color":"#ffcc00","seleccionado":false},{"candidatura_total_votos_numero":"8,080","candidatura_total_votos_porcentaje":"5.0132","candidatura_distritos_obtenidos_numero":0,"candidatura_id":5,"candidatura_nombre":"PT","candidatura_logo":"\/emblemas\/PT.jpeg","candidatura_color":"#E63500","seleccionado":false},{"candidatura_total_votos_numero":"23,212","candidatura_total_votos_porcentaje":"14.4018","candidatura_distritos_obtenidos_numero":1,"candidatura_id":6,"candidatura_nombre":"PVEM","candidatura_logo":"\/emblemas\/PVEM.jpeg","candidatura_color":"#2B7621","seleccionado":false},{"candidatura_total_votos_numero":"23,394","candidatura_total_votos_porcentaje":"14.5147","candidatura_distritos_obtenidos_numero":0,"candidatura_id":7,"candidatura_nombre":"PMC","candidatura_logo":"\/emblemas\/MC.jpeg","candidatura_color":"#FF6D00","seleccionado":false},{"candidatura_total_votos_numero":"0","candidatura_total_votos_porcentaje":"0.0000","candidatura_distritos_obtenidos_numero":0,"candidatura_id":8,"candidatura_nombre":"PRS","candidatura_logo":"\/emblemas\/PRS.png","candidatura_color":"#39454D","seleccionado":false},{"candidatura_total_votos_numero":"8,014","candidatura_total_votos_porcentaje":"4.9723","candidatura_distritos_obtenidos_numero":0,"candidatura_id":9,"candidatura_nombre":"MORENA","candidatura_logo":"\/emblemas\/MORENA.jpeg","candidatura_color":"#651C32","seleccionado":false},{"candidatura_total_votos_numero":"0","candidatura_total_votos_porcentaje":"0.0000","candidatura_distritos_obtenidos_numero":0,"candidatura_id":10,"candidatura_nombre":"PARTIDO HUMANISTA","candidatura_logo":"\/emblemas\/PH_BCS.png","candidatura_color":"#934791","seleccionado":false},{"candidatura_total_votos_numero":"24,210","candidatura_total_votos_porcentaje":"15.0210","candidatura_distritos_obtenidos_numero":0,"candidatura_id":12,"candidatura_nombre":"PNABCS","candidatura_logo":"\/emblemas\/PNABCS.jpeg","candidatura_color":"#329FAE","seleccionado":false},{"candidatura_total_votos_numero":"24,948","candidatura_total_votos_porcentaje":"15.4789","candidatura_distritos_obtenidos_numero":1,"candidatura_id":13,"candidatura_nombre":"PES","candidatura_logo":"\/emblemas\/PES.png","candidatura_color":"#924F9D","seleccionado":false},{"candidatura_total_votos_numero":"24,548","candidatura_total_votos_porcentaje":"15.2307","candidatura_distritos_obtenidos_numero":0,"candidatura_id":14,"candidatura_nombre":"RSP","candidatura_logo":"\/emblemas\/RSP.jpeg","candidatura_color":"#39454D","seleccionado":false},{"candidatura_total_votos_numero":"24,768","candidatura_total_votos_porcentaje":"15.3672","candidatura_distritos_obtenidos_numero":0,"candidatura_id":15,"candidatura_nombre":"FXM","candidatura_logo":"\/emblemas\/FXM.jpg","candidatura_color":"#DCAE6A","seleccionado":false},{"candidatura_total_votos_numero":"0","candidatura_total_votos_porcentaje":"0.0000","candidatura_distritos_obtenidos_numero":0,"candidatura_id":16,"candidatura_nombre":"PML","candidatura_logo":"\/emblemas\/PML.png","candidatura_color":"#924F9D","seleccionado":false},{"candidatura_total_votos_numero":"0","candidatura_total_votos_porcentaje":"0.0000","candidatura_distritos_obtenidos_numero":0,"candidatura_id":21,"candidatura_nombre":"PT-MORENA","candidatura_logo":"\/emblemas\/PT-MORENA.jpeg","candidatura_color":"#651C32","seleccionado":false}]}