{"fecha_ultimo_corte":"27 Enero 2024","hora_local":"22:38 h UTC-7","tipo_eleccion":"Diputaciones","nombre_archivo_json":"diputaciones_votos_por_casilla_especial_vista_tarjetas.json","datos_casillas":[{"seccion_id":"242","casilla_tipo":"Especial 1","casilla_descripcion":"242 Especial 1","acta_id":"","datos_votos":[{"candidatura_id":2,"candidatura_nombre":"PAN","candidatura_votos_cantidad":"0","candidatura_votos_porcentaje":"0.0000","candidatura_logo":"\/emblemas\/PAN.png"},{"candidatura_id":3,"candidatura_nombre":"PRI","candidatura_votos_cantidad":"0","candidatura_votos_porcentaje":"0.0000","candidatura_logo":"\/emblemas\/PRI.jpeg"},{"candidatura_id":4,"candidatura_nombre":"PRD","candidatura_votos_cantidad":"0","candidatura_votos_porcentaje":"0.0000","candidatura_logo":"\/emblemas\/PRD.png"},{"candidatura_id":5,"candidatura_nombre":"PT","candidatura_votos_cantidad":"0","candidatura_votos_porcentaje":"0.0000","candidatura_logo":"\/emblemas\/PT.jpeg"},{"candidatura_id":6,"candidatura_nombre":"PVEM","candidatura_votos_cantidad":"0","candidatura_votos_porcentaje":"0.0000","candidatura_logo":"\/emblemas\/PVEM.jpeg"},{"candidatura_id":7,"candidatura_nombre":"PMC","candidatura_votos_cantidad":"0","candidatura_votos_porcentaje":"0.0000","candidatura_logo":"\/emblemas\/MC.jpeg"},{"candidatura_id":8,"candidatura_nombre":"PRS","candidatura_votos_cantidad":"0","candidatura_votos_porcentaje":"0.0000","candidatura_logo":"\/emblemas\/PRS.png"},{"candidatura_id":9,"candidatura_nombre":"MORENA","candidatura_votos_cantidad":"0","candidatura_votos_porcentaje":"0.0000","candidatura_logo":"\/emblemas\/MORENA.jpeg"},{"candidatura_id":10,"candidatura_nombre":"PARTIDO HUMANISTA","candidatura_votos_cantidad":"0","candidatura_votos_porcentaje":"0.0000","candidatura_logo":"\/emblemas\/PH_BCS.png"},{"candidatura_id":12,"candidatura_nombre":"PNABCS","candidatura_votos_cantidad":"0","candidatura_votos_porcentaje":"0.0000","candidatura_logo":"\/emblemas\/PNABCS.jpeg"},{"candidatura_id":13,"candidatura_nombre":"PES","candidatura_votos_cantidad":"0","candidatura_votos_porcentaje":"0.0000","candidatura_logo":"\/emblemas\/PES.png"},{"candidatura_id":14,"candidatura_nombre":"RSP","candidatura_votos_cantidad":"0","candidatura_votos_porcentaje":"0.0000","candidatura_logo":"\/emblemas\/RSP.jpeg"},{"candidatura_id":15,"candidatura_nombre":"FXM","candidatura_votos_cantidad":"0","candidatura_votos_porcentaje":"0.0000","candidatura_logo":"\/emblemas\/FXM.jpg"},{"candidatura_id":16,"candidatura_nombre":"PML","candidatura_votos_cantidad":"0","candidatura_votos_porcentaje":"0.0000","candidatura_logo":"\/emblemas\/PML.png"},{"candidatura_id":21,"candidatura_nombre":"PT-MORENA","candidatura_votos_cantidad":"0","candidatura_votos_porcentaje":"0.0000","candidatura_logo":"\/emblemas\/PT-MORENA.jpeg"}]},{"seccion_id":"248","casilla_tipo":"Especial 1","casilla_descripcion":"248 Especial 1","acta_id":"","datos_votos":[{"candidatura_id":2,"candidatura_nombre":"PAN","candidatura_votos_cantidad":"0","candidatura_votos_porcentaje":"0.0000","candidatura_logo":"\/emblemas\/PAN.png"},{"candidatura_id":3,"candidatura_nombre":"PRI","candidatura_votos_cantidad":"0","candidatura_votos_porcentaje":"0.0000","candidatura_logo":"\/emblemas\/PRI.jpeg"},{"candidatura_id":4,"candidatura_nombre":"PRD","candidatura_votos_cantidad":"0","candidatura_votos_porcentaje":"0.0000","candidatura_logo":"\/emblemas\/PRD.png"},{"candidatura_id":5,"candidatura_nombre":"PT","candidatura_votos_cantidad":"0","candidatura_votos_porcentaje":"0.0000","candidatura_logo":"\/emblemas\/PT.jpeg"},{"candidatura_id":6,"candidatura_nombre":"PVEM","candidatura_votos_cantidad":"0","candidatura_votos_porcentaje":"0.0000","candidatura_logo":"\/emblemas\/PVEM.jpeg"},{"candidatura_id":7,"candidatura_nombre":"PMC","candidatura_votos_cantidad":"0","candidatura_votos_porcentaje":"0.0000","candidatura_logo":"\/emblemas\/MC.jpeg"},{"candidatura_id":8,"candidatura_nombre":"PRS","candidatura_votos_cantidad":"0","candidatura_votos_porcentaje":"0.0000","candidatura_logo":"\/emblemas\/PRS.png"},{"candidatura_id":9,"candidatura_nombre":"MORENA","candidatura_votos_cantidad":"0","candidatura_votos_porcentaje":"0.0000","candidatura_logo":"\/emblemas\/MORENA.jpeg"},{"candidatura_id":10,"candidatura_nombre":"PARTIDO HUMANISTA","candidatura_votos_cantidad":"0","candidatura_votos_porcentaje":"0.0000","candidatura_logo":"\/emblemas\/PH_BCS.png"},{"candidatura_id":12,"candidatura_nombre":"PNABCS","candidatura_votos_cantidad":"0","candidatura_votos_porcentaje":"0.0000","candidatura_logo":"\/emblemas\/PNABCS.jpeg"},{"candidatura_id":13,"candidatura_nombre":"PES","candidatura_votos_cantidad":"0","candidatura_votos_porcentaje":"0.0000","candidatura_logo":"\/emblemas\/PES.png"},{"candidatura_id":14,"candidatura_nombre":"RSP","candidatura_votos_cantidad":"0","candidatura_votos_porcentaje":"0.0000","candidatura_logo":"\/emblemas\/RSP.jpeg"},{"candidatura_id":15,"candidatura_nombre":"FXM","candidatura_votos_cantidad":"0","candidatura_votos_porcentaje":"0.0000","candidatura_logo":"\/emblemas\/FXM.jpg"},{"candidatura_id":16,"candidatura_nombre":"PML","candidatura_votos_cantidad":"0","candidatura_votos_porcentaje":"0.0000","candidatura_logo":"\/emblemas\/PML.png"},{"candidatura_id":21,"candidatura_nombre":"PT-MORENA","candidatura_votos_cantidad":"0","candidatura_votos_porcentaje":"0.0000","candidatura_logo":"\/emblemas\/PT-MORENA.jpeg"}]},{"seccion_id":"280","casilla_tipo":"Especial 1","casilla_descripcion":"280 Especial 1","acta_id":"","datos_votos":[{"candidatura_id":2,"candidatura_nombre":"PAN","candidatura_votos_cantidad":"0","candidatura_votos_porcentaje":"0.0000","candidatura_logo":"\/emblemas\/PAN.png"},{"candidatura_id":3,"candidatura_nombre":"PRI","candidatura_votos_cantidad":"0","candidatura_votos_porcentaje":"0.0000","candidatura_logo":"\/emblemas\/PRI.jpeg"},{"candidatura_id":4,"candidatura_nombre":"PRD","candidatura_votos_cantidad":"0","candidatura_votos_porcentaje":"0.0000","candidatura_logo":"\/emblemas\/PRD.png"},{"candidatura_id":5,"candidatura_nombre":"PT","candidatura_votos_cantidad":"0","candidatura_votos_porcentaje":"0.0000","candidatura_logo":"\/emblemas\/PT.jpeg"},{"candidatura_id":6,"candidatura_nombre":"PVEM","candidatura_votos_cantidad":"0","candidatura_votos_porcentaje":"0.0000","candidatura_logo":"\/emblemas\/PVEM.jpeg"},{"candidatura_id":7,"candidatura_nombre":"PMC","candidatura_votos_cantidad":"0","candidatura_votos_porcentaje":"0.0000","candidatura_logo":"\/emblemas\/MC.jpeg"},{"candidatura_id":8,"candidatura_nombre":"PRS","candidatura_votos_cantidad":"0","candidatura_votos_porcentaje":"0.0000","candidatura_logo":"\/emblemas\/PRS.png"},{"candidatura_id":9,"candidatura_nombre":"MORENA","candidatura_votos_cantidad":"0","candidatura_votos_porcentaje":"0.0000","candidatura_logo":"\/emblemas\/MORENA.jpeg"},{"candidatura_id":10,"candidatura_nombre":"PARTIDO HUMANISTA","candidatura_votos_cantidad":"0","candidatura_votos_porcentaje":"0.0000","candidatura_logo":"\/emblemas\/PH_BCS.png"},{"candidatura_id":12,"candidatura_nombre":"PNABCS","candidatura_votos_cantidad":"0","candidatura_votos_porcentaje":"0.0000","candidatura_logo":"\/emblemas\/PNABCS.jpeg"},{"candidatura_id":13,"candidatura_nombre":"PES","candidatura_votos_cantidad":"0","candidatura_votos_porcentaje":"0.0000","candidatura_logo":"\/emblemas\/PES.png"},{"candidatura_id":14,"candidatura_nombre":"RSP","candidatura_votos_cantidad":"0","candidatura_votos_porcentaje":"0.0000","candidatura_logo":"\/emblemas\/RSP.jpeg"},{"candidatura_id":15,"candidatura_nombre":"FXM","candidatura_votos_cantidad":"0","candidatura_votos_porcentaje":"0.0000","candidatura_logo":"\/emblemas\/FXM.jpg"},{"candidatura_id":16,"candidatura_nombre":"PML","candidatura_votos_cantidad":"0","candidatura_votos_porcentaje":"0.0000","candidatura_logo":"\/emblemas\/PML.png"},{"candidatura_id":21,"candidatura_nombre":"PT-MORENA","candidatura_votos_cantidad":"0","candidatura_votos_porcentaje":"0.0000","candidatura_logo":"\/emblemas\/PT-MORENA.jpeg"}]},{"seccion_id":"280","casilla_tipo":"Especial 2","casilla_descripcion":"280 Especial 2","acta_id":"","datos_votos":[{"candidatura_id":2,"candidatura_nombre":"PAN","candidatura_votos_cantidad":"0","candidatura_votos_porcentaje":"0.0000","candidatura_logo":"\/emblemas\/PAN.png"},{"candidatura_id":3,"candidatura_nombre":"PRI","candidatura_votos_cantidad":"0","candidatura_votos_porcentaje":"0.0000","candidatura_logo":"\/emblemas\/PRI.jpeg"},{"candidatura_id":4,"candidatura_nombre":"PRD","candidatura_votos_cantidad":"0","candidatura_votos_porcentaje":"0.0000","candidatura_logo":"\/emblemas\/PRD.png"},{"candidatura_id":5,"candidatura_nombre":"PT","candidatura_votos_cantidad":"0","candidatura_votos_porcentaje":"0.0000","candidatura_logo":"\/emblemas\/PT.jpeg"},{"candidatura_id":6,"candidatura_nombre":"PVEM","candidatura_votos_cantidad":"0","candidatura_votos_porcentaje":"0.0000","candidatura_logo":"\/emblemas\/PVEM.jpeg"},{"candidatura_id":7,"candidatura_nombre":"PMC","candidatura_votos_cantidad":"0","candidatura_votos_porcentaje":"0.0000","candidatura_logo":"\/emblemas\/MC.jpeg"},{"candidatura_id":8,"candidatura_nombre":"PRS","candidatura_votos_cantidad":"0","candidatura_votos_porcentaje":"0.0000","candidatura_logo":"\/emblemas\/PRS.png"},{"candidatura_id":9,"candidatura_nombre":"MORENA","candidatura_votos_cantidad":"0","candidatura_votos_porcentaje":"0.0000","candidatura_logo":"\/emblemas\/MORENA.jpeg"},{"candidatura_id":10,"candidatura_nombre":"PARTIDO HUMANISTA","candidatura_votos_cantidad":"0","candidatura_votos_porcentaje":"0.0000","candidatura_logo":"\/emblemas\/PH_BCS.png"},{"candidatura_id":12,"candidatura_nombre":"PNABCS","candidatura_votos_cantidad":"0","candidatura_votos_porcentaje":"0.0000","candidatura_logo":"\/emblemas\/PNABCS.jpeg"},{"candidatura_id":13,"candidatura_nombre":"PES","candidatura_votos_cantidad":"0","candidatura_votos_porcentaje":"0.0000","candidatura_logo":"\/emblemas\/PES.png"},{"candidatura_id":14,"candidatura_nombre":"RSP","candidatura_votos_cantidad":"0","candidatura_votos_porcentaje":"0.0000","candidatura_logo":"\/emblemas\/RSP.jpeg"},{"candidatura_id":15,"candidatura_nombre":"FXM","candidatura_votos_cantidad":"0","candidatura_votos_porcentaje":"0.0000","candidatura_logo":"\/emblemas\/FXM.jpg"},{"candidatura_id":16,"candidatura_nombre":"PML","candidatura_votos_cantidad":"0","candidatura_votos_porcentaje":"0.0000","candidatura_logo":"\/emblemas\/PML.png"},{"candidatura_id":21,"candidatura_nombre":"PT-MORENA","candidatura_votos_cantidad":"0","candidatura_votos_porcentaje":"0.0000","candidatura_logo":"\/emblemas\/PT-MORENA.jpeg"}]},{"seccion_id":"374","casilla_tipo":"Especial 1","casilla_descripcion":"374 Especial 1","acta_id":"","datos_votos":[{"candidatura_id":2,"candidatura_nombre":"PAN","candidatura_votos_cantidad":"0","candidatura_votos_porcentaje":"0.0000","candidatura_logo":"\/emblemas\/PAN.png"},{"candidatura_id":3,"candidatura_nombre":"PRI","candidatura_votos_cantidad":"0","candidatura_votos_porcentaje":"0.0000","candidatura_logo":"\/emblemas\/PRI.jpeg"},{"candidatura_id":4,"candidatura_nombre":"PRD","candidatura_votos_cantidad":"0","candidatura_votos_porcentaje":"0.0000","candidatura_logo":"\/emblemas\/PRD.png"},{"candidatura_id":5,"candidatura_nombre":"PT","candidatura_votos_cantidad":"0","candidatura_votos_porcentaje":"0.0000","candidatura_logo":"\/emblemas\/PT.jpeg"},{"candidatura_id":6,"candidatura_nombre":"PVEM","candidatura_votos_cantidad":"0","candidatura_votos_porcentaje":"0.0000","candidatura_logo":"\/emblemas\/PVEM.jpeg"},{"candidatura_id":7,"candidatura_nombre":"PMC","candidatura_votos_cantidad":"0","candidatura_votos_porcentaje":"0.0000","candidatura_logo":"\/emblemas\/MC.jpeg"},{"candidatura_id":8,"candidatura_nombre":"PRS","candidatura_votos_cantidad":"0","candidatura_votos_porcentaje":"0.0000","candidatura_logo":"\/emblemas\/PRS.png"},{"candidatura_id":9,"candidatura_nombre":"MORENA","candidatura_votos_cantidad":"0","candidatura_votos_porcentaje":"0.0000","candidatura_logo":"\/emblemas\/MORENA.jpeg"},{"candidatura_id":10,"candidatura_nombre":"PARTIDO HUMANISTA","candidatura_votos_cantidad":"0","candidatura_votos_porcentaje":"0.0000","candidatura_logo":"\/emblemas\/PH_BCS.png"},{"candidatura_id":12,"candidatura_nombre":"PNABCS","candidatura_votos_cantidad":"0","candidatura_votos_porcentaje":"0.0000","candidatura_logo":"\/emblemas\/PNABCS.jpeg"},{"candidatura_id":13,"candidatura_nombre":"PES","candidatura_votos_cantidad":"0","candidatura_votos_porcentaje":"0.0000","candidatura_logo":"\/emblemas\/PES.png"},{"candidatura_id":14,"candidatura_nombre":"RSP","candidatura_votos_cantidad":"0","candidatura_votos_porcentaje":"0.0000","candidatura_logo":"\/emblemas\/RSP.jpeg"},{"candidatura_id":15,"candidatura_nombre":"FXM","candidatura_votos_cantidad":"0","candidatura_votos_porcentaje":"0.0000","candidatura_logo":"\/emblemas\/FXM.jpg"},{"candidatura_id":16,"candidatura_nombre":"PML","candidatura_votos_cantidad":"0","candidatura_votos_porcentaje":"0.0000","candidatura_logo":"\/emblemas\/PML.png"},{"candidatura_id":21,"candidatura_nombre":"PT-MORENA","candidatura_votos_cantidad":"0","candidatura_votos_porcentaje":"0.0000","candidatura_logo":"\/emblemas\/PT-MORENA.jpeg"}]},{"seccion_id":"8","casilla_tipo":"Especial 1","casilla_descripcion":"008 Especial 1","acta_id":"","datos_votos":[{"candidatura_id":2,"candidatura_nombre":"PAN","candidatura_votos_cantidad":"0","candidatura_votos_porcentaje":"0.0000","candidatura_logo":"\/emblemas\/PAN.png"},{"candidatura_id":3,"candidatura_nombre":"PRI","candidatura_votos_cantidad":"0","candidatura_votos_porcentaje":"0.0000","candidatura_logo":"\/emblemas\/PRI.jpeg"},{"candidatura_id":4,"candidatura_nombre":"PRD","candidatura_votos_cantidad":"0","candidatura_votos_porcentaje":"0.0000","candidatura_logo":"\/emblemas\/PRD.png"},{"candidatura_id":5,"candidatura_nombre":"PT","candidatura_votos_cantidad":"0","candidatura_votos_porcentaje":"0.0000","candidatura_logo":"\/emblemas\/PT.jpeg"},{"candidatura_id":6,"candidatura_nombre":"PVEM","candidatura_votos_cantidad":"0","candidatura_votos_porcentaje":"0.0000","candidatura_logo":"\/emblemas\/PVEM.jpeg"},{"candidatura_id":7,"candidatura_nombre":"PMC","candidatura_votos_cantidad":"0","candidatura_votos_porcentaje":"0.0000","candidatura_logo":"\/emblemas\/MC.jpeg"},{"candidatura_id":8,"candidatura_nombre":"PRS","candidatura_votos_cantidad":"0","candidatura_votos_porcentaje":"0.0000","candidatura_logo":"\/emblemas\/PRS.png"},{"candidatura_id":9,"candidatura_nombre":"MORENA","candidatura_votos_cantidad":"0","candidatura_votos_porcentaje":"0.0000","candidatura_logo":"\/emblemas\/MORENA.jpeg"},{"candidatura_id":10,"candidatura_nombre":"PARTIDO HUMANISTA","candidatura_votos_cantidad":"0","candidatura_votos_porcentaje":"0.0000","candidatura_logo":"\/emblemas\/PH_BCS.png"},{"candidatura_id":12,"candidatura_nombre":"PNABCS","candidatura_votos_cantidad":"0","candidatura_votos_porcentaje":"0.0000","candidatura_logo":"\/emblemas\/PNABCS.jpeg"},{"candidatura_id":13,"candidatura_nombre":"PES","candidatura_votos_cantidad":"0","candidatura_votos_porcentaje":"0.0000","candidatura_logo":"\/emblemas\/PES.png"},{"candidatura_id":14,"candidatura_nombre":"RSP","candidatura_votos_cantidad":"0","candidatura_votos_porcentaje":"0.0000","candidatura_logo":"\/emblemas\/RSP.jpeg"},{"candidatura_id":15,"candidatura_nombre":"FXM","candidatura_votos_cantidad":"0","candidatura_votos_porcentaje":"0.0000","candidatura_logo":"\/emblemas\/FXM.jpg"},{"candidatura_id":16,"candidatura_nombre":"PML","candidatura_votos_cantidad":"0","candidatura_votos_porcentaje":"0.0000","candidatura_logo":"\/emblemas\/PML.png"},{"candidatura_id":21,"candidatura_nombre":"PT-MORENA","candidatura_votos_cantidad":"0","candidatura_votos_porcentaje":"0.0000","candidatura_logo":"\/emblemas\/PT-MORENA.jpeg"}]},{"seccion_id":"291","casilla_tipo":"Especial 1","casilla_descripcion":"291 Especial 1","acta_id":"","datos_votos":[{"candidatura_id":2,"candidatura_nombre":"PAN","candidatura_votos_cantidad":"0","candidatura_votos_porcentaje":"0.0000","candidatura_logo":"\/emblemas\/PAN.png"},{"candidatura_id":3,"candidatura_nombre":"PRI","candidatura_votos_cantidad":"0","candidatura_votos_porcentaje":"0.0000","candidatura_logo":"\/emblemas\/PRI.jpeg"},{"candidatura_id":4,"candidatura_nombre":"PRD","candidatura_votos_cantidad":"0","candidatura_votos_porcentaje":"0.0000","candidatura_logo":"\/emblemas\/PRD.png"},{"candidatura_id":5,"candidatura_nombre":"PT","candidatura_votos_cantidad":"0","candidatura_votos_porcentaje":"0.0000","candidatura_logo":"\/emblemas\/PT.jpeg"},{"candidatura_id":6,"candidatura_nombre":"PVEM","candidatura_votos_cantidad":"0","candidatura_votos_porcentaje":"0.0000","candidatura_logo":"\/emblemas\/PVEM.jpeg"},{"candidatura_id":7,"candidatura_nombre":"PMC","candidatura_votos_cantidad":"0","candidatura_votos_porcentaje":"0.0000","candidatura_logo":"\/emblemas\/MC.jpeg"},{"candidatura_id":8,"candidatura_nombre":"PRS","candidatura_votos_cantidad":"0","candidatura_votos_porcentaje":"0.0000","candidatura_logo":"\/emblemas\/PRS.png"},{"candidatura_id":9,"candidatura_nombre":"MORENA","candidatura_votos_cantidad":"0","candidatura_votos_porcentaje":"0.0000","candidatura_logo":"\/emblemas\/MORENA.jpeg"},{"candidatura_id":10,"candidatura_nombre":"PARTIDO HUMANISTA","candidatura_votos_cantidad":"0","candidatura_votos_porcentaje":"0.0000","candidatura_logo":"\/emblemas\/PH_BCS.png"},{"candidatura_id":12,"candidatura_nombre":"PNABCS","candidatura_votos_cantidad":"0","candidatura_votos_porcentaje":"0.0000","candidatura_logo":"\/emblemas\/PNABCS.jpeg"},{"candidatura_id":13,"candidatura_nombre":"PES","candidatura_votos_cantidad":"0","candidatura_votos_porcentaje":"0.0000","candidatura_logo":"\/emblemas\/PES.png"},{"candidatura_id":14,"candidatura_nombre":"RSP","candidatura_votos_cantidad":"0","candidatura_votos_porcentaje":"0.0000","candidatura_logo":"\/emblemas\/RSP.jpeg"},{"candidatura_id":15,"candidatura_nombre":"FXM","candidatura_votos_cantidad":"0","candidatura_votos_porcentaje":"0.0000","candidatura_logo":"\/emblemas\/FXM.jpg"},{"candidatura_id":16,"candidatura_nombre":"PML","candidatura_votos_cantidad":"0","candidatura_votos_porcentaje":"0.0000","candidatura_logo":"\/emblemas\/PML.png"},{"candidatura_id":21,"candidatura_nombre":"PT-MORENA","candidatura_votos_cantidad":"0","candidatura_votos_porcentaje":"0.0000","candidatura_logo":"\/emblemas\/PT-MORENA.jpeg"}]},{"seccion_id":"77","casilla_tipo":"Especial 1","casilla_descripcion":"077 Especial 1","acta_id":"","datos_votos":[{"candidatura_id":2,"candidatura_nombre":"PAN","candidatura_votos_cantidad":"0","candidatura_votos_porcentaje":"0.0000","candidatura_logo":"\/emblemas\/PAN.png"},{"candidatura_id":3,"candidatura_nombre":"PRI","candidatura_votos_cantidad":"0","candidatura_votos_porcentaje":"0.0000","candidatura_logo":"\/emblemas\/PRI.jpeg"},{"candidatura_id":4,"candidatura_nombre":"PRD","candidatura_votos_cantidad":"0","candidatura_votos_porcentaje":"0.0000","candidatura_logo":"\/emblemas\/PRD.png"},{"candidatura_id":5,"candidatura_nombre":"PT","candidatura_votos_cantidad":"0","candidatura_votos_porcentaje":"0.0000","candidatura_logo":"\/emblemas\/PT.jpeg"},{"candidatura_id":6,"candidatura_nombre":"PVEM","candidatura_votos_cantidad":"0","candidatura_votos_porcentaje":"0.0000","candidatura_logo":"\/emblemas\/PVEM.jpeg"},{"candidatura_id":7,"candidatura_nombre":"PMC","candidatura_votos_cantidad":"0","candidatura_votos_porcentaje":"0.0000","candidatura_logo":"\/emblemas\/MC.jpeg"},{"candidatura_id":8,"candidatura_nombre":"PRS","candidatura_votos_cantidad":"0","candidatura_votos_porcentaje":"0.0000","candidatura_logo":"\/emblemas\/PRS.png"},{"candidatura_id":9,"candidatura_nombre":"MORENA","candidatura_votos_cantidad":"0","candidatura_votos_porcentaje":"0.0000","candidatura_logo":"\/emblemas\/MORENA.jpeg"},{"candidatura_id":10,"candidatura_nombre":"PARTIDO HUMANISTA","candidatura_votos_cantidad":"0","candidatura_votos_porcentaje":"0.0000","candidatura_logo":"\/emblemas\/PH_BCS.png"},{"candidatura_id":12,"candidatura_nombre":"PNABCS","candidatura_votos_cantidad":"0","candidatura_votos_porcentaje":"0.0000","candidatura_logo":"\/emblemas\/PNABCS.jpeg"},{"candidatura_id":13,"candidatura_nombre":"PES","candidatura_votos_cantidad":"0","candidatura_votos_porcentaje":"0.0000","candidatura_logo":"\/emblemas\/PES.png"},{"candidatura_id":14,"candidatura_nombre":"RSP","candidatura_votos_cantidad":"0","candidatura_votos_porcentaje":"0.0000","candidatura_logo":"\/emblemas\/RSP.jpeg"},{"candidatura_id":15,"candidatura_nombre":"FXM","candidatura_votos_cantidad":"0","candidatura_votos_porcentaje":"0.0000","candidatura_logo":"\/emblemas\/FXM.jpg"},{"candidatura_id":16,"candidatura_nombre":"PML","candidatura_votos_cantidad":"0","candidatura_votos_porcentaje":"0.0000","candidatura_logo":"\/emblemas\/PML.png"},{"candidatura_id":21,"candidatura_nombre":"PT-MORENA","candidatura_votos_cantidad":"0","candidatura_votos_porcentaje":"0.0000","candidatura_logo":"\/emblemas\/PT-MORENA.jpeg"}]},{"seccion_id":"342","casilla_tipo":"Especial 1","casilla_descripcion":"342 Especial 1","acta_id":"","datos_votos":[{"candidatura_id":2,"candidatura_nombre":"PAN","candidatura_votos_cantidad":"0","candidatura_votos_porcentaje":"0.0000","candidatura_logo":"\/emblemas\/PAN.png"},{"candidatura_id":3,"candidatura_nombre":"PRI","candidatura_votos_cantidad":"0","candidatura_votos_porcentaje":"0.0000","candidatura_logo":"\/emblemas\/PRI.jpeg"},{"candidatura_id":4,"candidatura_nombre":"PRD","candidatura_votos_cantidad":"0","candidatura_votos_porcentaje":"0.0000","candidatura_logo":"\/emblemas\/PRD.png"},{"candidatura_id":5,"candidatura_nombre":"PT","candidatura_votos_cantidad":"0","candidatura_votos_porcentaje":"0.0000","candidatura_logo":"\/emblemas\/PT.jpeg"},{"candidatura_id":6,"candidatura_nombre":"PVEM","candidatura_votos_cantidad":"0","candidatura_votos_porcentaje":"0.0000","candidatura_logo":"\/emblemas\/PVEM.jpeg"},{"candidatura_id":7,"candidatura_nombre":"PMC","candidatura_votos_cantidad":"0","candidatura_votos_porcentaje":"0.0000","candidatura_logo":"\/emblemas\/MC.jpeg"},{"candidatura_id":8,"candidatura_nombre":"PRS","candidatura_votos_cantidad":"0","candidatura_votos_porcentaje":"0.0000","candidatura_logo":"\/emblemas\/PRS.png"},{"candidatura_id":9,"candidatura_nombre":"MORENA","candidatura_votos_cantidad":"0","candidatura_votos_porcentaje":"0.0000","candidatura_logo":"\/emblemas\/MORENA.jpeg"},{"candidatura_id":10,"candidatura_nombre":"PARTIDO HUMANISTA","candidatura_votos_cantidad":"0","candidatura_votos_porcentaje":"0.0000","candidatura_logo":"\/emblemas\/PH_BCS.png"},{"candidatura_id":12,"candidatura_nombre":"PNABCS","candidatura_votos_cantidad":"0","candidatura_votos_porcentaje":"0.0000","candidatura_logo":"\/emblemas\/PNABCS.jpeg"},{"candidatura_id":13,"candidatura_nombre":"PES","candidatura_votos_cantidad":"0","candidatura_votos_porcentaje":"0.0000","candidatura_logo":"\/emblemas\/PES.png"},{"candidatura_id":14,"candidatura_nombre":"RSP","candidatura_votos_cantidad":"0","candidatura_votos_porcentaje":"0.0000","candidatura_logo":"\/emblemas\/RSP.jpeg"},{"candidatura_id":15,"candidatura_nombre":"FXM","candidatura_votos_cantidad":"0","candidatura_votos_porcentaje":"0.0000","candidatura_logo":"\/emblemas\/FXM.jpg"},{"candidatura_id":16,"candidatura_nombre":"PML","candidatura_votos_cantidad":"0","candidatura_votos_porcentaje":"0.0000","candidatura_logo":"\/emblemas\/PML.png"},{"candidatura_id":21,"candidatura_nombre":"PT-MORENA","candidatura_votos_cantidad":"0","candidatura_votos_porcentaje":"0.0000","candidatura_logo":"\/emblemas\/PT-MORENA.jpeg"}]},{"seccion_id":"97","casilla_tipo":"Especial 1","casilla_descripcion":"097 Especial 1","acta_id":"","datos_votos":[{"candidatura_id":2,"candidatura_nombre":"PAN","candidatura_votos_cantidad":"0","candidatura_votos_porcentaje":"0.0000","candidatura_logo":"\/emblemas\/PAN.png"},{"candidatura_id":3,"candidatura_nombre":"PRI","candidatura_votos_cantidad":"0","candidatura_votos_porcentaje":"0.0000","candidatura_logo":"\/emblemas\/PRI.jpeg"},{"candidatura_id":4,"candidatura_nombre":"PRD","candidatura_votos_cantidad":"0","candidatura_votos_porcentaje":"0.0000","candidatura_logo":"\/emblemas\/PRD.png"},{"candidatura_id":5,"candidatura_nombre":"PT","candidatura_votos_cantidad":"0","candidatura_votos_porcentaje":"0.0000","candidatura_logo":"\/emblemas\/PT.jpeg"},{"candidatura_id":6,"candidatura_nombre":"PVEM","candidatura_votos_cantidad":"0","candidatura_votos_porcentaje":"0.0000","candidatura_logo":"\/emblemas\/PVEM.jpeg"},{"candidatura_id":7,"candidatura_nombre":"PMC","candidatura_votos_cantidad":"0","candidatura_votos_porcentaje":"0.0000","candidatura_logo":"\/emblemas\/MC.jpeg"},{"candidatura_id":8,"candidatura_nombre":"PRS","candidatura_votos_cantidad":"0","candidatura_votos_porcentaje":"0.0000","candidatura_logo":"\/emblemas\/PRS.png"},{"candidatura_id":9,"candidatura_nombre":"MORENA","candidatura_votos_cantidad":"0","candidatura_votos_porcentaje":"0.0000","candidatura_logo":"\/emblemas\/MORENA.jpeg"},{"candidatura_id":10,"candidatura_nombre":"PARTIDO HUMANISTA","candidatura_votos_cantidad":"0","candidatura_votos_porcentaje":"0.0000","candidatura_logo":"\/emblemas\/PH_BCS.png"},{"candidatura_id":12,"candidatura_nombre":"PNABCS","candidatura_votos_cantidad":"0","candidatura_votos_porcentaje":"0.0000","candidatura_logo":"\/emblemas\/PNABCS.jpeg"},{"candidatura_id":13,"candidatura_nombre":"PES","candidatura_votos_cantidad":"0","candidatura_votos_porcentaje":"0.0000","candidatura_logo":"\/emblemas\/PES.png"},{"candidatura_id":14,"candidatura_nombre":"RSP","candidatura_votos_cantidad":"0","candidatura_votos_porcentaje":"0.0000","candidatura_logo":"\/emblemas\/RSP.jpeg"},{"candidatura_id":15,"candidatura_nombre":"FXM","candidatura_votos_cantidad":"0","candidatura_votos_porcentaje":"0.0000","candidatura_logo":"\/emblemas\/FXM.jpg"},{"candidatura_id":16,"candidatura_nombre":"PML","candidatura_votos_cantidad":"0","candidatura_votos_porcentaje":"0.0000","candidatura_logo":"\/emblemas\/PML.png"},{"candidatura_id":21,"candidatura_nombre":"PT-MORENA","candidatura_votos_cantidad":"0","candidatura_votos_porcentaje":"0.0000","candidatura_logo":"\/emblemas\/PT-MORENA.jpeg"}]},{"seccion_id":"318","casilla_tipo":"Especial 1","casilla_descripcion":"318 Especial 1","acta_id":"","datos_votos":[{"candidatura_id":2,"candidatura_nombre":"PAN","candidatura_votos_cantidad":"0","candidatura_votos_porcentaje":"0.0000","candidatura_logo":"\/emblemas\/PAN.png"},{"candidatura_id":3,"candidatura_nombre":"PRI","candidatura_votos_cantidad":"0","candidatura_votos_porcentaje":"0.0000","candidatura_logo":"\/emblemas\/PRI.jpeg"},{"candidatura_id":4,"candidatura_nombre":"PRD","candidatura_votos_cantidad":"0","candidatura_votos_porcentaje":"0.0000","candidatura_logo":"\/emblemas\/PRD.png"},{"candidatura_id":5,"candidatura_nombre":"PT","candidatura_votos_cantidad":"0","candidatura_votos_porcentaje":"0.0000","candidatura_logo":"\/emblemas\/PT.jpeg"},{"candidatura_id":6,"candidatura_nombre":"PVEM","candidatura_votos_cantidad":"0","candidatura_votos_porcentaje":"0.0000","candidatura_logo":"\/emblemas\/PVEM.jpeg"},{"candidatura_id":7,"candidatura_nombre":"PMC","candidatura_votos_cantidad":"0","candidatura_votos_porcentaje":"0.0000","candidatura_logo":"\/emblemas\/MC.jpeg"},{"candidatura_id":8,"candidatura_nombre":"PRS","candidatura_votos_cantidad":"0","candidatura_votos_porcentaje":"0.0000","candidatura_logo":"\/emblemas\/PRS.png"},{"candidatura_id":9,"candidatura_nombre":"MORENA","candidatura_votos_cantidad":"0","candidatura_votos_porcentaje":"0.0000","candidatura_logo":"\/emblemas\/MORENA.jpeg"},{"candidatura_id":10,"candidatura_nombre":"PARTIDO HUMANISTA","candidatura_votos_cantidad":"0","candidatura_votos_porcentaje":"0.0000","candidatura_logo":"\/emblemas\/PH_BCS.png"},{"candidatura_id":12,"candidatura_nombre":"PNABCS","candidatura_votos_cantidad":"0","candidatura_votos_porcentaje":"0.0000","candidatura_logo":"\/emblemas\/PNABCS.jpeg"},{"candidatura_id":13,"candidatura_nombre":"PES","candidatura_votos_cantidad":"0","candidatura_votos_porcentaje":"0.0000","candidatura_logo":"\/emblemas\/PES.png"},{"candidatura_id":14,"candidatura_nombre":"RSP","candidatura_votos_cantidad":"0","candidatura_votos_porcentaje":"0.0000","candidatura_logo":"\/emblemas\/RSP.jpeg"},{"candidatura_id":15,"candidatura_nombre":"FXM","candidatura_votos_cantidad":"0","candidatura_votos_porcentaje":"0.0000","candidatura_logo":"\/emblemas\/FXM.jpg"},{"candidatura_id":16,"candidatura_nombre":"PML","candidatura_votos_cantidad":"0","candidatura_votos_porcentaje":"0.0000","candidatura_logo":"\/emblemas\/PML.png"},{"candidatura_id":21,"candidatura_nombre":"PT-MORENA","candidatura_votos_cantidad":"0","candidatura_votos_porcentaje":"0.0000","candidatura_logo":"\/emblemas\/PT-MORENA.jpeg"}]},{"seccion_id":"400","casilla_tipo":"Especial 1","casilla_descripcion":"400 Especial 1","acta_id":"","datos_votos":[{"candidatura_id":2,"candidatura_nombre":"PAN","candidatura_votos_cantidad":"0","candidatura_votos_porcentaje":"0.0000","candidatura_logo":"\/emblemas\/PAN.png"},{"candidatura_id":3,"candidatura_nombre":"PRI","candidatura_votos_cantidad":"0","candidatura_votos_porcentaje":"0.0000","candidatura_logo":"\/emblemas\/PRI.jpeg"},{"candidatura_id":4,"candidatura_nombre":"PRD","candidatura_votos_cantidad":"0","candidatura_votos_porcentaje":"0.0000","candidatura_logo":"\/emblemas\/PRD.png"},{"candidatura_id":5,"candidatura_nombre":"PT","candidatura_votos_cantidad":"0","candidatura_votos_porcentaje":"0.0000","candidatura_logo":"\/emblemas\/PT.jpeg"},{"candidatura_id":6,"candidatura_nombre":"PVEM","candidatura_votos_cantidad":"0","candidatura_votos_porcentaje":"0.0000","candidatura_logo":"\/emblemas\/PVEM.jpeg"},{"candidatura_id":7,"candidatura_nombre":"PMC","candidatura_votos_cantidad":"0","candidatura_votos_porcentaje":"0.0000","candidatura_logo":"\/emblemas\/MC.jpeg"},{"candidatura_id":8,"candidatura_nombre":"PRS","candidatura_votos_cantidad":"0","candidatura_votos_porcentaje":"0.0000","candidatura_logo":"\/emblemas\/PRS.png"},{"candidatura_id":9,"candidatura_nombre":"MORENA","candidatura_votos_cantidad":"0","candidatura_votos_porcentaje":"0.0000","candidatura_logo":"\/emblemas\/MORENA.jpeg"},{"candidatura_id":10,"candidatura_nombre":"PARTIDO HUMANISTA","candidatura_votos_cantidad":"0","candidatura_votos_porcentaje":"0.0000","candidatura_logo":"\/emblemas\/PH_BCS.png"},{"candidatura_id":12,"candidatura_nombre":"PNABCS","candidatura_votos_cantidad":"0","candidatura_votos_porcentaje":"0.0000","candidatura_logo":"\/emblemas\/PNABCS.jpeg"},{"candidatura_id":13,"candidatura_nombre":"PES","candidatura_votos_cantidad":"0","candidatura_votos_porcentaje":"0.0000","candidatura_logo":"\/emblemas\/PES.png"},{"candidatura_id":14,"candidatura_nombre":"RSP","candidatura_votos_cantidad":"0","candidatura_votos_porcentaje":"0.0000","candidatura_logo":"\/emblemas\/RSP.jpeg"},{"candidatura_id":15,"candidatura_nombre":"FXM","candidatura_votos_cantidad":"0","candidatura_votos_porcentaje":"0.0000","candidatura_logo":"\/emblemas\/FXM.jpg"},{"candidatura_id":16,"candidatura_nombre":"PML","candidatura_votos_cantidad":"0","candidatura_votos_porcentaje":"0.0000","candidatura_logo":"\/emblemas\/PML.png"},{"candidatura_id":21,"candidatura_nombre":"PT-MORENA","candidatura_votos_cantidad":"0","candidatura_votos_porcentaje":"0.0000","candidatura_logo":"\/emblemas\/PT-MORENA.jpeg"}]},{"seccion_id":"000","casilla_tipo":"Todas","casilla_descripcion":"000 Todas","acta_id":"","datos_votos":[{"candidatura_id":2,"candidatura_nombre":"PAN","candidatura_votos_cantidad":"0","candidatura_votos_porcentaje":"0.0000","candidatura_logo":"\/emblemas\/PAN.png"},{"candidatura_id":3,"candidatura_nombre":"PRI","candidatura_votos_cantidad":"0","candidatura_votos_porcentaje":"0.0000","candidatura_logo":"\/emblemas\/PRI.jpeg"},{"candidatura_id":4,"candidatura_nombre":"PRD","candidatura_votos_cantidad":"0","candidatura_votos_porcentaje":"0.0000","candidatura_logo":"\/emblemas\/PRD.png"},{"candidatura_id":5,"candidatura_nombre":"PT","candidatura_votos_cantidad":"0","candidatura_votos_porcentaje":"0.0000","candidatura_logo":"\/emblemas\/PT.jpeg"},{"candidatura_id":6,"candidatura_nombre":"PVEM","candidatura_votos_cantidad":"0","candidatura_votos_porcentaje":"0.0000","candidatura_logo":"\/emblemas\/PVEM.jpeg"},{"candidatura_id":7,"candidatura_nombre":"PMC","candidatura_votos_cantidad":"0","candidatura_votos_porcentaje":"0.0000","candidatura_logo":"\/emblemas\/MC.jpeg"},{"candidatura_id":8,"candidatura_nombre":"PRS","candidatura_votos_cantidad":"0","candidatura_votos_porcentaje":"0.0000","candidatura_logo":"\/emblemas\/PRS.png"},{"candidatura_id":9,"candidatura_nombre":"MORENA","candidatura_votos_cantidad":"0","candidatura_votos_porcentaje":"0.0000","candidatura_logo":"\/emblemas\/MORENA.jpeg"},{"candidatura_id":10,"candidatura_nombre":"PARTIDO HUMANISTA","candidatura_votos_cantidad":"0","candidatura_votos_porcentaje":"0.0000","candidatura_logo":"\/emblemas\/PH_BCS.png"},{"candidatura_id":12,"candidatura_nombre":"PNABCS","candidatura_votos_cantidad":"0","candidatura_votos_porcentaje":"0.0000","candidatura_logo":"\/emblemas\/PNABCS.jpeg"},{"candidatura_id":13,"candidatura_nombre":"PES","candidatura_votos_cantidad":"0","candidatura_votos_porcentaje":"0.0000","candidatura_logo":"\/emblemas\/PES.png"},{"candidatura_id":14,"candidatura_nombre":"RSP","candidatura_votos_cantidad":"0","candidatura_votos_porcentaje":"0.0000","candidatura_logo":"\/emblemas\/RSP.jpeg"},{"candidatura_id":15,"candidatura_nombre":"FXM","candidatura_votos_cantidad":"0","candidatura_votos_porcentaje":"0.0000","candidatura_logo":"\/emblemas\/FXM.jpg"},{"candidatura_id":16,"candidatura_nombre":"PML","candidatura_votos_cantidad":"0","candidatura_votos_porcentaje":"0.0000","candidatura_logo":"\/emblemas\/PML.png"},{"candidatura_id":21,"candidatura_nombre":"PT-MORENA","candidatura_votos_cantidad":"0","candidatura_votos_porcentaje":"0.0000","candidatura_logo":"\/emblemas\/PT-MORENA.jpeg"},{"candidatura_id":0,"candidatura_nombre":"","candidatura_votos_cantidad":"0","candidatura_votos_porcentaje":"0.0000","candidatura_logo":""}]}]}