{"fecha_ultimo_corte":"27 Enero 2024","hora_local":"22:38 h UTC-7","tipo_eleccion":"Diputaciones","nombre_archivo_json":"diputaciones_resumen_votacion_nivel_distrito.json","distritos":[{"distrito_id":"1","total_votos_acumulados_numero":"4,511","total_votos_acumulados_porcentaje":"81.4995","total_votos_candidatura_noregistrada_numero":"998","total_votos_candidatura_noregistrada_porcentaje":"18.0307","total_votos_nulos_numero":"26","total_votos_nulos_porcentaje":"0.4697","total_votos_general_numero":"5,535","total_votos_general_porcentaje":"100.0000"},{"distrito_id":"2","total_votos_acumulados_numero":"13,914","total_votos_acumulados_porcentaje":"79.8783","total_votos_candidatura_noregistrada_numero":"3,341","total_votos_candidatura_noregistrada_porcentaje":"19.1802","total_votos_nulos_numero":"164","total_votos_nulos_porcentaje":"0.9415","total_votos_general_numero":"17,419","total_votos_general_porcentaje":"100.0000"},{"distrito_id":"3","total_votos_acumulados_numero":"8,251","total_votos_acumulados_porcentaje":"77.7956","total_votos_candidatura_noregistrada_numero":"2,034","total_votos_candidatura_noregistrada_porcentaje":"19.1778","total_votos_nulos_numero":"321","total_votos_nulos_porcentaje":"3.0266","total_votos_general_numero":"10,606","total_votos_general_porcentaje":"100.0000"},{"distrito_id":"4","total_votos_acumulados_numero":"9,794","total_votos_acumulados_porcentaje":"81.1837","total_votos_candidatura_noregistrada_numero":"2,190","total_votos_candidatura_noregistrada_porcentaje":"18.1532","total_votos_nulos_numero":"80","total_votos_nulos_porcentaje":"0.6631","total_votos_general_numero":"12,064","total_votos_general_porcentaje":"100.0000"},{"distrito_id":"5","total_votos_acumulados_numero":"9,943","total_votos_acumulados_porcentaje":"82.4324","total_votos_candidatura_noregistrada_numero":"2,110","total_votos_candidatura_noregistrada_porcentaje":"17.4930","total_votos_nulos_numero":"9","total_votos_nulos_porcentaje":"0.0746","total_votos_general_numero":"12,062","total_votos_general_porcentaje":"100.0000"},{"distrito_id":"6","total_votos_acumulados_numero":"8,312","total_votos_acumulados_porcentaje":"82.5012","total_votos_candidatura_noregistrada_numero":"1,759","total_votos_candidatura_noregistrada_porcentaje":"17.4591","total_votos_nulos_numero":"4","total_votos_nulos_porcentaje":"0.0397","total_votos_general_numero":"10,075","total_votos_general_porcentaje":"100.0000"},{"distrito_id":"7","total_votos_acumulados_numero":"10,926","total_votos_acumulados_porcentaje":"81.0474","total_votos_candidatura_noregistrada_numero":"2,537","total_votos_candidatura_noregistrada_porcentaje":"18.8191","total_votos_nulos_numero":"18","total_votos_nulos_porcentaje":"0.1335","total_votos_general_numero":"13,481","total_votos_general_porcentaje":"100.0000"},{"distrito_id":"8","total_votos_acumulados_numero":"7,604","total_votos_acumulados_porcentaje":"82.6701","total_votos_candidatura_noregistrada_numero":"1,585","total_votos_candidatura_noregistrada_porcentaje":"17.2320","total_votos_nulos_numero":"9","total_votos_nulos_porcentaje":"0.0978","total_votos_general_numero":"9,198","total_votos_general_porcentaje":"100.0000"},{"distrito_id":"9","total_votos_acumulados_numero":"10,066","total_votos_acumulados_porcentaje":"83.1970","total_votos_candidatura_noregistrada_numero":"2,024","total_votos_candidatura_noregistrada_porcentaje":"16.7287","total_votos_nulos_numero":"9","total_votos_nulos_porcentaje":"0.0744","total_votos_general_numero":"12,099","total_votos_general_porcentaje":"100.0000"},{"distrito_id":"10","total_votos_acumulados_numero":"8,908","total_votos_acumulados_porcentaje":"79.1752","total_votos_candidatura_noregistrada_numero":"2,328","total_votos_candidatura_noregistrada_porcentaje":"20.6915","total_votos_nulos_numero":"15","total_votos_nulos_porcentaje":"0.1333","total_votos_general_numero":"11,251","total_votos_general_porcentaje":"100.0000"},{"distrito_id":"11","total_votos_acumulados_numero":"9,829","total_votos_acumulados_porcentaje":"79.8586","total_votos_candidatura_noregistrada_numero":"2,468","total_votos_candidatura_noregistrada_porcentaje":"20.0520","total_votos_nulos_numero":"11","total_votos_nulos_porcentaje":"0.0894","total_votos_general_numero":"12,308","total_votos_general_porcentaje":"100.0000"},{"distrito_id":"12","total_votos_acumulados_numero":"7,260","total_votos_acumulados_porcentaje":"85.9680","total_votos_candidatura_noregistrada_numero":"1,181","total_votos_candidatura_noregistrada_porcentaje":"13.9846","total_votos_nulos_numero":"4","total_votos_nulos_porcentaje":"0.0474","total_votos_general_numero":"8,445","total_votos_general_porcentaje":"100.0000"},{"distrito_id":"13","total_votos_acumulados_numero":"8,273","total_votos_acumulados_porcentaje":"80.4141","total_votos_candidatura_noregistrada_numero":"2,012","total_votos_candidatura_noregistrada_porcentaje":"19.5568","total_votos_nulos_numero":"3","total_votos_nulos_porcentaje":"0.0292","total_votos_general_numero":"10,288","total_votos_general_porcentaje":"100.0000"},{"distrito_id":"14","total_votos_acumulados_numero":"5,220","total_votos_acumulados_porcentaje":"72.9968","total_votos_candidatura_noregistrada_numero":"1,922","total_votos_candidatura_noregistrada_porcentaje":"26.8774","total_votos_nulos_numero":"9","total_votos_nulos_porcentaje":"0.1259","total_votos_general_numero":"7,151","total_votos_general_porcentaje":"100.0000"},{"distrito_id":"15","total_votos_acumulados_numero":"10,865","total_votos_acumulados_porcentaje":"79.8369","total_votos_candidatura_noregistrada_numero":"2,720","total_votos_candidatura_noregistrada_porcentaje":"19.9868","total_votos_nulos_numero":"24","total_votos_nulos_porcentaje":"0.1764","total_votos_general_numero":"13,609","total_votos_general_porcentaje":"100.0000"},{"distrito_id":"16","total_votos_acumulados_numero":"11,144","total_votos_acumulados_porcentaje":"81.7548","total_votos_candidatura_noregistrada_numero":"2,484","total_votos_candidatura_noregistrada_porcentaje":"18.2232","total_votos_nulos_numero":"3","total_votos_nulos_porcentaje":"0.0220","total_votos_general_numero":"13,631","total_votos_general_porcentaje":"100.0000"}]}