{"fecha_ultimo_corte":"27 Enero 2024","hora_local":"22:38 h UTC-7","tipo_eleccion":"Diputaciones","nombre_archivo_json":"diputaciones_votos_por_casilla_especial.json","datos_nombres_columnas":[{"candidatura_id":99999999,"candidatura_nombre":"Casilla","candidatura_logo":"sin logo"},{"candidatura_id":999999999,"candidatura_nombre":"Acta digitalizada","candidatura_logo":"sin logo"},{"candidatura_id":6,"candidatura_nombre":6,"candidatura_logo":"\/emblemas\/PVEM.jpeg"},{"candidatura_id":9,"candidatura_nombre":9,"candidatura_logo":"\/emblemas\/MORENA.jpeg"},{"candidatura_id":11,"candidatura_nombre":11,"candidatura_logo":"\/emblemas\/PT.jpeg"},{"candidatura_id":12,"candidatura_nombre":12,"candidatura_logo":"\/emblemas\/PNABCS.jpeg"},{"candidatura_id":15,"candidatura_nombre":15,"candidatura_logo":"\/emblemas\/FXM.jpg"},{"candidatura_id":99,"candidatura_nombre":"Candidaturas no registradas","candidatura_logo":"sin logo"},{"candidatura_id":999,"candidatura_nombre":"Votos nulos","candidatura_logo":"sin logo"},{"candidatura_id":9999,"candidatura_nombre":"Total","candidatura_logo":"sin logo"},{"candidatura_id":99999,"candidatura_nombre":"Observaciones en acta","candidatura_logo":"sin logo"}],"datos_casillas":[{"seccion_id":"242","casilla_tipo":"Especial 1","casilla_descripcion":"242 Especial 1","acta_id":"","datos_votos":[{"candidatura_id":99999999,"candidatura_nombre":"Casilla","candidatura_votos_cantidad":"242 Especial 1","candidatura_logo":"sin dato"},{"candidatura_id":999999999,"candidatura_nombre":"Acta digitalizada","candidatura_votos_cantidad":"sin url","candidatura_logo":0},{"candidatura_id":6,"candidatura_nombre":6,"candidatura_votos_cantidad":"0","candidatura_logo":"\/emblemas\/PVEM.jpeg"},{"candidatura_id":9,"candidatura_nombre":9,"candidatura_votos_cantidad":"0","candidatura_logo":"\/emblemas\/MORENA.jpeg"},{"candidatura_id":11,"candidatura_nombre":11,"candidatura_votos_cantidad":"0","candidatura_logo":"\/emblemas\/PT.jpeg"},{"candidatura_id":12,"candidatura_nombre":12,"candidatura_votos_cantidad":"0","candidatura_logo":"\/emblemas\/PNABCS.jpeg"},{"candidatura_id":15,"candidatura_nombre":15,"candidatura_votos_cantidad":"0","candidatura_logo":"\/emblemas\/FXM.jpg"},{"candidatura_id":99,"candidatura_nombre":"Candidaturas no registradas","candidatura_votos_cantidad":"0","candidatura_logo":"sin logo"},{"candidatura_id":999,"candidatura_nombre":"Votos nulos","candidatura_votos_cantidad":"0","candidatura_logo":"sin logo"},{"candidatura_id":9999,"candidatura_nombre":"Total","candidatura_votos_cantidad":"0","candidatura_logo":"sin logo"},{"candidatura_id":99999,"candidatura_nombre":"Observaciones acta","candidatura_votos_cantidad":"","candidatura_logo":"sin logo"}]},{"seccion_id":"248","casilla_tipo":"Especial 1","casilla_descripcion":"248 Especial 1","acta_id":"","datos_votos":[{"candidatura_id":99999999,"candidatura_nombre":"Casilla","candidatura_votos_cantidad":"248 Especial 1","candidatura_logo":"sin dato"},{"candidatura_id":999999999,"candidatura_nombre":"Acta digitalizada","candidatura_votos_cantidad":"sin url","candidatura_logo":0},{"candidatura_id":6,"candidatura_nombre":6,"candidatura_votos_cantidad":"0","candidatura_logo":"\/emblemas\/PVEM.jpeg"},{"candidatura_id":9,"candidatura_nombre":9,"candidatura_votos_cantidad":"0","candidatura_logo":"\/emblemas\/MORENA.jpeg"},{"candidatura_id":11,"candidatura_nombre":11,"candidatura_votos_cantidad":"0","candidatura_logo":"\/emblemas\/PT.jpeg"},{"candidatura_id":12,"candidatura_nombre":12,"candidatura_votos_cantidad":"0","candidatura_logo":"\/emblemas\/PNABCS.jpeg"},{"candidatura_id":15,"candidatura_nombre":15,"candidatura_votos_cantidad":"0","candidatura_logo":"\/emblemas\/FXM.jpg"},{"candidatura_id":99,"candidatura_nombre":"Candidaturas no registradas","candidatura_votos_cantidad":"0","candidatura_logo":"sin logo"},{"candidatura_id":999,"candidatura_nombre":"Votos nulos","candidatura_votos_cantidad":"0","candidatura_logo":"sin logo"},{"candidatura_id":9999,"candidatura_nombre":"Total","candidatura_votos_cantidad":"0","candidatura_logo":"sin logo"},{"candidatura_id":99999,"candidatura_nombre":"Observaciones acta","candidatura_votos_cantidad":"","candidatura_logo":"sin logo"}]},{"seccion_id":"280","casilla_tipo":"Especial 1","casilla_descripcion":"280 Especial 1","acta_id":"","datos_votos":[{"candidatura_id":99999999,"candidatura_nombre":"Casilla","candidatura_votos_cantidad":"280 Especial 1","candidatura_logo":"sin dato"},{"candidatura_id":999999999,"candidatura_nombre":"Acta digitalizada","candidatura_votos_cantidad":"sin url","candidatura_logo":0},{"candidatura_id":6,"candidatura_nombre":6,"candidatura_votos_cantidad":"0","candidatura_logo":"\/emblemas\/PVEM.jpeg"},{"candidatura_id":9,"candidatura_nombre":9,"candidatura_votos_cantidad":"0","candidatura_logo":"\/emblemas\/MORENA.jpeg"},{"candidatura_id":11,"candidatura_nombre":11,"candidatura_votos_cantidad":"0","candidatura_logo":"\/emblemas\/PT.jpeg"},{"candidatura_id":12,"candidatura_nombre":12,"candidatura_votos_cantidad":"0","candidatura_logo":"\/emblemas\/PNABCS.jpeg"},{"candidatura_id":15,"candidatura_nombre":15,"candidatura_votos_cantidad":"0","candidatura_logo":"\/emblemas\/FXM.jpg"},{"candidatura_id":99,"candidatura_nombre":"Candidaturas no registradas","candidatura_votos_cantidad":"0","candidatura_logo":"sin logo"},{"candidatura_id":999,"candidatura_nombre":"Votos nulos","candidatura_votos_cantidad":"0","candidatura_logo":"sin logo"},{"candidatura_id":9999,"candidatura_nombre":"Total","candidatura_votos_cantidad":"0","candidatura_logo":"sin logo"},{"candidatura_id":99999,"candidatura_nombre":"Observaciones acta","candidatura_votos_cantidad":"","candidatura_logo":"sin logo"}]},{"seccion_id":"280","casilla_tipo":"Especial 2","casilla_descripcion":"280 Especial 2","acta_id":"","datos_votos":[{"candidatura_id":99999999,"candidatura_nombre":"Casilla","candidatura_votos_cantidad":"280 Especial 2","candidatura_logo":"sin dato"},{"candidatura_id":999999999,"candidatura_nombre":"Acta digitalizada","candidatura_votos_cantidad":"sin url","candidatura_logo":0},{"candidatura_id":6,"candidatura_nombre":6,"candidatura_votos_cantidad":"0","candidatura_logo":"\/emblemas\/PVEM.jpeg"},{"candidatura_id":9,"candidatura_nombre":9,"candidatura_votos_cantidad":"0","candidatura_logo":"\/emblemas\/MORENA.jpeg"},{"candidatura_id":11,"candidatura_nombre":11,"candidatura_votos_cantidad":"0","candidatura_logo":"\/emblemas\/PT.jpeg"},{"candidatura_id":12,"candidatura_nombre":12,"candidatura_votos_cantidad":"0","candidatura_logo":"\/emblemas\/PNABCS.jpeg"},{"candidatura_id":15,"candidatura_nombre":15,"candidatura_votos_cantidad":"0","candidatura_logo":"\/emblemas\/FXM.jpg"},{"candidatura_id":99,"candidatura_nombre":"Candidaturas no registradas","candidatura_votos_cantidad":"0","candidatura_logo":"sin logo"},{"candidatura_id":999,"candidatura_nombre":"Votos nulos","candidatura_votos_cantidad":"0","candidatura_logo":"sin logo"},{"candidatura_id":9999,"candidatura_nombre":"Total","candidatura_votos_cantidad":"0","candidatura_logo":"sin logo"},{"candidatura_id":99999,"candidatura_nombre":"Observaciones acta","candidatura_votos_cantidad":"","candidatura_logo":"sin logo"}]},{"seccion_id":"374","casilla_tipo":"Especial 1","casilla_descripcion":"374 Especial 1","acta_id":"","datos_votos":[{"candidatura_id":99999999,"candidatura_nombre":"Casilla","candidatura_votos_cantidad":"374 Especial 1","candidatura_logo":"sin dato"},{"candidatura_id":999999999,"candidatura_nombre":"Acta digitalizada","candidatura_votos_cantidad":"sin url","candidatura_logo":0},{"candidatura_id":6,"candidatura_nombre":6,"candidatura_votos_cantidad":"0","candidatura_logo":"\/emblemas\/PVEM.jpeg"},{"candidatura_id":9,"candidatura_nombre":9,"candidatura_votos_cantidad":"0","candidatura_logo":"\/emblemas\/MORENA.jpeg"},{"candidatura_id":11,"candidatura_nombre":11,"candidatura_votos_cantidad":"0","candidatura_logo":"\/emblemas\/PT.jpeg"},{"candidatura_id":12,"candidatura_nombre":12,"candidatura_votos_cantidad":"0","candidatura_logo":"\/emblemas\/PNABCS.jpeg"},{"candidatura_id":15,"candidatura_nombre":15,"candidatura_votos_cantidad":"0","candidatura_logo":"\/emblemas\/FXM.jpg"},{"candidatura_id":99,"candidatura_nombre":"Candidaturas no registradas","candidatura_votos_cantidad":"0","candidatura_logo":"sin logo"},{"candidatura_id":999,"candidatura_nombre":"Votos nulos","candidatura_votos_cantidad":"0","candidatura_logo":"sin logo"},{"candidatura_id":9999,"candidatura_nombre":"Total","candidatura_votos_cantidad":"0","candidatura_logo":"sin logo"},{"candidatura_id":99999,"candidatura_nombre":"Observaciones acta","candidatura_votos_cantidad":"","candidatura_logo":"sin logo"}]},{"seccion_id":"8","casilla_tipo":"Especial 1","casilla_descripcion":"008 Especial 1","acta_id":"","datos_votos":[{"candidatura_id":99999999,"candidatura_nombre":"Casilla","candidatura_votos_cantidad":"008 Especial 1","candidatura_logo":"sin dato"},{"candidatura_id":999999999,"candidatura_nombre":"Acta digitalizada","candidatura_votos_cantidad":"sin url","candidatura_logo":0},{"candidatura_id":6,"candidatura_nombre":6,"candidatura_votos_cantidad":"0","candidatura_logo":"\/emblemas\/PVEM.jpeg"},{"candidatura_id":9,"candidatura_nombre":9,"candidatura_votos_cantidad":"0","candidatura_logo":"\/emblemas\/MORENA.jpeg"},{"candidatura_id":11,"candidatura_nombre":11,"candidatura_votos_cantidad":"0","candidatura_logo":"\/emblemas\/PT.jpeg"},{"candidatura_id":12,"candidatura_nombre":12,"candidatura_votos_cantidad":"0","candidatura_logo":"\/emblemas\/PNABCS.jpeg"},{"candidatura_id":15,"candidatura_nombre":15,"candidatura_votos_cantidad":"0","candidatura_logo":"\/emblemas\/FXM.jpg"},{"candidatura_id":99,"candidatura_nombre":"Candidaturas no registradas","candidatura_votos_cantidad":"0","candidatura_logo":"sin logo"},{"candidatura_id":999,"candidatura_nombre":"Votos nulos","candidatura_votos_cantidad":"0","candidatura_logo":"sin logo"},{"candidatura_id":9999,"candidatura_nombre":"Total","candidatura_votos_cantidad":"0","candidatura_logo":"sin logo"},{"candidatura_id":99999,"candidatura_nombre":"Observaciones acta","candidatura_votos_cantidad":"","candidatura_logo":"sin logo"}]},{"seccion_id":"291","casilla_tipo":"Especial 1","casilla_descripcion":"291 Especial 1","acta_id":"","datos_votos":[{"candidatura_id":99999999,"candidatura_nombre":"Casilla","candidatura_votos_cantidad":"291 Especial 1","candidatura_logo":"sin dato"},{"candidatura_id":999999999,"candidatura_nombre":"Acta digitalizada","candidatura_votos_cantidad":"sin url","candidatura_logo":0},{"candidatura_id":6,"candidatura_nombre":6,"candidatura_votos_cantidad":"0","candidatura_logo":"\/emblemas\/PVEM.jpeg"},{"candidatura_id":9,"candidatura_nombre":9,"candidatura_votos_cantidad":"0","candidatura_logo":"\/emblemas\/MORENA.jpeg"},{"candidatura_id":11,"candidatura_nombre":11,"candidatura_votos_cantidad":"0","candidatura_logo":"\/emblemas\/PT.jpeg"},{"candidatura_id":12,"candidatura_nombre":12,"candidatura_votos_cantidad":"0","candidatura_logo":"\/emblemas\/PNABCS.jpeg"},{"candidatura_id":15,"candidatura_nombre":15,"candidatura_votos_cantidad":"0","candidatura_logo":"\/emblemas\/FXM.jpg"},{"candidatura_id":99,"candidatura_nombre":"Candidaturas no registradas","candidatura_votos_cantidad":"0","candidatura_logo":"sin logo"},{"candidatura_id":999,"candidatura_nombre":"Votos nulos","candidatura_votos_cantidad":"0","candidatura_logo":"sin logo"},{"candidatura_id":9999,"candidatura_nombre":"Total","candidatura_votos_cantidad":"0","candidatura_logo":"sin logo"},{"candidatura_id":99999,"candidatura_nombre":"Observaciones acta","candidatura_votos_cantidad":"","candidatura_logo":"sin logo"}]},{"seccion_id":"77","casilla_tipo":"Especial 1","casilla_descripcion":"077 Especial 1","acta_id":"","datos_votos":[{"candidatura_id":99999999,"candidatura_nombre":"Casilla","candidatura_votos_cantidad":"077 Especial 1","candidatura_logo":"sin dato"},{"candidatura_id":999999999,"candidatura_nombre":"Acta digitalizada","candidatura_votos_cantidad":"sin url","candidatura_logo":0},{"candidatura_id":6,"candidatura_nombre":6,"candidatura_votos_cantidad":"0","candidatura_logo":"\/emblemas\/PVEM.jpeg"},{"candidatura_id":9,"candidatura_nombre":9,"candidatura_votos_cantidad":"0","candidatura_logo":"\/emblemas\/MORENA.jpeg"},{"candidatura_id":11,"candidatura_nombre":11,"candidatura_votos_cantidad":"0","candidatura_logo":"\/emblemas\/PT.jpeg"},{"candidatura_id":12,"candidatura_nombre":12,"candidatura_votos_cantidad":"0","candidatura_logo":"\/emblemas\/PNABCS.jpeg"},{"candidatura_id":15,"candidatura_nombre":15,"candidatura_votos_cantidad":"0","candidatura_logo":"\/emblemas\/FXM.jpg"},{"candidatura_id":99,"candidatura_nombre":"Candidaturas no registradas","candidatura_votos_cantidad":"0","candidatura_logo":"sin logo"},{"candidatura_id":999,"candidatura_nombre":"Votos nulos","candidatura_votos_cantidad":"0","candidatura_logo":"sin logo"},{"candidatura_id":9999,"candidatura_nombre":"Total","candidatura_votos_cantidad":"0","candidatura_logo":"sin logo"},{"candidatura_id":99999,"candidatura_nombre":"Observaciones acta","candidatura_votos_cantidad":"","candidatura_logo":"sin logo"}]},{"seccion_id":"342","casilla_tipo":"Especial 1","casilla_descripcion":"342 Especial 1","acta_id":"","datos_votos":[{"candidatura_id":99999999,"candidatura_nombre":"Casilla","candidatura_votos_cantidad":"342 Especial 1","candidatura_logo":"sin dato"},{"candidatura_id":999999999,"candidatura_nombre":"Acta digitalizada","candidatura_votos_cantidad":"sin url","candidatura_logo":0},{"candidatura_id":6,"candidatura_nombre":6,"candidatura_votos_cantidad":"0","candidatura_logo":"\/emblemas\/PVEM.jpeg"},{"candidatura_id":9,"candidatura_nombre":9,"candidatura_votos_cantidad":"0","candidatura_logo":"\/emblemas\/MORENA.jpeg"},{"candidatura_id":11,"candidatura_nombre":11,"candidatura_votos_cantidad":"0","candidatura_logo":"\/emblemas\/PT.jpeg"},{"candidatura_id":12,"candidatura_nombre":12,"candidatura_votos_cantidad":"0","candidatura_logo":"\/emblemas\/PNABCS.jpeg"},{"candidatura_id":15,"candidatura_nombre":15,"candidatura_votos_cantidad":"0","candidatura_logo":"\/emblemas\/FXM.jpg"},{"candidatura_id":99,"candidatura_nombre":"Candidaturas no registradas","candidatura_votos_cantidad":"0","candidatura_logo":"sin logo"},{"candidatura_id":999,"candidatura_nombre":"Votos nulos","candidatura_votos_cantidad":"0","candidatura_logo":"sin logo"},{"candidatura_id":9999,"candidatura_nombre":"Total","candidatura_votos_cantidad":"0","candidatura_logo":"sin logo"},{"candidatura_id":99999,"candidatura_nombre":"Observaciones acta","candidatura_votos_cantidad":"","candidatura_logo":"sin logo"}]},{"seccion_id":"97","casilla_tipo":"Especial 1","casilla_descripcion":"097 Especial 1","acta_id":"","datos_votos":[{"candidatura_id":99999999,"candidatura_nombre":"Casilla","candidatura_votos_cantidad":"097 Especial 1","candidatura_logo":"sin dato"},{"candidatura_id":999999999,"candidatura_nombre":"Acta digitalizada","candidatura_votos_cantidad":"sin url","candidatura_logo":0},{"candidatura_id":6,"candidatura_nombre":6,"candidatura_votos_cantidad":"0","candidatura_logo":"\/emblemas\/PVEM.jpeg"},{"candidatura_id":9,"candidatura_nombre":9,"candidatura_votos_cantidad":"0","candidatura_logo":"\/emblemas\/MORENA.jpeg"},{"candidatura_id":11,"candidatura_nombre":11,"candidatura_votos_cantidad":"0","candidatura_logo":"\/emblemas\/PT.jpeg"},{"candidatura_id":12,"candidatura_nombre":12,"candidatura_votos_cantidad":"0","candidatura_logo":"\/emblemas\/PNABCS.jpeg"},{"candidatura_id":15,"candidatura_nombre":15,"candidatura_votos_cantidad":"0","candidatura_logo":"\/emblemas\/FXM.jpg"},{"candidatura_id":99,"candidatura_nombre":"Candidaturas no registradas","candidatura_votos_cantidad":"0","candidatura_logo":"sin logo"},{"candidatura_id":999,"candidatura_nombre":"Votos nulos","candidatura_votos_cantidad":"0","candidatura_logo":"sin logo"},{"candidatura_id":9999,"candidatura_nombre":"Total","candidatura_votos_cantidad":"0","candidatura_logo":"sin logo"},{"candidatura_id":99999,"candidatura_nombre":"Observaciones acta","candidatura_votos_cantidad":"","candidatura_logo":"sin logo"}]},{"seccion_id":"318","casilla_tipo":"Especial 1","casilla_descripcion":"318 Especial 1","acta_id":"","datos_votos":[{"candidatura_id":99999999,"candidatura_nombre":"Casilla","candidatura_votos_cantidad":"318 Especial 1","candidatura_logo":"sin dato"},{"candidatura_id":999999999,"candidatura_nombre":"Acta digitalizada","candidatura_votos_cantidad":"sin url","candidatura_logo":0},{"candidatura_id":6,"candidatura_nombre":6,"candidatura_votos_cantidad":"0","candidatura_logo":"\/emblemas\/PVEM.jpeg"},{"candidatura_id":9,"candidatura_nombre":9,"candidatura_votos_cantidad":"0","candidatura_logo":"\/emblemas\/MORENA.jpeg"},{"candidatura_id":11,"candidatura_nombre":11,"candidatura_votos_cantidad":"0","candidatura_logo":"\/emblemas\/PT.jpeg"},{"candidatura_id":12,"candidatura_nombre":12,"candidatura_votos_cantidad":"0","candidatura_logo":"\/emblemas\/PNABCS.jpeg"},{"candidatura_id":15,"candidatura_nombre":15,"candidatura_votos_cantidad":"0","candidatura_logo":"\/emblemas\/FXM.jpg"},{"candidatura_id":99,"candidatura_nombre":"Candidaturas no registradas","candidatura_votos_cantidad":"0","candidatura_logo":"sin logo"},{"candidatura_id":999,"candidatura_nombre":"Votos nulos","candidatura_votos_cantidad":"0","candidatura_logo":"sin logo"},{"candidatura_id":9999,"candidatura_nombre":"Total","candidatura_votos_cantidad":"0","candidatura_logo":"sin logo"},{"candidatura_id":99999,"candidatura_nombre":"Observaciones acta","candidatura_votos_cantidad":"","candidatura_logo":"sin logo"}]},{"seccion_id":"400","casilla_tipo":"Especial 1","casilla_descripcion":"400 Especial 1","acta_id":"","datos_votos":[{"candidatura_id":99999999,"candidatura_nombre":"Casilla","candidatura_votos_cantidad":"400 Especial 1","candidatura_logo":"sin dato"},{"candidatura_id":999999999,"candidatura_nombre":"Acta digitalizada","candidatura_votos_cantidad":"sin url","candidatura_logo":0},{"candidatura_id":6,"candidatura_nombre":6,"candidatura_votos_cantidad":"0","candidatura_logo":"\/emblemas\/PVEM.jpeg"},{"candidatura_id":9,"candidatura_nombre":9,"candidatura_votos_cantidad":"0","candidatura_logo":"\/emblemas\/MORENA.jpeg"},{"candidatura_id":11,"candidatura_nombre":11,"candidatura_votos_cantidad":"0","candidatura_logo":"\/emblemas\/PT.jpeg"},{"candidatura_id":12,"candidatura_nombre":12,"candidatura_votos_cantidad":"0","candidatura_logo":"\/emblemas\/PNABCS.jpeg"},{"candidatura_id":15,"candidatura_nombre":15,"candidatura_votos_cantidad":"0","candidatura_logo":"\/emblemas\/FXM.jpg"},{"candidatura_id":99,"candidatura_nombre":"Candidaturas no registradas","candidatura_votos_cantidad":"0","candidatura_logo":"sin logo"},{"candidatura_id":999,"candidatura_nombre":"Votos nulos","candidatura_votos_cantidad":"0","candidatura_logo":"sin logo"},{"candidatura_id":9999,"candidatura_nombre":"Total","candidatura_votos_cantidad":"0","candidatura_logo":"sin logo"},{"candidatura_id":99999,"candidatura_nombre":"Observaciones acta","candidatura_votos_cantidad":"","candidatura_logo":"sin logo"}]}]}