{"fecha_utimo_corte":"27 Enero 2024","hora_local":"22:38 h UTC-7","tipo_eleccion":"Diputaciones","nombre_archivo_json":"diputaciones_votos_partido_politicos_vista_tarjetas_nivel_distrito.json","distritos":[{"distrito_id":"1","partidos":[{"partido_id":2,"partido_nombre":"PAN","partido_logo":null,"partido_total_votos_entidad_numero":"0","partido_total_votos_entidad_porcentaje":"0.0000","seleccionado":false},{"partido_id":3,"partido_nombre":"PRI","partido_logo":null,"partido_total_votos_entidad_numero":"0","partido_total_votos_entidad_porcentaje":"0.0000","seleccionado":false},{"partido_id":4,"partido_nombre":"PRD","partido_logo":null,"partido_total_votos_entidad_numero":"0","partido_total_votos_entidad_porcentaje":"0.0000","seleccionado":false},{"partido_id":5,"partido_nombre":"PT","partido_logo":null,"partido_total_votos_entidad_numero":"483","partido_total_votos_entidad_porcentaje":"2.9257","seleccionado":false},{"partido_id":6,"partido_nombre":"PVEM","partido_logo":null,"partido_total_votos_entidad_numero":"638","partido_total_votos_entidad_porcentaje":"3.8646","seleccionado":false},{"partido_id":7,"partido_nombre":"MC","partido_logo":null,"partido_total_votos_entidad_numero":"801","partido_total_votos_entidad_porcentaje":"4.8519","seleccionado":false},{"partido_id":8,"partido_nombre":"PRS","partido_logo":null,"partido_total_votos_entidad_numero":"0","partido_total_votos_entidad_porcentaje":"0.0000","seleccionado":false},{"partido_id":9,"partido_nombre":"MORENA","partido_logo":null,"partido_total_votos_entidad_numero":"228","partido_total_votos_entidad_porcentaje":"1.3811","seleccionado":false},{"partido_id":10,"partido_nombre":"PHBCS","partido_logo":null,"partido_total_votos_entidad_numero":"0","partido_total_votos_entidad_porcentaje":"0.0000","seleccionado":false},{"partido_id":12,"partido_nombre":"PNABCS","partido_logo":null,"partido_total_votos_entidad_numero":"757","partido_total_votos_entidad_porcentaje":"4.5854","seleccionado":false},{"partido_id":13,"partido_nombre":"PES","partido_logo":null,"partido_total_votos_entidad_numero":"826","partido_total_votos_entidad_porcentaje":"5.0033","seleccionado":false},{"partido_id":15,"partido_nombre":"FXM","partido_logo":null,"partido_total_votos_entidad_numero":"778","partido_total_votos_entidad_porcentaje":"4.7126","seleccionado":false},{"partido_id":16,"partido_nombre":"ML","partido_logo":null,"partido_total_votos_entidad_numero":"0","partido_total_votos_entidad_porcentaje":"0.0000","seleccionado":false},{"partido_id":21,"partido_nombre":"PT-MORENA","partido_logo":null,"partido_total_votos_entidad_numero":"0","partido_total_votos_entidad_porcentaje":"0.0000","seleccionado":false}]},{"distrito_id":"2","partidos":[{"partido_id":2,"partido_nombre":"PAN","partido_logo":null,"partido_total_votos_entidad_numero":"0","partido_total_votos_entidad_porcentaje":"0.0000","seleccionado":false},{"partido_id":3,"partido_nombre":"PRI","partido_logo":null,"partido_total_votos_entidad_numero":"0","partido_total_votos_entidad_porcentaje":"0.0000","seleccionado":false},{"partido_id":4,"partido_nombre":"PRD","partido_logo":null,"partido_total_votos_entidad_numero":"0","partido_total_votos_entidad_porcentaje":"0.0000","seleccionado":false},{"partido_id":5,"partido_nombre":"PT","partido_logo":null,"partido_total_votos_entidad_numero":"1,532","partido_total_votos_entidad_porcentaje":"2.7833","seleccionado":false},{"partido_id":6,"partido_nombre":"PVEM","partido_logo":null,"partido_total_votos_entidad_numero":"2,396","partido_total_votos_entidad_porcentaje":"4.3530","seleccionado":false},{"partido_id":7,"partido_nombre":"MC","partido_logo":null,"partido_total_votos_entidad_numero":"2,277","partido_total_votos_entidad_porcentaje":"4.1368","seleccionado":false},{"partido_id":8,"partido_nombre":"PRS","partido_logo":null,"partido_total_votos_entidad_numero":"0","partido_total_votos_entidad_porcentaje":"0.0000","seleccionado":false},{"partido_id":9,"partido_nombre":"MORENA","partido_logo":null,"partido_total_votos_entidad_numero":"805","partido_total_votos_entidad_porcentaje":"1.4625","seleccionado":false},{"partido_id":10,"partido_nombre":"PHBCS","partido_logo":null,"partido_total_votos_entidad_numero":"0","partido_total_votos_entidad_porcentaje":"0.0000","seleccionado":false},{"partido_id":12,"partido_nombre":"PNABCS","partido_logo":null,"partido_total_votos_entidad_numero":"2,306","partido_total_votos_entidad_porcentaje":"4.1895","seleccionado":false},{"partido_id":13,"partido_nombre":"PES","partido_logo":null,"partido_total_votos_entidad_numero":"2,255","partido_total_votos_entidad_porcentaje":"4.0969","seleccionado":false},{"partido_id":15,"partido_nombre":"FXM","partido_logo":null,"partido_total_votos_entidad_numero":"2,343","partido_total_votos_entidad_porcentaje":"4.2567","seleccionado":false},{"partido_id":16,"partido_nombre":"ML","partido_logo":null,"partido_total_votos_entidad_numero":"0","partido_total_votos_entidad_porcentaje":"0.0000","seleccionado":false}]},{"distrito_id":"3","partidos":[{"partido_id":2,"partido_nombre":"PAN","partido_logo":null,"partido_total_votos_entidad_numero":"0","partido_total_votos_entidad_porcentaje":"0.0000","seleccionado":false},{"partido_id":3,"partido_nombre":"PRI","partido_logo":null,"partido_total_votos_entidad_numero":"0","partido_total_votos_entidad_porcentaje":"0.0000","seleccionado":false},{"partido_id":4,"partido_nombre":"PRD","partido_logo":null,"partido_total_votos_entidad_numero":"0","partido_total_votos_entidad_porcentaje":"0.0000","seleccionado":false},{"partido_id":5,"partido_nombre":"PT","partido_logo":null,"partido_total_votos_entidad_numero":"954","partido_total_votos_entidad_porcentaje":"2.7105","seleccionado":false},{"partido_id":6,"partido_nombre":"PVEM","partido_logo":null,"partido_total_votos_entidad_numero":"1,406","partido_total_votos_entidad_porcentaje":"3.9947","seleccionado":false},{"partido_id":7,"partido_nombre":"MC","partido_logo":null,"partido_total_votos_entidad_numero":"1,373","partido_total_votos_entidad_porcentaje":"3.9009","seleccionado":false},{"partido_id":8,"partido_nombre":"PRS","partido_logo":null,"partido_total_votos_entidad_numero":"0","partido_total_votos_entidad_porcentaje":"0.0000","seleccionado":false},{"partido_id":9,"partido_nombre":"MORENA","partido_logo":null,"partido_total_votos_entidad_numero":"435","partido_total_votos_entidad_porcentaje":"1.2359","seleccionado":false},{"partido_id":10,"partido_nombre":"PHBCS","partido_logo":null,"partido_total_votos_entidad_numero":"0","partido_total_votos_entidad_porcentaje":"0.0000","seleccionado":false},{"partido_id":12,"partido_nombre":"PNABCS","partido_logo":null,"partido_total_votos_entidad_numero":"1,374","partido_total_votos_entidad_porcentaje":"3.9037","seleccionado":false},{"partido_id":13,"partido_nombre":"PES","partido_logo":null,"partido_total_votos_entidad_numero":"1,378","partido_total_votos_entidad_porcentaje":"3.9151","seleccionado":false},{"partido_id":15,"partido_nombre":"FXM","partido_logo":null,"partido_total_votos_entidad_numero":"1,331","partido_total_votos_entidad_porcentaje":"3.7816","seleccionado":false},{"partido_id":16,"partido_nombre":"ML","partido_logo":null,"partido_total_votos_entidad_numero":"0","partido_total_votos_entidad_porcentaje":"0.0000","seleccionado":false}]},{"distrito_id":"4","partidos":[{"partido_id":2,"partido_nombre":"PAN","partido_logo":null,"partido_total_votos_entidad_numero":"0","partido_total_votos_entidad_porcentaje":"0.0000","seleccionado":false},{"partido_id":3,"partido_nombre":"PRI","partido_logo":null,"partido_total_votos_entidad_numero":"0","partido_total_votos_entidad_porcentaje":"0.0000","seleccionado":false},{"partido_id":4,"partido_nombre":"PRD","partido_logo":null,"partido_total_votos_entidad_numero":"0","partido_total_votos_entidad_porcentaje":"0.0000","seleccionado":false},{"partido_id":5,"partido_nombre":"PT","partido_logo":null,"partido_total_votos_entidad_numero":"1,106","partido_total_votos_entidad_porcentaje":"2.9548","seleccionado":false},{"partido_id":6,"partido_nombre":"PVEM","partido_logo":null,"partido_total_votos_entidad_numero":"1,686","partido_total_votos_entidad_porcentaje":"4.5044","seleccionado":false},{"partido_id":7,"partido_nombre":"MC","partido_logo":null,"partido_total_votos_entidad_numero":"1,713","partido_total_votos_entidad_porcentaje":"4.5765","seleccionado":false},{"partido_id":8,"partido_nombre":"PRS","partido_logo":null,"partido_total_votos_entidad_numero":"0","partido_total_votos_entidad_porcentaje":"0.0000","seleccionado":false},{"partido_id":9,"partido_nombre":"MORENA","partido_logo":null,"partido_total_votos_entidad_numero":"526","partido_total_votos_entidad_porcentaje":"1.4053","seleccionado":false},{"partido_id":10,"partido_nombre":"PHBCS","partido_logo":null,"partido_total_votos_entidad_numero":"0","partido_total_votos_entidad_porcentaje":"0.0000","seleccionado":false},{"partido_id":12,"partido_nombre":"PNABCS","partido_logo":null,"partido_total_votos_entidad_numero":"1,583","partido_total_votos_entidad_porcentaje":"4.2292","seleccionado":false},{"partido_id":13,"partido_nombre":"PES","partido_logo":null,"partido_total_votos_entidad_numero":"1,569","partido_total_votos_entidad_porcentaje":"4.1918","seleccionado":false},{"partido_id":15,"partido_nombre":"FXM","partido_logo":null,"partido_total_votos_entidad_numero":"1,611","partido_total_votos_entidad_porcentaje":"4.3040","seleccionado":false},{"partido_id":16,"partido_nombre":"ML","partido_logo":null,"partido_total_votos_entidad_numero":"0","partido_total_votos_entidad_porcentaje":"0.0000","seleccionado":false}]},{"distrito_id":"5","partidos":[{"partido_id":2,"partido_nombre":"PAN","partido_logo":null,"partido_total_votos_entidad_numero":"0","partido_total_votos_entidad_porcentaje":"0.0000","seleccionado":false},{"partido_id":3,"partido_nombre":"PRI","partido_logo":null,"partido_total_votos_entidad_numero":"0","partido_total_votos_entidad_porcentaje":"0.0000","seleccionado":false},{"partido_id":4,"partido_nombre":"PRD","partido_logo":null,"partido_total_votos_entidad_numero":"0","partido_total_votos_entidad_porcentaje":"0.0000","seleccionado":false},{"partido_id":5,"partido_nombre":"PT","partido_logo":null,"partido_total_votos_entidad_numero":"1,098","partido_total_votos_entidad_porcentaje":"2.7197","seleccionado":false},{"partido_id":6,"partido_nombre":"PVEM","partido_logo":null,"partido_total_votos_entidad_numero":"1,632","partido_total_votos_entidad_porcentaje":"4.0424","seleccionado":false},{"partido_id":7,"partido_nombre":"MC","partido_logo":null,"partido_total_votos_entidad_numero":"1,633","partido_total_votos_entidad_porcentaje":"4.0449","seleccionado":false},{"partido_id":8,"partido_nombre":"PRS","partido_logo":null,"partido_total_votos_entidad_numero":"0","partido_total_votos_entidad_porcentaje":"0.0000","seleccionado":false},{"partido_id":9,"partido_nombre":"MORENA","partido_logo":null,"partido_total_votos_entidad_numero":"529","partido_total_votos_entidad_porcentaje":"1.3103","seleccionado":false},{"partido_id":10,"partido_nombre":"PHBCS","partido_logo":null,"partido_total_votos_entidad_numero":"0","partido_total_votos_entidad_porcentaje":"0.0000","seleccionado":false},{"partido_id":12,"partido_nombre":"PNABCS","partido_logo":null,"partido_total_votos_entidad_numero":"1,602","partido_total_votos_entidad_porcentaje":"3.9681","seleccionado":false},{"partido_id":13,"partido_nombre":"PES","partido_logo":null,"partido_total_votos_entidad_numero":"1,755","partido_total_votos_entidad_porcentaje":"4.3471","seleccionado":false},{"partido_id":15,"partido_nombre":"FXM","partido_logo":null,"partido_total_votos_entidad_numero":"1,694","partido_total_votos_entidad_porcentaje":"4.1960","seleccionado":false},{"partido_id":16,"partido_nombre":"ML","partido_logo":null,"partido_total_votos_entidad_numero":"0","partido_total_votos_entidad_porcentaje":"0.0000","seleccionado":false}]},{"distrito_id":"6","partidos":[{"partido_id":2,"partido_nombre":"PAN","partido_logo":null,"partido_total_votos_entidad_numero":"0","partido_total_votos_entidad_porcentaje":"0.0000","seleccionado":false},{"partido_id":3,"partido_nombre":"PRI","partido_logo":null,"partido_total_votos_entidad_numero":"0","partido_total_votos_entidad_porcentaje":"0.0000","seleccionado":false},{"partido_id":4,"partido_nombre":"PRD","partido_logo":null,"partido_total_votos_entidad_numero":"0","partido_total_votos_entidad_porcentaje":"0.0000","seleccionado":false},{"partido_id":5,"partido_nombre":"PT","partido_logo":null,"partido_total_votos_entidad_numero":"922","partido_total_votos_entidad_porcentaje":"2.5307","seleccionado":false},{"partido_id":6,"partido_nombre":"PVEM","partido_logo":null,"partido_total_votos_entidad_numero":"1,288","partido_total_votos_entidad_porcentaje":"3.5354","seleccionado":false},{"partido_id":7,"partido_nombre":"MC","partido_logo":null,"partido_total_votos_entidad_numero":"1,359","partido_total_votos_entidad_porcentaje":"3.7302","seleccionado":false},{"partido_id":8,"partido_nombre":"PRS","partido_logo":null,"partido_total_votos_entidad_numero":"0","partido_total_votos_entidad_porcentaje":"0.0000","seleccionado":false},{"partido_id":9,"partido_nombre":"MORENA","partido_logo":null,"partido_total_votos_entidad_numero":"481","partido_total_votos_entidad_porcentaje":"1.3203","seleccionado":false},{"partido_id":10,"partido_nombre":"PHBCS","partido_logo":null,"partido_total_votos_entidad_numero":"0","partido_total_votos_entidad_porcentaje":"0.0000","seleccionado":false},{"partido_id":12,"partido_nombre":"PNABCS","partido_logo":null,"partido_total_votos_entidad_numero":"1,425","partido_total_votos_entidad_porcentaje":"3.9114","seleccionado":false},{"partido_id":13,"partido_nombre":"PES","partido_logo":null,"partido_total_votos_entidad_numero":"1,364","partido_total_votos_entidad_porcentaje":"3.7440","seleccionado":false},{"partido_id":15,"partido_nombre":"FXM","partido_logo":null,"partido_total_votos_entidad_numero":"1,473","partido_total_votos_entidad_porcentaje":"4.0431","seleccionado":false},{"partido_id":16,"partido_nombre":"ML","partido_logo":null,"partido_total_votos_entidad_numero":"0","partido_total_votos_entidad_porcentaje":"0.0000","seleccionado":false}]},{"distrito_id":"7","partidos":[{"partido_id":2,"partido_nombre":"PAN","partido_logo":null,"partido_total_votos_entidad_numero":"0","partido_total_votos_entidad_porcentaje":"0.0000","seleccionado":false},{"partido_id":3,"partido_nombre":"PRI","partido_logo":null,"partido_total_votos_entidad_numero":"0","partido_total_votos_entidad_porcentaje":"0.0000","seleccionado":false},{"partido_id":4,"partido_nombre":"PRD","partido_logo":null,"partido_total_votos_entidad_numero":"0","partido_total_votos_entidad_porcentaje":"0.0000","seleccionado":false},{"partido_id":5,"partido_nombre":"PT","partido_logo":null,"partido_total_votos_entidad_numero":"1,213","partido_total_votos_entidad_porcentaje":"2.5790","seleccionado":false},{"partido_id":6,"partido_nombre":"PVEM","partido_logo":null,"partido_total_votos_entidad_numero":"1,991","partido_total_votos_entidad_porcentaje":"4.2331","seleccionado":false},{"partido_id":7,"partido_nombre":"MC","partido_logo":null,"partido_total_votos_entidad_numero":"1,862","partido_total_votos_entidad_porcentaje":"3.9588","seleccionado":false},{"partido_id":8,"partido_nombre":"PRS","partido_logo":null,"partido_total_votos_entidad_numero":"0","partido_total_votos_entidad_porcentaje":"0.0000","seleccionado":false},{"partido_id":9,"partido_nombre":"MORENA","partido_logo":null,"partido_total_votos_entidad_numero":"576","partido_total_votos_entidad_porcentaje":"1.2246","seleccionado":false},{"partido_id":10,"partido_nombre":"PHBCS","partido_logo":null,"partido_total_votos_entidad_numero":"0","partido_total_votos_entidad_porcentaje":"0.0000","seleccionado":false},{"partido_id":12,"partido_nombre":"PNABCS","partido_logo":null,"partido_total_votos_entidad_numero":"1,717","partido_total_votos_entidad_porcentaje":"3.6506","seleccionado":false},{"partido_id":13,"partido_nombre":"PES","partido_logo":null,"partido_total_votos_entidad_numero":"1,868","partido_total_votos_entidad_porcentaje":"3.9716","seleccionado":false},{"partido_id":15,"partido_nombre":"FXM","partido_logo":null,"partido_total_votos_entidad_numero":"1,699","partido_total_votos_entidad_porcentaje":"3.6123","seleccionado":false},{"partido_id":16,"partido_nombre":"ML","partido_logo":null,"partido_total_votos_entidad_numero":"0","partido_total_votos_entidad_porcentaje":"0.0000","seleccionado":false}]},{"distrito_id":"8","partidos":[{"partido_id":2,"partido_nombre":"PAN","partido_logo":null,"partido_total_votos_entidad_numero":"0","partido_total_votos_entidad_porcentaje":"0.0000","seleccionado":false},{"partido_id":3,"partido_nombre":"PRI","partido_logo":null,"partido_total_votos_entidad_numero":"0","partido_total_votos_entidad_porcentaje":"0.0000","seleccionado":false},{"partido_id":4,"partido_nombre":"PRD","partido_logo":null,"partido_total_votos_entidad_numero":"0","partido_total_votos_entidad_porcentaje":"0.0000","seleccionado":false},{"partido_id":5,"partido_nombre":"PT","partido_logo":null,"partido_total_votos_entidad_numero":"872","partido_total_votos_entidad_porcentaje":"3.1707","seleccionado":false},{"partido_id":6,"partido_nombre":"PVEM","partido_logo":null,"partido_total_votos_entidad_numero":"1,302","partido_total_votos_entidad_porcentaje":"4.7342","seleccionado":false},{"partido_id":7,"partido_nombre":"MC","partido_logo":null,"partido_total_votos_entidad_numero":"1,353","partido_total_votos_entidad_porcentaje":"4.9196","seleccionado":false},{"partido_id":8,"partido_nombre":"PRS","partido_logo":null,"partido_total_votos_entidad_numero":"0","partido_total_votos_entidad_porcentaje":"0.0000","seleccionado":false},{"partido_id":9,"partido_nombre":"MORENA","partido_logo":null,"partido_total_votos_entidad_numero":"385","partido_total_votos_entidad_porcentaje":"1.3999","seleccionado":false},{"partido_id":10,"partido_nombre":"PHBCS","partido_logo":null,"partido_total_votos_entidad_numero":"0","partido_total_votos_entidad_porcentaje":"0.0000","seleccionado":false},{"partido_id":12,"partido_nombre":"PNABCS","partido_logo":null,"partido_total_votos_entidad_numero":"1,252","partido_total_votos_entidad_porcentaje":"4.5524","seleccionado":false},{"partido_id":13,"partido_nombre":"PES","partido_logo":null,"partido_total_votos_entidad_numero":"1,203","partido_total_votos_entidad_porcentaje":"4.3742","seleccionado":false},{"partido_id":15,"partido_nombre":"FXM","partido_logo":null,"partido_total_votos_entidad_numero":"1,237","partido_total_votos_entidad_porcentaje":"4.4979","seleccionado":false},{"partido_id":16,"partido_nombre":"ML","partido_logo":null,"partido_total_votos_entidad_numero":"0","partido_total_votos_entidad_porcentaje":"0.0000","seleccionado":false}]},{"distrito_id":"9","partidos":[{"partido_id":2,"partido_nombre":"PAN","partido_logo":null,"partido_total_votos_entidad_numero":"0","partido_total_votos_entidad_porcentaje":"0.0000","seleccionado":false},{"partido_id":3,"partido_nombre":"PRI","partido_logo":null,"partido_total_votos_entidad_numero":"0","partido_total_votos_entidad_porcentaje":"0.0000","seleccionado":false},{"partido_id":4,"partido_nombre":"PRD","partido_logo":null,"partido_total_votos_entidad_numero":"0","partido_total_votos_entidad_porcentaje":"0.0000","seleccionado":false},{"partido_id":5,"partido_nombre":"PT","partido_logo":null,"partido_total_votos_entidad_numero":"1,094","partido_total_votos_entidad_porcentaje":"3.1949","seleccionado":false},{"partido_id":6,"partido_nombre":"PVEM","partido_logo":null,"partido_total_votos_entidad_numero":"1,626","partido_total_votos_entidad_porcentaje":"4.7486","seleccionado":false},{"partido_id":7,"partido_nombre":"MC","partido_logo":null,"partido_total_votos_entidad_numero":"1,527","partido_total_votos_entidad_porcentaje":"4.4594","seleccionado":false},{"partido_id":8,"partido_nombre":"PRS","partido_logo":null,"partido_total_votos_entidad_numero":"0","partido_total_votos_entidad_porcentaje":"0.0000","seleccionado":false},{"partido_id":9,"partido_nombre":"MORENA","partido_logo":null,"partido_total_votos_entidad_numero":"555","partido_total_votos_entidad_porcentaje":"1.6208","seleccionado":false},{"partido_id":10,"partido_nombre":"PHBCS","partido_logo":null,"partido_total_votos_entidad_numero":"0","partido_total_votos_entidad_porcentaje":"0.0000","seleccionado":false},{"partido_id":12,"partido_nombre":"PNABCS","partido_logo":null,"partido_total_votos_entidad_numero":"1,730","partido_total_votos_entidad_porcentaje":"5.0523","seleccionado":false},{"partido_id":13,"partido_nombre":"PES","partido_logo":null,"partido_total_votos_entidad_numero":"1,784","partido_total_votos_entidad_porcentaje":"5.2100","seleccionado":false},{"partido_id":15,"partido_nombre":"FXM","partido_logo":null,"partido_total_votos_entidad_numero":"1,750","partido_total_votos_entidad_porcentaje":"5.1107","seleccionado":false},{"partido_id":16,"partido_nombre":"ML","partido_logo":null,"partido_total_votos_entidad_numero":"0","partido_total_votos_entidad_porcentaje":"0.0000","seleccionado":false}]},{"distrito_id":"10","partidos":[{"partido_id":2,"partido_nombre":"PAN","partido_logo":null,"partido_total_votos_entidad_numero":"0","partido_total_votos_entidad_porcentaje":"0.0000","seleccionado":false},{"partido_id":3,"partido_nombre":"PRI","partido_logo":null,"partido_total_votos_entidad_numero":"0","partido_total_votos_entidad_porcentaje":"0.0000","seleccionado":false},{"partido_id":4,"partido_nombre":"PRD","partido_logo":null,"partido_total_votos_entidad_numero":"0","partido_total_votos_entidad_porcentaje":"0.0000","seleccionado":false},{"partido_id":5,"partido_nombre":"PT","partido_logo":null,"partido_total_votos_entidad_numero":"978","partido_total_votos_entidad_porcentaje":"2.3985","seleccionado":false},{"partido_id":6,"partido_nombre":"PVEM","partido_logo":null,"partido_total_votos_entidad_numero":"1,419","partido_total_votos_entidad_porcentaje":"3.4800","seleccionado":false},{"partido_id":7,"partido_nombre":"MC","partido_logo":null,"partido_total_votos_entidad_numero":"1,518","partido_total_votos_entidad_porcentaje":"3.7228","seleccionado":false},{"partido_id":8,"partido_nombre":"PRS","partido_logo":null,"partido_total_votos_entidad_numero":"0","partido_total_votos_entidad_porcentaje":"0.0000","seleccionado":false},{"partido_id":9,"partido_nombre":"MORENA","partido_logo":null,"partido_total_votos_entidad_numero":"472","partido_total_votos_entidad_porcentaje":"1.1575","seleccionado":false},{"partido_id":10,"partido_nombre":"PHBCS","partido_logo":null,"partido_total_votos_entidad_numero":"0","partido_total_votos_entidad_porcentaje":"0.0000","seleccionado":false},{"partido_id":12,"partido_nombre":"PNABCS","partido_logo":null,"partido_total_votos_entidad_numero":"1,499","partido_total_votos_entidad_porcentaje":"3.6762","seleccionado":false},{"partido_id":13,"partido_nombre":"PES","partido_logo":null,"partido_total_votos_entidad_numero":"1,406","partido_total_votos_entidad_porcentaje":"3.4481","seleccionado":false},{"partido_id":15,"partido_nombre":"FXM","partido_logo":null,"partido_total_votos_entidad_numero":"1,616","partido_total_votos_entidad_porcentaje":"3.9631","seleccionado":false},{"partido_id":16,"partido_nombre":"ML","partido_logo":null,"partido_total_votos_entidad_numero":"0","partido_total_votos_entidad_porcentaje":"0.0000","seleccionado":false}]},{"distrito_id":"11","partidos":[{"partido_id":2,"partido_nombre":"PAN","partido_logo":null,"partido_total_votos_entidad_numero":"0","partido_total_votos_entidad_porcentaje":"0.0000","seleccionado":false},{"partido_id":3,"partido_nombre":"PRI","partido_logo":null,"partido_total_votos_entidad_numero":"0","partido_total_votos_entidad_porcentaje":"0.0000","seleccionado":false},{"partido_id":4,"partido_nombre":"PRD","partido_logo":null,"partido_total_votos_entidad_numero":"0","partido_total_votos_entidad_porcentaje":"0.0000","seleccionado":false},{"partido_id":5,"partido_nombre":"PT","partido_logo":null,"partido_total_votos_entidad_numero":"1,094","partido_total_votos_entidad_porcentaje":"2.3923","seleccionado":false},{"partido_id":6,"partido_nombre":"PVEM","partido_logo":null,"partido_total_votos_entidad_numero":"1,667","partido_total_votos_entidad_porcentaje":"3.6452","seleccionado":false},{"partido_id":7,"partido_nombre":"MC","partido_logo":null,"partido_total_votos_entidad_numero":"1,673","partido_total_votos_entidad_porcentaje":"3.6583","seleccionado":false},{"partido_id":8,"partido_nombre":"PRS","partido_logo":null,"partido_total_votos_entidad_numero":"0","partido_total_votos_entidad_porcentaje":"0.0000","seleccionado":false},{"partido_id":9,"partido_nombre":"MORENA","partido_logo":null,"partido_total_votos_entidad_numero":"545","partido_total_votos_entidad_porcentaje":"1.1918","seleccionado":false},{"partido_id":10,"partido_nombre":"PHBCS","partido_logo":null,"partido_total_votos_entidad_numero":"0","partido_total_votos_entidad_porcentaje":"0.0000","seleccionado":false},{"partido_id":12,"partido_nombre":"PNABCS","partido_logo":null,"partido_total_votos_entidad_numero":"1,592","partido_total_votos_entidad_porcentaje":"3.4812","seleccionado":false},{"partido_id":13,"partido_nombre":"PES","partido_logo":null,"partido_total_votos_entidad_numero":"1,611","partido_total_votos_entidad_porcentaje":"3.5228","seleccionado":false},{"partido_id":15,"partido_nombre":"FXM","partido_logo":null,"partido_total_votos_entidad_numero":"1,647","partido_total_votos_entidad_porcentaje":"3.6015","seleccionado":false},{"partido_id":16,"partido_nombre":"ML","partido_logo":null,"partido_total_votos_entidad_numero":"0","partido_total_votos_entidad_porcentaje":"0.0000","seleccionado":false}]},{"distrito_id":"12","partidos":[{"partido_id":2,"partido_nombre":"PAN","partido_logo":null,"partido_total_votos_entidad_numero":"0","partido_total_votos_entidad_porcentaje":"0.0000","seleccionado":false},{"partido_id":3,"partido_nombre":"PRI","partido_logo":null,"partido_total_votos_entidad_numero":"0","partido_total_votos_entidad_porcentaje":"0.0000","seleccionado":false},{"partido_id":4,"partido_nombre":"PRD","partido_logo":null,"partido_total_votos_entidad_numero":"0","partido_total_votos_entidad_porcentaje":"0.0000","seleccionado":false},{"partido_id":5,"partido_nombre":"PT","partido_logo":null,"partido_total_votos_entidad_numero":"722","partido_total_votos_entidad_porcentaje":"2.3897","seleccionado":false},{"partido_id":6,"partido_nombre":"PVEM","partido_logo":null,"partido_total_votos_entidad_numero":"1,148","partido_total_votos_entidad_porcentaje":"3.7997","seleccionado":false},{"partido_id":7,"partido_nombre":"MC","partido_logo":null,"partido_total_votos_entidad_numero":"1,153","partido_total_votos_entidad_porcentaje":"3.8162","seleccionado":false},{"partido_id":8,"partido_nombre":"PRS","partido_logo":null,"partido_total_votos_entidad_numero":"0","partido_total_votos_entidad_porcentaje":"0.0000","seleccionado":false},{"partido_id":9,"partido_nombre":"MORENA","partido_logo":null,"partido_total_votos_entidad_numero":"371","partido_total_votos_entidad_porcentaje":"1.2279","seleccionado":false},{"partido_id":10,"partido_nombre":"PHBCS","partido_logo":null,"partido_total_votos_entidad_numero":"0","partido_total_votos_entidad_porcentaje":"0.0000","seleccionado":false},{"partido_id":12,"partido_nombre":"PNABCS","partido_logo":null,"partido_total_votos_entidad_numero":"1,211","partido_total_votos_entidad_porcentaje":"4.0082","seleccionado":false},{"partido_id":13,"partido_nombre":"PES","partido_logo":null,"partido_total_votos_entidad_numero":"1,308","partido_total_votos_entidad_porcentaje":"4.3293","seleccionado":false},{"partido_id":15,"partido_nombre":"FXM","partido_logo":null,"partido_total_votos_entidad_numero":"1,347","partido_total_votos_entidad_porcentaje":"4.4583","seleccionado":false},{"partido_id":16,"partido_nombre":"ML","partido_logo":null,"partido_total_votos_entidad_numero":"0","partido_total_votos_entidad_porcentaje":"0.0000","seleccionado":false}]},{"distrito_id":"13","partidos":[{"partido_id":2,"partido_nombre":"PAN","partido_logo":null,"partido_total_votos_entidad_numero":"0","partido_total_votos_entidad_porcentaje":"0.0000","seleccionado":false},{"partido_id":3,"partido_nombre":"PRI","partido_logo":null,"partido_total_votos_entidad_numero":"0","partido_total_votos_entidad_porcentaje":"0.0000","seleccionado":false},{"partido_id":4,"partido_nombre":"PRD","partido_logo":null,"partido_total_votos_entidad_numero":"0","partido_total_votos_entidad_porcentaje":"0.0000","seleccionado":false},{"partido_id":5,"partido_nombre":"PT","partido_logo":null,"partido_total_votos_entidad_numero":"914","partido_total_votos_entidad_porcentaje":"2.3175","seleccionado":false},{"partido_id":6,"partido_nombre":"PVEM","partido_logo":null,"partido_total_votos_entidad_numero":"1,281","partido_total_votos_entidad_porcentaje":"3.2481","seleccionado":false},{"partido_id":7,"partido_nombre":"MC","partido_logo":null,"partido_total_votos_entidad_numero":"1,418","partido_total_votos_entidad_porcentaje":"3.5954","seleccionado":false},{"partido_id":8,"partido_nombre":"PRS","partido_logo":null,"partido_total_votos_entidad_numero":"0","partido_total_votos_entidad_porcentaje":"0.0000","seleccionado":false},{"partido_id":9,"partido_nombre":"MORENA","partido_logo":null,"partido_total_votos_entidad_numero":"470","partido_total_votos_entidad_porcentaje":"1.1917","seleccionado":false},{"partido_id":10,"partido_nombre":"PHBCS","partido_logo":null,"partido_total_votos_entidad_numero":"0","partido_total_votos_entidad_porcentaje":"0.0000","seleccionado":false},{"partido_id":12,"partido_nombre":"PNABCS","partido_logo":null,"partido_total_votos_entidad_numero":"1,410","partido_total_votos_entidad_porcentaje":"3.5751","seleccionado":false},{"partido_id":13,"partido_nombre":"PES","partido_logo":null,"partido_total_votos_entidad_numero":"1,449","partido_total_votos_entidad_porcentaje":"3.6740","seleccionado":false},{"partido_id":15,"partido_nombre":"FXM","partido_logo":null,"partido_total_votos_entidad_numero":"1,331","partido_total_votos_entidad_porcentaje":"3.3748","seleccionado":false},{"partido_id":16,"partido_nombre":"ML","partido_logo":null,"partido_total_votos_entidad_numero":"0","partido_total_votos_entidad_porcentaje":"0.0000","seleccionado":false}]},{"distrito_id":"14","partidos":[{"partido_id":2,"partido_nombre":"PAN","partido_logo":null,"partido_total_votos_entidad_numero":"0","partido_total_votos_entidad_porcentaje":"0.0000","seleccionado":false},{"partido_id":3,"partido_nombre":"PRI","partido_logo":null,"partido_total_votos_entidad_numero":"0","partido_total_votos_entidad_porcentaje":"0.0000","seleccionado":false},{"partido_id":4,"partido_nombre":"PRD","partido_logo":null,"partido_total_votos_entidad_numero":"0","partido_total_votos_entidad_porcentaje":"0.0000","seleccionado":false},{"partido_id":5,"partido_nombre":"PT","partido_logo":null,"partido_total_votos_entidad_numero":"840","partido_total_votos_entidad_porcentaje":"3.0225","seleccionado":false},{"partido_id":8,"partido_nombre":"PRS","partido_logo":null,"partido_total_votos_entidad_numero":"0","partido_total_votos_entidad_porcentaje":"0.0000","seleccionado":false},{"partido_id":9,"partido_nombre":"MORENA","partido_logo":null,"partido_total_votos_entidad_numero":"405","partido_total_votos_entidad_porcentaje":"1.4573","seleccionado":false},{"partido_id":10,"partido_nombre":"PHBCS","partido_logo":null,"partido_total_votos_entidad_numero":"0","partido_total_votos_entidad_porcentaje":"0.0000","seleccionado":false},{"partido_id":12,"partido_nombre":"PNABCS","partido_logo":null,"partido_total_votos_entidad_numero":"1,142","partido_total_votos_entidad_porcentaje":"4.1091","seleccionado":false},{"partido_id":13,"partido_nombre":"PES","partido_logo":null,"partido_total_votos_entidad_numero":"1,496","partido_total_votos_entidad_porcentaje":"5.3828","seleccionado":false},{"partido_id":15,"partido_nombre":"FXM","partido_logo":null,"partido_total_votos_entidad_numero":"1,337","partido_total_votos_entidad_porcentaje":"4.8107","seleccionado":false},{"partido_id":16,"partido_nombre":"ML","partido_logo":null,"partido_total_votos_entidad_numero":"0","partido_total_votos_entidad_porcentaje":"0.0000","seleccionado":false}]},{"distrito_id":"15","partidos":[{"partido_id":2,"partido_nombre":"PAN","partido_logo":null,"partido_total_votos_entidad_numero":"0","partido_total_votos_entidad_porcentaje":"0.0000","seleccionado":false},{"partido_id":3,"partido_nombre":"PRI","partido_logo":null,"partido_total_votos_entidad_numero":"0","partido_total_votos_entidad_porcentaje":"0.0000","seleccionado":false},{"partido_id":4,"partido_nombre":"PRD","partido_logo":null,"partido_total_votos_entidad_numero":"0","partido_total_votos_entidad_porcentaje":"0.0000","seleccionado":false},{"partido_id":5,"partido_nombre":"PT","partido_logo":null,"partido_total_votos_entidad_numero":"1,198","partido_total_votos_entidad_porcentaje":"2.7044","seleccionado":false},{"partido_id":6,"partido_nombre":"PVEM","partido_logo":null,"partido_total_votos_entidad_numero":"1,900","partido_total_votos_entidad_porcentaje":"4.2891","seleccionado":false},{"partido_id":7,"partido_nombre":"MC","partido_logo":null,"partido_total_votos_entidad_numero":"1,755","partido_total_votos_entidad_porcentaje":"3.9618","seleccionado":false},{"partido_id":8,"partido_nombre":"PRS","partido_logo":null,"partido_total_votos_entidad_numero":"0","partido_total_votos_entidad_porcentaje":"0.0000","seleccionado":false},{"partido_id":9,"partido_nombre":"MORENA","partido_logo":null,"partido_total_votos_entidad_numero":"589","partido_total_votos_entidad_porcentaje":"1.3296","seleccionado":false},{"partido_id":10,"partido_nombre":"PHBCS","partido_logo":null,"partido_total_votos_entidad_numero":"0","partido_total_votos_entidad_porcentaje":"0.0000","seleccionado":false},{"partido_id":12,"partido_nombre":"PNABCS","partido_logo":null,"partido_total_votos_entidad_numero":"1,745","partido_total_votos_entidad_porcentaje":"3.9392","seleccionado":false},{"partido_id":13,"partido_nombre":"PES","partido_logo":null,"partido_total_votos_entidad_numero":"1,851","partido_total_votos_entidad_porcentaje":"4.1785","seleccionado":false},{"partido_id":15,"partido_nombre":"FXM","partido_logo":null,"partido_total_votos_entidad_numero":"1,827","partido_total_votos_entidad_porcentaje":"4.1243","seleccionado":false},{"partido_id":16,"partido_nombre":"ML","partido_logo":null,"partido_total_votos_entidad_numero":"0","partido_total_votos_entidad_porcentaje":"0.0000","seleccionado":false}]},{"distrito_id":"16","partidos":[{"partido_id":2,"partido_nombre":"PAN","partido_logo":null,"partido_total_votos_entidad_numero":"0","partido_total_votos_entidad_porcentaje":"0.0000","seleccionado":false},{"partido_id":3,"partido_nombre":"PRI","partido_logo":null,"partido_total_votos_entidad_numero":"0","partido_total_votos_entidad_porcentaje":"0.0000","seleccionado":false},{"partido_id":4,"partido_nombre":"PRD","partido_logo":null,"partido_total_votos_entidad_numero":"0","partido_total_votos_entidad_porcentaje":"0.0000","seleccionado":false},{"partido_id":5,"partido_nombre":"PT","partido_logo":null,"partido_total_votos_entidad_numero":"1,254","partido_total_votos_entidad_porcentaje":"2.8508","seleccionado":false},{"partido_id":6,"partido_nombre":"PVEM","partido_logo":null,"partido_total_votos_entidad_numero":"1,832","partido_total_votos_entidad_porcentaje":"4.1649","seleccionado":false},{"partido_id":7,"partido_nombre":"MC","partido_logo":null,"partido_total_votos_entidad_numero":"1,979","partido_total_votos_entidad_porcentaje":"4.4991","seleccionado":false},{"partido_id":8,"partido_nombre":"PRS","partido_logo":null,"partido_total_votos_entidad_numero":"0","partido_total_votos_entidad_porcentaje":"0.0000","seleccionado":false},{"partido_id":9,"partido_nombre":"MORENA","partido_logo":null,"partido_total_votos_entidad_numero":"642","partido_total_votos_entidad_porcentaje":"1.4595","seleccionado":false},{"partido_id":10,"partido_nombre":"PHBCS","partido_logo":null,"partido_total_votos_entidad_numero":"0","partido_total_votos_entidad_porcentaje":"0.0000","seleccionado":false},{"partido_id":12,"partido_nombre":"PNABCS","partido_logo":null,"partido_total_votos_entidad_numero":"1,865","partido_total_votos_entidad_porcentaje":"4.2399","seleccionado":false},{"partido_id":13,"partido_nombre":"PES","partido_logo":null,"partido_total_votos_entidad_numero":"1,825","partido_total_votos_entidad_porcentaje":"4.1490","seleccionado":false},{"partido_id":15,"partido_nombre":"FXM","partido_logo":null,"partido_total_votos_entidad_numero":"1,747","partido_total_votos_entidad_porcentaje":"3.9716","seleccionado":false},{"partido_id":16,"partido_nombre":"ML","partido_logo":null,"partido_total_votos_entidad_numero":"0","partido_total_votos_entidad_porcentaje":"0.0000","seleccionado":false}]}]}