{"fecha_utimo_corte":"27 Enero 2024","hora_local":"22:38 h UTC-7","tipo_eleccion":"Diputaciones","nombre_archivo_json":"Diputaciones_distribucion_votos_candidaturas_nivel_distrito.json","distritos":[{"distrito_id":"1","datos_candidatos":[{"candidato_id":188,"candidato_nombre":"Scotty","candidato_apellidos":"Leannon","candidato_foto_url":"\/candidatos\/avatar-persona.svg","candidatura_nombre":"PAN","candidatura_total_votos_numero":null,"datos_votos":[{"logo_integrante":"\/emblemas\/PAN.png","nombre_integrante":"Scotty","votos_integrante":null}]},{"candidato_id":203,"candidato_nombre":"Scotty","candidato_apellidos":"Leannon","candidato_foto_url":"\/candidatos\/avatar-persona.svg","candidatura_nombre":"PRI","candidatura_total_votos_numero":null,"datos_votos":[{"logo_integrante":"\/emblemas\/PRI.jpeg","nombre_integrante":"Scotty","votos_integrante":null}]},{"candidato_id":218,"candidato_nombre":"Scotty","candidato_apellidos":"Leannon","candidato_foto_url":"\/candidatos\/avatar-persona.svg","candidatura_nombre":"PRD","candidatura_total_votos_numero":null,"datos_votos":[{"logo_integrante":"\/emblemas\/PRD.png","nombre_integrante":"Scotty","votos_integrante":null}]},{"candidato_id":233,"candidato_nombre":"Scotty","candidato_apellidos":"Leannon","candidato_foto_url":"\/candidatos\/avatar-persona.svg","candidatura_nombre":"PT","candidatura_total_votos_numero":"227","datos_votos":[{"logo_integrante":"\/emblemas\/PT.jpeg","nombre_integrante":"Scotty","votos_integrante":"227"}]},{"candidato_id":238,"candidato_nombre":"Michael","candidato_apellidos":"Russel","candidato_foto_url":"\/candidatos\/avatar-persona.svg","candidatura_nombre":"PVEM","candidatura_total_votos_numero":"638","datos_votos":[{"logo_integrante":"\/emblemas\/PVEM.jpeg","nombre_integrante":"Michael","votos_integrante":"638"}]},{"candidato_id":263,"candidato_nombre":"Scotty","candidato_apellidos":"Leannon","candidato_foto_url":"\/candidatos\/avatar-persona.svg","candidatura_nombre":"MC","candidatura_total_votos_numero":"801","datos_votos":[{"logo_integrante":"\/emblemas\/MC.jpeg","nombre_integrante":"Scotty","votos_integrante":"801"}]},{"candidato_id":278,"candidato_nombre":"Scotty","candidato_apellidos":"Leannon","candidato_foto_url":"\/candidatos\/avatar-persona.svg","candidatura_nombre":"PRS","candidatura_total_votos_numero":null,"datos_votos":[{"logo_integrante":"\/emblemas\/PRS.png","nombre_integrante":"Scotty","votos_integrante":null}]},{"candidato_id":293,"candidato_nombre":"Scotty","candidato_apellidos":"Leannon","candidato_foto_url":"\/candidatos\/avatar-persona.svg","candidatura_nombre":"MORENA","candidatura_total_votos_numero":"228","datos_votos":[{"logo_integrante":"\/emblemas\/MORENA.jpeg","nombre_integrante":"Scotty","votos_integrante":"228"}]},{"candidato_id":308,"candidato_nombre":"Scotty","candidato_apellidos":"Leannon","candidato_foto_url":"\/candidatos\/avatar-persona.svg","candidatura_nombre":"PHBCS","candidatura_total_votos_numero":null,"datos_votos":[{"logo_integrante":"\/emblemas\/PH_BCS.png","nombre_integrante":"Scotty","votos_integrante":null}]},{"candidato_id":327,"candidato_nombre":"Harry","candidato_apellidos":"O Connell","candidato_foto_url":"\/candidatos\/avatar-persona.svg","candidatura_nombre":"PNABCS","candidatura_total_votos_numero":"757","datos_votos":[{"logo_integrante":"\/emblemas\/PNABCS.jpeg","nombre_integrante":"Harry","votos_integrante":"757"}]},{"candidato_id":333,"candidato_nombre":"Filiberto","candidato_apellidos":"Crist","candidato_foto_url":"\/candidatos\/avatar-persona.svg","candidatura_nombre":"PES","candidatura_total_votos_numero":"826","datos_votos":[{"logo_integrante":"\/emblemas\/PES.png","nombre_integrante":"Filiberto","votos_integrante":"826"}]},{"candidato_id":352,"candidato_nombre":"Brandon","candidato_apellidos":"Vandervort","candidato_foto_url":"\/candidatos\/avatar-persona.svg","candidatura_nombre":"FXM","candidatura_total_votos_numero":"778","datos_votos":[{"logo_integrante":"\/emblemas\/FXM.jpg","nombre_integrante":"Brandon","votos_integrante":"778"}]},{"candidato_id":368,"candidato_nombre":"Brandon","candidato_apellidos":"Vandervort","candidato_foto_url":"\/candidatos\/avatar-persona.svg","candidatura_nombre":"ML","candidatura_total_votos_numero":null,"datos_votos":[{"logo_integrante":"\/emblemas\/PML.png","nombre_integrante":"Brandon","votos_integrante":null}]}]},{"distrito_id":"2","datos_candidatos":[{"candidato_id":183,"candidato_nombre":"Jairo","candidato_apellidos":"King","candidato_foto_url":"\/candidatos\/avatar-persona.svg","candidatura_nombre":"PAN","candidatura_total_votos_numero":null,"datos_votos":[{"logo_integrante":"\/emblemas\/PAN.png","nombre_integrante":"Jairo","votos_integrante":null}]},{"candidato_id":198,"candidato_nombre":"Jairo","candidato_apellidos":"King","candidato_foto_url":"\/candidatos\/avatar-persona.svg","candidatura_nombre":"PRI","candidatura_total_votos_numero":null,"datos_votos":[{"logo_integrante":"\/emblemas\/PRI.jpeg","nombre_integrante":"Jairo","votos_integrante":null}]},{"candidato_id":213,"candidato_nombre":"Jairo","candidato_apellidos":"King","candidato_foto_url":"\/candidatos\/avatar-persona.svg","candidatura_nombre":"PRD","candidatura_total_votos_numero":null,"datos_votos":[{"logo_integrante":"\/emblemas\/PRD.png","nombre_integrante":"Jairo","votos_integrante":null}]},{"candidato_id":228,"candidato_nombre":"Jairo","candidato_apellidos":"King","candidato_foto_url":"\/candidatos\/avatar-persona.svg","candidatura_nombre":"PT","candidatura_total_votos_numero":"796","datos_votos":[{"logo_integrante":"\/emblemas\/PT.jpeg","nombre_integrante":"Jairo","votos_integrante":"796"}]},{"candidato_id":242,"candidato_nombre":"Joaquin","candidato_apellidos":"Heller","candidato_foto_url":"\/candidatos\/avatar-persona.svg","candidatura_nombre":"PVEM","candidatura_total_votos_numero":"2396","datos_votos":[{"logo_integrante":"\/emblemas\/PVEM.jpeg","nombre_integrante":"Joaquin","votos_integrante":"2396"}]},{"candidato_id":258,"candidato_nombre":"Jairo","candidato_apellidos":"King","candidato_foto_url":"\/candidatos\/avatar-persona.svg","candidatura_nombre":"MC","candidatura_total_votos_numero":"2277","datos_votos":[{"logo_integrante":"\/emblemas\/MC.jpeg","nombre_integrante":"Jairo","votos_integrante":"2277"}]},{"candidato_id":273,"candidato_nombre":"Jairo","candidato_apellidos":"King","candidato_foto_url":"\/candidatos\/avatar-persona.svg","candidatura_nombre":"PRS","candidatura_total_votos_numero":null,"datos_votos":[{"logo_integrante":"\/emblemas\/PRS.png","nombre_integrante":"Jairo","votos_integrante":null}]},{"candidato_id":288,"candidato_nombre":"Jairo","candidato_apellidos":"King","candidato_foto_url":"\/candidatos\/avatar-persona.svg","candidatura_nombre":"MORENA","candidatura_total_votos_numero":"805","datos_votos":[{"logo_integrante":"\/emblemas\/MORENA.jpeg","nombre_integrante":"Jairo","votos_integrante":"805"}]},{"candidato_id":303,"candidato_nombre":"Jairo","candidato_apellidos":"King","candidato_foto_url":"\/candidatos\/avatar-persona.svg","candidatura_nombre":"PHBCS","candidatura_total_votos_numero":null,"datos_votos":[{"logo_integrante":"\/emblemas\/PH_BCS.png","nombre_integrante":"Jairo","votos_integrante":null}]},{"candidato_id":316,"candidato_nombre":"Dorris","candidato_apellidos":"Harris","candidato_foto_url":"\/candidatos\/avatar-persona.svg","candidatura_nombre":"PNABCS","candidatura_total_votos_numero":"2306","datos_votos":[{"logo_integrante":"\/emblemas\/PNABCS.jpeg","nombre_integrante":"Dorris","votos_integrante":"2306"}]},{"candidato_id":332,"candidato_nombre":"Abel","candidato_apellidos":"Frami","candidato_foto_url":"\/candidatos\/avatar-persona.svg","candidatura_nombre":"PES","candidatura_total_votos_numero":"2255","datos_votos":[{"logo_integrante":"\/emblemas\/PES.png","nombre_integrante":"Abel","votos_integrante":"2255"}]},{"candidato_id":359,"candidato_nombre":"Hector","candidato_apellidos":"Bauch","candidato_foto_url":"\/candidatos\/avatar-persona.svg","candidatura_nombre":"FXM","candidatura_total_votos_numero":"2343","datos_votos":[{"logo_integrante":"\/emblemas\/FXM.jpg","nombre_integrante":"Hector","votos_integrante":"2343"}]},{"candidato_id":375,"candidato_nombre":"Hector","candidato_apellidos":"Bauch","candidato_foto_url":"\/candidatos\/avatar-persona.svg","candidatura_nombre":"ML","candidatura_total_votos_numero":null,"datos_votos":[{"logo_integrante":"\/emblemas\/PML.png","nombre_integrante":"Hector","votos_integrante":null}]}]},{"distrito_id":"3","datos_candidatos":[{"candidato_id":186,"candidato_nombre":"Alan","candidato_apellidos":"Lueilwitz","candidato_foto_url":"\/candidatos\/avatar-persona.svg","candidatura_nombre":"PAN","candidatura_total_votos_numero":null,"datos_votos":[{"logo_integrante":"\/emblemas\/PAN.png","nombre_integrante":"Alan","votos_integrante":null}]},{"candidato_id":201,"candidato_nombre":"Alan","candidato_apellidos":"Lueilwitz","candidato_foto_url":"\/candidatos\/avatar-persona.svg","candidatura_nombre":"PRI","candidatura_total_votos_numero":null,"datos_votos":[{"logo_integrante":"\/emblemas\/PRI.jpeg","nombre_integrante":"Alan","votos_integrante":null}]},{"candidato_id":216,"candidato_nombre":"Alan","candidato_apellidos":"Lueilwitz","candidato_foto_url":"\/candidatos\/avatar-persona.svg","candidatura_nombre":"PRD","candidatura_total_votos_numero":null,"datos_votos":[{"logo_integrante":"\/emblemas\/PRD.png","nombre_integrante":"Alan","votos_integrante":null}]},{"candidato_id":231,"candidato_nombre":"Alan","candidato_apellidos":"Lueilwitz","candidato_foto_url":"\/candidatos\/avatar-persona.svg","candidatura_nombre":"PT","candidatura_total_votos_numero":"443","datos_votos":[{"logo_integrante":"\/emblemas\/PT.jpeg","nombre_integrante":"Alan","votos_integrante":"443"}]},{"candidato_id":249,"candidato_nombre":"Lurline","candidato_apellidos":"Bogisich","candidato_foto_url":"\/candidatos\/avatar-persona.svg","candidatura_nombre":"PVEM","candidatura_total_votos_numero":"1406","datos_votos":[{"logo_integrante":"\/emblemas\/PVEM.jpeg","nombre_integrante":"Lurline","votos_integrante":"1406"}]},{"candidato_id":261,"candidato_nombre":"Alan","candidato_apellidos":"Lueilwitz","candidato_foto_url":"\/candidatos\/avatar-persona.svg","candidatura_nombre":"MC","candidatura_total_votos_numero":"1373","datos_votos":[{"logo_integrante":"\/emblemas\/MC.jpeg","nombre_integrante":"Alan","votos_integrante":"1373"}]},{"candidato_id":276,"candidato_nombre":"Alan","candidato_apellidos":"Lueilwitz","candidato_foto_url":"\/candidatos\/avatar-persona.svg","candidatura_nombre":"PRS","candidatura_total_votos_numero":null,"datos_votos":[{"logo_integrante":"\/emblemas\/PRS.png","nombre_integrante":"Alan","votos_integrante":null}]},{"candidato_id":291,"candidato_nombre":"Alan","candidato_apellidos":"Lueilwitz","candidato_foto_url":"\/candidatos\/avatar-persona.svg","candidatura_nombre":"MORENA","candidatura_total_votos_numero":"435","datos_votos":[{"logo_integrante":"\/emblemas\/MORENA.jpeg","nombre_integrante":"Alan","votos_integrante":"435"}]},{"candidato_id":306,"candidato_nombre":"Alan","candidato_apellidos":"Lueilwitz","candidato_foto_url":"\/candidatos\/avatar-persona.svg","candidatura_nombre":"PHBCS","candidatura_total_votos_numero":null,"datos_votos":[{"logo_integrante":"\/emblemas\/PH_BCS.png","nombre_integrante":"Alan","votos_integrante":null}]},{"candidato_id":312,"candidato_nombre":"Adele","candidato_apellidos":"Nitzsche","candidato_foto_url":"\/candidatos\/avatar-persona.svg","candidatura_nombre":"PNABCS","candidatura_total_votos_numero":"1374","datos_votos":[{"logo_integrante":"\/emblemas\/PNABCS.jpeg","nombre_integrante":"Adele","votos_integrante":"1374"}]},{"candidato_id":337,"candidato_nombre":"Lydia","candidato_apellidos":"Watsica","candidato_foto_url":"\/candidatos\/avatar-persona.svg","candidatura_nombre":"PES","candidatura_total_votos_numero":"1378","datos_votos":[{"logo_integrante":"\/emblemas\/PES.png","nombre_integrante":"Lydia","votos_integrante":"1378"}]},{"candidato_id":357,"candidato_nombre":"Richard","candidato_apellidos":"Dicki","candidato_foto_url":"\/candidatos\/avatar-persona.svg","candidatura_nombre":"FXM","candidatura_total_votos_numero":"1331","datos_votos":[{"logo_integrante":"\/emblemas\/FXM.jpg","nombre_integrante":"Richard","votos_integrante":"1331"}]},{"candidato_id":373,"candidato_nombre":"Richard","candidato_apellidos":"Dicki","candidato_foto_url":"\/candidatos\/avatar-persona.svg","candidatura_nombre":"ML","candidatura_total_votos_numero":null,"datos_votos":[{"logo_integrante":"\/emblemas\/PML.png","nombre_integrante":"Richard","votos_integrante":null}]}]},{"distrito_id":"4","datos_candidatos":[{"candidato_id":187,"candidato_nombre":"Lonny","candidato_apellidos":"Smith","candidato_foto_url":"\/candidatos\/avatar-persona.svg","candidatura_nombre":"PAN","candidatura_total_votos_numero":null,"datos_votos":[{"logo_integrante":"\/emblemas\/PAN.png","nombre_integrante":"Lonny","votos_integrante":null}]},{"candidato_id":202,"candidato_nombre":"Lonny","candidato_apellidos":"Smith","candidato_foto_url":"\/candidatos\/avatar-persona.svg","candidatura_nombre":"PRI","candidatura_total_votos_numero":null,"datos_votos":[{"logo_integrante":"\/emblemas\/PRI.jpeg","nombre_integrante":"Lonny","votos_integrante":null}]},{"candidato_id":217,"candidato_nombre":"Lonny","candidato_apellidos":"Smith","candidato_foto_url":"\/candidatos\/avatar-persona.svg","candidatura_nombre":"PRD","candidatura_total_votos_numero":null,"datos_votos":[{"logo_integrante":"\/emblemas\/PRD.png","nombre_integrante":"Lonny","votos_integrante":null}]},{"candidato_id":232,"candidato_nombre":"Lonny","candidato_apellidos":"Smith","candidato_foto_url":"\/candidatos\/avatar-persona.svg","candidatura_nombre":"PT","candidatura_total_votos_numero":"550","datos_votos":[{"logo_integrante":"\/emblemas\/PT.jpeg","nombre_integrante":"Lonny","votos_integrante":"550"}]},{"candidato_id":246,"candidato_nombre":"Morris","candidato_apellidos":"Stanton","candidato_foto_url":"\/candidatos\/avatar-persona.svg","candidatura_nombre":"PVEM","candidatura_total_votos_numero":"1686","datos_votos":[{"logo_integrante":"\/emblemas\/PVEM.jpeg","nombre_integrante":"Morris","votos_integrante":"1686"}]},{"candidato_id":262,"candidato_nombre":"Lonny","candidato_apellidos":"Smith","candidato_foto_url":"\/candidatos\/avatar-persona.svg","candidatura_nombre":"MC","candidatura_total_votos_numero":"1713","datos_votos":[{"logo_integrante":"\/emblemas\/MC.jpeg","nombre_integrante":"Lonny","votos_integrante":"1713"}]},{"candidato_id":277,"candidato_nombre":"Lonny","candidato_apellidos":"Smith","candidato_foto_url":"\/candidatos\/avatar-persona.svg","candidatura_nombre":"PRS","candidatura_total_votos_numero":null,"datos_votos":[{"logo_integrante":"\/emblemas\/PRS.png","nombre_integrante":"Lonny","votos_integrante":null}]},{"candidato_id":292,"candidato_nombre":"Lonny","candidato_apellidos":"Smith","candidato_foto_url":"\/candidatos\/avatar-persona.svg","candidatura_nombre":"MORENA","candidatura_total_votos_numero":"526","datos_votos":[{"logo_integrante":"\/emblemas\/MORENA.jpeg","nombre_integrante":"Lonny","votos_integrante":"526"}]},{"candidato_id":307,"candidato_nombre":"Lonny","candidato_apellidos":"Smith","candidato_foto_url":"\/candidatos\/avatar-persona.svg","candidatura_nombre":"PHBCS","candidatura_total_votos_numero":null,"datos_votos":[{"logo_integrante":"\/emblemas\/PH_BCS.png","nombre_integrante":"Lonny","votos_integrante":null}]},{"candidato_id":317,"candidato_nombre":"Aletha","candidato_apellidos":"Haley","candidato_foto_url":"\/candidatos\/avatar-persona.svg","candidatura_nombre":"PNABCS","candidatura_total_votos_numero":"1583","datos_votos":[{"logo_integrante":"\/emblemas\/PNABCS.jpeg","nombre_integrante":"Aletha","votos_integrante":"1583"}]},{"candidato_id":340,"candidato_nombre":"Nikita","candidato_apellidos":"Schumm","candidato_foto_url":"\/candidatos\/avatar-persona.svg","candidatura_nombre":"PES","candidatura_total_votos_numero":"1569","datos_votos":[{"logo_integrante":"\/emblemas\/PES.png","nombre_integrante":"Nikita","votos_integrante":"1569"}]},{"candidato_id":355,"candidato_nombre":"Jaeden","candidato_apellidos":"Ziemann","candidato_foto_url":"\/candidatos\/avatar-persona.svg","candidatura_nombre":"FXM","candidatura_total_votos_numero":"1611","datos_votos":[{"logo_integrante":"\/emblemas\/FXM.jpg","nombre_integrante":"Jaeden","votos_integrante":"1611"}]},{"candidato_id":371,"candidato_nombre":"Jaeden","candidato_apellidos":"Ziemann","candidato_foto_url":"\/candidatos\/avatar-persona.svg","candidatura_nombre":"ML","candidatura_total_votos_numero":null,"datos_votos":[{"logo_integrante":"\/emblemas\/PML.png","nombre_integrante":"Jaeden","votos_integrante":null}]}]},{"distrito_id":"5","datos_candidatos":[{"candidato_id":177,"candidato_nombre":"Charlotte","candidato_apellidos":"Dicki","candidato_foto_url":"\/candidatos\/avatar-persona.svg","candidatura_nombre":"PAN","candidatura_total_votos_numero":null,"datos_votos":[{"logo_integrante":"\/emblemas\/PAN.png","nombre_integrante":"Charlotte","votos_integrante":null}]},{"candidato_id":192,"candidato_nombre":"Charlotte","candidato_apellidos":"Dicki","candidato_foto_url":"\/candidatos\/avatar-persona.svg","candidatura_nombre":"PRI","candidatura_total_votos_numero":null,"datos_votos":[{"logo_integrante":"\/emblemas\/PRI.jpeg","nombre_integrante":"Charlotte","votos_integrante":null}]},{"candidato_id":207,"candidato_nombre":"Charlotte","candidato_apellidos":"Dicki","candidato_foto_url":"\/candidatos\/avatar-persona.svg","candidatura_nombre":"PRD","candidatura_total_votos_numero":null,"datos_votos":[{"logo_integrante":"\/emblemas\/PRD.png","nombre_integrante":"Charlotte","votos_integrante":null}]},{"candidato_id":222,"candidato_nombre":"Charlotte","candidato_apellidos":"Dicki","candidato_foto_url":"\/candidatos\/avatar-persona.svg","candidatura_nombre":"PT","candidatura_total_votos_numero":"585","datos_votos":[{"logo_integrante":"\/emblemas\/PT.jpeg","nombre_integrante":"Charlotte","votos_integrante":"585"}]},{"candidato_id":251,"candidato_nombre":"Walton","candidato_apellidos":"Kreiger","candidato_foto_url":"\/candidatos\/avatar-persona.svg","candidatura_nombre":"PVEM","candidatura_total_votos_numero":"1632","datos_votos":[{"logo_integrante":"\/emblemas\/PVEM.jpeg","nombre_integrante":"Walton","votos_integrante":"1632"}]},{"candidato_id":252,"candidato_nombre":"Charlotte","candidato_apellidos":"Dicki","candidato_foto_url":"\/candidatos\/avatar-persona.svg","candidatura_nombre":"MC","candidatura_total_votos_numero":"1633","datos_votos":[{"logo_integrante":"\/emblemas\/MC.jpeg","nombre_integrante":"Charlotte","votos_integrante":"1633"}]},{"candidato_id":267,"candidato_nombre":"Charlotte","candidato_apellidos":"Dicki","candidato_foto_url":"\/candidatos\/avatar-persona.svg","candidatura_nombre":"PRS","candidatura_total_votos_numero":null,"datos_votos":[{"logo_integrante":"\/emblemas\/PRS.png","nombre_integrante":"Charlotte","votos_integrante":null}]},{"candidato_id":282,"candidato_nombre":"Charlotte","candidato_apellidos":"Dicki","candidato_foto_url":"\/candidatos\/avatar-persona.svg","candidatura_nombre":"MORENA","candidatura_total_votos_numero":"529","datos_votos":[{"logo_integrante":"\/emblemas\/MORENA.jpeg","nombre_integrante":"Charlotte","votos_integrante":"529"}]},{"candidato_id":297,"candidato_nombre":"Charlotte","candidato_apellidos":"Dicki","candidato_foto_url":"\/candidatos\/avatar-persona.svg","candidatura_nombre":"PHBCS","candidatura_total_votos_numero":null,"datos_votos":[{"logo_integrante":"\/emblemas\/PH_BCS.png","nombre_integrante":"Charlotte","votos_integrante":null}]},{"candidato_id":326,"candidato_nombre":"Genevieve","candidato_apellidos":"Abernathy","candidato_foto_url":"\/candidatos\/avatar-persona.svg","candidatura_nombre":"PNABCS","candidatura_total_votos_numero":"1602","datos_votos":[{"logo_integrante":"\/emblemas\/PNABCS.jpeg","nombre_integrante":"Genevieve","votos_integrante":"1602"}]},{"candidato_id":329,"candidato_nombre":"Johnathon","candidato_apellidos":"McDermott","candidato_foto_url":"\/candidatos\/avatar-persona.svg","candidatura_nombre":"PES","candidatura_total_votos_numero":"1755","datos_votos":[{"logo_integrante":"\/emblemas\/PES.png","nombre_integrante":"Johnathon","votos_integrante":"1755"}]},{"candidato_id":354,"candidato_nombre":"Darron","candidato_apellidos":"Durgan","candidato_foto_url":"\/candidatos\/avatar-persona.svg","candidatura_nombre":"FXM","candidatura_total_votos_numero":"1694","datos_votos":[{"logo_integrante":"\/emblemas\/FXM.jpg","nombre_integrante":"Darron","votos_integrante":"1694"}]},{"candidato_id":370,"candidato_nombre":"Darron","candidato_apellidos":"Durgan","candidato_foto_url":"\/candidatos\/avatar-persona.svg","candidatura_nombre":"ML","candidatura_total_votos_numero":null,"datos_votos":[{"logo_integrante":"\/emblemas\/PML.png","nombre_integrante":"Darron","votos_integrante":null}]}]},{"distrito_id":"6","datos_candidatos":[{"candidato_id":184,"candidato_nombre":"Deven","candidato_apellidos":"Nitzsche","candidato_foto_url":"\/candidatos\/avatar-persona.svg","candidatura_nombre":"PAN","candidatura_total_votos_numero":null,"datos_votos":[{"logo_integrante":"\/emblemas\/PAN.png","nombre_integrante":"Deven","votos_integrante":null}]},{"candidato_id":199,"candidato_nombre":"Deven","candidato_apellidos":"Nitzsche","candidato_foto_url":"\/candidatos\/avatar-persona.svg","candidatura_nombre":"PRI","candidatura_total_votos_numero":null,"datos_votos":[{"logo_integrante":"\/emblemas\/PRI.jpeg","nombre_integrante":"Deven","votos_integrante":null}]},{"candidato_id":214,"candidato_nombre":"Deven","candidato_apellidos":"Nitzsche","candidato_foto_url":"\/candidatos\/avatar-persona.svg","candidatura_nombre":"PRD","candidatura_total_votos_numero":null,"datos_votos":[{"logo_integrante":"\/emblemas\/PRD.png","nombre_integrante":"Deven","votos_integrante":null}]},{"candidato_id":229,"candidato_nombre":"Deven","candidato_apellidos":"Nitzsche","candidato_foto_url":"\/candidatos\/avatar-persona.svg","candidatura_nombre":"PT","candidatura_total_votos_numero":"467","datos_votos":[{"logo_integrante":"\/emblemas\/PT.jpeg","nombre_integrante":"Deven","votos_integrante":"467"}]},{"candidato_id":244,"candidato_nombre":"Sonny","candidato_apellidos":"Schumm","candidato_foto_url":"\/candidatos\/avatar-persona.svg","candidatura_nombre":"PVEM","candidatura_total_votos_numero":"1288","datos_votos":[{"logo_integrante":"\/emblemas\/PVEM.jpeg","nombre_integrante":"Sonny","votos_integrante":"1288"}]},{"candidato_id":259,"candidato_nombre":"Deven","candidato_apellidos":"Nitzsche","candidato_foto_url":"\/candidatos\/avatar-persona.svg","candidatura_nombre":"MC","candidatura_total_votos_numero":"1359","datos_votos":[{"logo_integrante":"\/emblemas\/MC.jpeg","nombre_integrante":"Deven","votos_integrante":"1359"}]},{"candidato_id":274,"candidato_nombre":"Deven","candidato_apellidos":"Nitzsche","candidato_foto_url":"\/candidatos\/avatar-persona.svg","candidatura_nombre":"PRS","candidatura_total_votos_numero":null,"datos_votos":[{"logo_integrante":"\/emblemas\/PRS.png","nombre_integrante":"Deven","votos_integrante":null}]},{"candidato_id":289,"candidato_nombre":"Deven","candidato_apellidos":"Nitzsche","candidato_foto_url":"\/candidatos\/avatar-persona.svg","candidatura_nombre":"MORENA","candidatura_total_votos_numero":"481","datos_votos":[{"logo_integrante":"\/emblemas\/MORENA.jpeg","nombre_integrante":"Deven","votos_integrante":"481"}]},{"candidato_id":304,"candidato_nombre":"Deven","candidato_apellidos":"Nitzsche","candidato_foto_url":"\/candidatos\/avatar-persona.svg","candidatura_nombre":"PHBCS","candidatura_total_votos_numero":null,"datos_votos":[{"logo_integrante":"\/emblemas\/PH_BCS.png","nombre_integrante":"Deven","votos_integrante":null}]},{"candidato_id":318,"candidato_nombre":"Rose","candidato_apellidos":"Rowe","candidato_foto_url":"\/candidatos\/avatar-persona.svg","candidatura_nombre":"PNABCS","candidatura_total_votos_numero":"1425","datos_votos":[{"logo_integrante":"\/emblemas\/PNABCS.jpeg","nombre_integrante":"Rose","votos_integrante":"1425"}]},{"candidato_id":330,"candidato_nombre":"Danial","candidato_apellidos":"Bernhard","candidato_foto_url":"\/candidatos\/avatar-persona.svg","candidatura_nombre":"PES","candidatura_total_votos_numero":"1364","datos_votos":[{"logo_integrante":"\/emblemas\/PES.png","nombre_integrante":"Danial","votos_integrante":"1364"}]},{"candidato_id":356,"candidato_nombre":"Wyman","candidato_apellidos":"Langworth","candidato_foto_url":"\/candidatos\/avatar-persona.svg","candidatura_nombre":"FXM","candidatura_total_votos_numero":"1473","datos_votos":[{"logo_integrante":"\/emblemas\/FXM.jpg","nombre_integrante":"Wyman","votos_integrante":"1473"}]},{"candidato_id":372,"candidato_nombre":"Wyman","candidato_apellidos":"Langworth","candidato_foto_url":"\/candidatos\/avatar-persona.svg","candidatura_nombre":"ML","candidatura_total_votos_numero":null,"datos_votos":[{"logo_integrante":"\/emblemas\/PML.png","nombre_integrante":"Wyman","votos_integrante":null}]}]},{"distrito_id":"7","datos_candidatos":[{"candidato_id":178,"candidato_nombre":"Dallin","candidato_apellidos":"Romaguera","candidato_foto_url":"\/candidatos\/avatar-persona.svg","candidatura_nombre":"PAN","candidatura_total_votos_numero":null,"datos_votos":[{"logo_integrante":"\/emblemas\/PAN.png","nombre_integrante":"Dallin","votos_integrante":null}]},{"candidato_id":193,"candidato_nombre":"Dallin","candidato_apellidos":"Romaguera","candidato_foto_url":"\/candidatos\/avatar-persona.svg","candidatura_nombre":"PRI","candidatura_total_votos_numero":null,"datos_votos":[{"logo_integrante":"\/emblemas\/PRI.jpeg","nombre_integrante":"Dallin","votos_integrante":null}]},{"candidato_id":208,"candidato_nombre":"Dallin","candidato_apellidos":"Romaguera","candidato_foto_url":"\/candidatos\/avatar-persona.svg","candidatura_nombre":"PRD","candidatura_total_votos_numero":null,"datos_votos":[{"logo_integrante":"\/emblemas\/PRD.png","nombre_integrante":"Dallin","votos_integrante":null}]},{"candidato_id":223,"candidato_nombre":"Dallin","candidato_apellidos":"Romaguera","candidato_foto_url":"\/candidatos\/avatar-persona.svg","candidatura_nombre":"PT","candidatura_total_votos_numero":"601","datos_votos":[{"logo_integrante":"\/emblemas\/PT.jpeg","nombre_integrante":"Dallin","votos_integrante":"601"}]},{"candidato_id":247,"candidato_nombre":"Amparo","candidato_apellidos":"Barrows","candidato_foto_url":"\/candidatos\/avatar-persona.svg","candidatura_nombre":"PVEM","candidatura_total_votos_numero":"1991","datos_votos":[{"logo_integrante":"\/emblemas\/PVEM.jpeg","nombre_integrante":"Amparo","votos_integrante":"1991"}]},{"candidato_id":253,"candidato_nombre":"Dallin","candidato_apellidos":"Romaguera","candidato_foto_url":"\/candidatos\/avatar-persona.svg","candidatura_nombre":"MC","candidatura_total_votos_numero":"1862","datos_votos":[{"logo_integrante":"\/emblemas\/MC.jpeg","nombre_integrante":"Dallin","votos_integrante":"1862"}]},{"candidato_id":268,"candidato_nombre":"Dallin","candidato_apellidos":"Romaguera","candidato_foto_url":"\/candidatos\/avatar-persona.svg","candidatura_nombre":"PRS","candidatura_total_votos_numero":null,"datos_votos":[{"logo_integrante":"\/emblemas\/PRS.png","nombre_integrante":"Dallin","votos_integrante":null}]},{"candidato_id":283,"candidato_nombre":"Dallin","candidato_apellidos":"Romaguera","candidato_foto_url":"\/candidatos\/avatar-persona.svg","candidatura_nombre":"MORENA","candidatura_total_votos_numero":"576","datos_votos":[{"logo_integrante":"\/emblemas\/MORENA.jpeg","nombre_integrante":"Dallin","votos_integrante":"576"}]},{"candidato_id":298,"candidato_nombre":"Dallin","candidato_apellidos":"Romaguera","candidato_foto_url":"\/candidatos\/avatar-persona.svg","candidatura_nombre":"PHBCS","candidatura_total_votos_numero":null,"datos_votos":[{"logo_integrante":"\/emblemas\/PH_BCS.png","nombre_integrante":"Dallin","votos_integrante":null}]},{"candidato_id":314,"candidato_nombre":"Darrel","candidato_apellidos":"Abshire","candidato_foto_url":"\/candidatos\/avatar-persona.svg","candidatura_nombre":"PNABCS","candidatura_total_votos_numero":"1717","datos_votos":[{"logo_integrante":"\/emblemas\/PNABCS.jpeg","nombre_integrante":"Darrel","votos_integrante":"1717"}]},{"candidato_id":341,"candidato_nombre":"Dane","candidato_apellidos":"Price","candidato_foto_url":"\/candidatos\/avatar-persona.svg","candidatura_nombre":"PES","candidatura_total_votos_numero":"1868","datos_votos":[{"logo_integrante":"\/emblemas\/PES.png","nombre_integrante":"Dane","votos_integrante":"1868"}]},{"candidato_id":353,"candidato_nombre":"Leonard","candidato_apellidos":"Sipes","candidato_foto_url":"\/candidatos\/avatar-persona.svg","candidatura_nombre":"FXM","candidatura_total_votos_numero":"1699","datos_votos":[{"logo_integrante":"\/emblemas\/FXM.jpg","nombre_integrante":"Leonard","votos_integrante":"1699"}]},{"candidato_id":369,"candidato_nombre":"Leonard","candidato_apellidos":"Sipes","candidato_foto_url":"\/candidatos\/avatar-persona.svg","candidatura_nombre":"ML","candidatura_total_votos_numero":null,"datos_votos":[{"logo_integrante":"\/emblemas\/PML.png","nombre_integrante":"Leonard","votos_integrante":null}]}]},{"distrito_id":"8","datos_candidatos":[{"candidato_id":179,"candidato_nombre":"Shea","candidato_apellidos":"Labadie","candidato_foto_url":"\/candidatos\/avatar-persona.svg","candidatura_nombre":"PAN","candidatura_total_votos_numero":null,"datos_votos":[{"logo_integrante":"\/emblemas\/PAN.png","nombre_integrante":"Shea","votos_integrante":null}]},{"candidato_id":194,"candidato_nombre":"Shea","candidato_apellidos":"Labadie","candidato_foto_url":"\/candidatos\/avatar-persona.svg","candidatura_nombre":"PRI","candidatura_total_votos_numero":null,"datos_votos":[{"logo_integrante":"\/emblemas\/PRI.jpeg","nombre_integrante":"Shea","votos_integrante":null}]},{"candidato_id":209,"candidato_nombre":"Shea","candidato_apellidos":"Labadie","candidato_foto_url":"\/candidatos\/avatar-persona.svg","candidatura_nombre":"PRD","candidatura_total_votos_numero":null,"datos_votos":[{"logo_integrante":"\/emblemas\/PRD.png","nombre_integrante":"Shea","votos_integrante":null}]},{"candidato_id":224,"candidato_nombre":"Shea","candidato_apellidos":"Labadie","candidato_foto_url":"\/candidatos\/avatar-persona.svg","candidatura_nombre":"PT","candidatura_total_votos_numero":"454","datos_votos":[{"logo_integrante":"\/emblemas\/PT.jpeg","nombre_integrante":"Shea","votos_integrante":"454"}]},{"candidato_id":245,"candidato_nombre":"Meda","candidato_apellidos":"Daniel","candidato_foto_url":"\/candidatos\/avatar-persona.svg","candidatura_nombre":"PVEM","candidatura_total_votos_numero":"1302","datos_votos":[{"logo_integrante":"\/emblemas\/PVEM.jpeg","nombre_integrante":"Meda","votos_integrante":"1302"}]},{"candidato_id":254,"candidato_nombre":"Shea","candidato_apellidos":"Labadie","candidato_foto_url":"\/candidatos\/avatar-persona.svg","candidatura_nombre":"MC","candidatura_total_votos_numero":"1353","datos_votos":[{"logo_integrante":"\/emblemas\/MC.jpeg","nombre_integrante":"Shea","votos_integrante":"1353"}]},{"candidato_id":269,"candidato_nombre":"Shea","candidato_apellidos":"Labadie","candidato_foto_url":"\/candidatos\/avatar-persona.svg","candidatura_nombre":"PRS","candidatura_total_votos_numero":null,"datos_votos":[{"logo_integrante":"\/emblemas\/PRS.png","nombre_integrante":"Shea","votos_integrante":null}]},{"candidato_id":284,"candidato_nombre":"Shea","candidato_apellidos":"Labadie","candidato_foto_url":"\/candidatos\/avatar-persona.svg","candidatura_nombre":"MORENA","candidatura_total_votos_numero":"385","datos_votos":[{"logo_integrante":"\/emblemas\/MORENA.jpeg","nombre_integrante":"Shea","votos_integrante":"385"}]},{"candidato_id":299,"candidato_nombre":"Shea","candidato_apellidos":"Labadie","candidato_foto_url":"\/candidatos\/avatar-persona.svg","candidatura_nombre":"PHBCS","candidatura_total_votos_numero":null,"datos_votos":[{"logo_integrante":"\/emblemas\/PH_BCS.png","nombre_integrante":"Shea","votos_integrante":null}]},{"candidato_id":321,"candidato_nombre":"Daniella","candidato_apellidos":"Ward","candidato_foto_url":"\/candidatos\/avatar-persona.svg","candidatura_nombre":"PNABCS","candidatura_total_votos_numero":"1252","datos_votos":[{"logo_integrante":"\/emblemas\/PNABCS.jpeg","nombre_integrante":"Daniella","votos_integrante":"1252"}]},{"candidato_id":335,"candidato_nombre":"Thora","candidato_apellidos":"Huels","candidato_foto_url":"\/candidatos\/avatar-persona.svg","candidatura_nombre":"PES","candidatura_total_votos_numero":"1203","datos_votos":[{"logo_integrante":"\/emblemas\/PES.png","nombre_integrante":"Thora","votos_integrante":"1203"}]},{"candidato_id":349,"candidato_nombre":"Colton","candidato_apellidos":"Nolan","candidato_foto_url":"\/candidatos\/avatar-persona.svg","candidatura_nombre":"FXM","candidatura_total_votos_numero":"1237","datos_votos":[{"logo_integrante":"\/emblemas\/FXM.jpg","nombre_integrante":"Colton","votos_integrante":"1237"}]},{"candidato_id":365,"candidato_nombre":"Colton","candidato_apellidos":"Nolan","candidato_foto_url":"\/candidatos\/avatar-persona.svg","candidatura_nombre":"ML","candidatura_total_votos_numero":null,"datos_votos":[{"logo_integrante":"\/emblemas\/PML.png","nombre_integrante":"Colton","votos_integrante":null}]}]},{"distrito_id":"9","datos_candidatos":[{"candidato_id":189,"candidato_nombre":"Tillman","candidato_apellidos":"Tromp","candidato_foto_url":"\/candidatos\/avatar-persona.svg","candidatura_nombre":"PAN","candidatura_total_votos_numero":null,"datos_votos":[{"logo_integrante":"\/emblemas\/PAN.png","nombre_integrante":"Tillman","votos_integrante":null}]},{"candidato_id":204,"candidato_nombre":"Tillman","candidato_apellidos":"Tromp","candidato_foto_url":"\/candidatos\/avatar-persona.svg","candidatura_nombre":"PRI","candidatura_total_votos_numero":null,"datos_votos":[{"logo_integrante":"\/emblemas\/PRI.jpeg","nombre_integrante":"Tillman","votos_integrante":null}]},{"candidato_id":219,"candidato_nombre":"Tillman","candidato_apellidos":"Tromp","candidato_foto_url":"\/candidatos\/avatar-persona.svg","candidatura_nombre":"PRD","candidatura_total_votos_numero":null,"datos_votos":[{"logo_integrante":"\/emblemas\/PRD.png","nombre_integrante":"Tillman","votos_integrante":null}]},{"candidato_id":234,"candidato_nombre":"Tillman","candidato_apellidos":"Tromp","candidato_foto_url":"\/candidatos\/avatar-persona.svg","candidatura_nombre":"PT","candidatura_total_votos_numero":"534","datos_votos":[{"logo_integrante":"\/emblemas\/PT.jpeg","nombre_integrante":"Tillman","votos_integrante":"534"}]},{"candidato_id":248,"candidato_nombre":"Laurine","candidato_apellidos":"Mohr","candidato_foto_url":"\/candidatos\/avatar-persona.svg","candidatura_nombre":"PVEM","candidatura_total_votos_numero":"1626","datos_votos":[{"logo_integrante":"\/emblemas\/PVEM.jpeg","nombre_integrante":"Laurine","votos_integrante":"1626"}]},{"candidato_id":264,"candidato_nombre":"Tillman","candidato_apellidos":"Tromp","candidato_foto_url":"\/candidatos\/avatar-persona.svg","candidatura_nombre":"MC","candidatura_total_votos_numero":"1527","datos_votos":[{"logo_integrante":"\/emblemas\/MC.jpeg","nombre_integrante":"Tillman","votos_integrante":"1527"}]},{"candidato_id":279,"candidato_nombre":"Tillman","candidato_apellidos":"Tromp","candidato_foto_url":"\/candidatos\/avatar-persona.svg","candidatura_nombre":"PRS","candidatura_total_votos_numero":null,"datos_votos":[{"logo_integrante":"\/emblemas\/PRS.png","nombre_integrante":"Tillman","votos_integrante":null}]},{"candidato_id":294,"candidato_nombre":"Tillman","candidato_apellidos":"Tromp","candidato_foto_url":"\/candidatos\/avatar-persona.svg","candidatura_nombre":"MORENA","candidatura_total_votos_numero":"555","datos_votos":[{"logo_integrante":"\/emblemas\/MORENA.jpeg","nombre_integrante":"Tillman","votos_integrante":"555"}]},{"candidato_id":309,"candidato_nombre":"Tillman","candidato_apellidos":"Tromp","candidato_foto_url":"\/candidatos\/avatar-persona.svg","candidatura_nombre":"PHBCS","candidatura_total_votos_numero":null,"datos_votos":[{"logo_integrante":"\/emblemas\/PH_BCS.png","nombre_integrante":"Tillman","votos_integrante":null}]},{"candidato_id":320,"candidato_nombre":"Rafaela","candidato_apellidos":"Sanford","candidato_foto_url":"\/candidatos\/avatar-persona.svg","candidatura_nombre":"PNABCS","candidatura_total_votos_numero":"1730","datos_votos":[{"logo_integrante":"\/emblemas\/PNABCS.jpeg","nombre_integrante":"Rafaela","votos_integrante":"1730"}]},{"candidato_id":336,"candidato_nombre":"Vanessa","candidato_apellidos":"Runte","candidato_foto_url":"\/candidatos\/avatar-persona.svg","candidatura_nombre":"PES","candidatura_total_votos_numero":"1784","datos_votos":[{"logo_integrante":"\/emblemas\/PES.png","nombre_integrante":"Vanessa","votos_integrante":"1784"}]},{"candidato_id":347,"candidato_nombre":"Eladio","candidato_apellidos":"Stamm","candidato_foto_url":"\/candidatos\/avatar-persona.svg","candidatura_nombre":"FXM","candidatura_total_votos_numero":"1750","datos_votos":[{"logo_integrante":"\/emblemas\/FXM.jpg","nombre_integrante":"Eladio","votos_integrante":"1750"}]},{"candidato_id":363,"candidato_nombre":"Eladio","candidato_apellidos":"Stamm","candidato_foto_url":"\/candidatos\/avatar-persona.svg","candidatura_nombre":"ML","candidatura_total_votos_numero":null,"datos_votos":[{"logo_integrante":"\/emblemas\/PML.png","nombre_integrante":"Eladio","votos_integrante":null}]}]},{"distrito_id":"10","datos_candidatos":[{"candidato_id":190,"candidato_nombre":"Aubrey","candidato_apellidos":"Olson","candidato_foto_url":"\/candidatos\/avatar-persona.svg","candidatura_nombre":"PAN","candidatura_total_votos_numero":null,"datos_votos":[{"logo_integrante":"\/emblemas\/PAN.png","nombre_integrante":"Aubrey","votos_integrante":null}]},{"candidato_id":205,"candidato_nombre":"Aubrey","candidato_apellidos":"Olson","candidato_foto_url":"\/candidatos\/avatar-persona.svg","candidatura_nombre":"PRI","candidatura_total_votos_numero":null,"datos_votos":[{"logo_integrante":"\/emblemas\/PRI.jpeg","nombre_integrante":"Aubrey","votos_integrante":null}]},{"candidato_id":220,"candidato_nombre":"Aubrey","candidato_apellidos":"Olson","candidato_foto_url":"\/candidatos\/avatar-persona.svg","candidatura_nombre":"PRD","candidatura_total_votos_numero":null,"datos_votos":[{"logo_integrante":"\/emblemas\/PRD.png","nombre_integrante":"Aubrey","votos_integrante":null}]},{"candidato_id":235,"candidato_nombre":"Aubrey","candidato_apellidos":"Olson","candidato_foto_url":"\/candidatos\/avatar-persona.svg","candidatura_nombre":"PT","candidatura_total_votos_numero":"484","datos_votos":[{"logo_integrante":"\/emblemas\/PT.jpeg","nombre_integrante":"Aubrey","votos_integrante":"484"}]},{"candidato_id":239,"candidato_nombre":"Jayde","candidato_apellidos":"Upton","candidato_foto_url":"\/candidatos\/avatar-persona.svg","candidatura_nombre":"PVEM","candidatura_total_votos_numero":"1419","datos_votos":[{"logo_integrante":"\/emblemas\/PVEM.jpeg","nombre_integrante":"Jayde","votos_integrante":"1419"}]},{"candidato_id":265,"candidato_nombre":"Aubrey","candidato_apellidos":"Olson","candidato_foto_url":"\/candidatos\/avatar-persona.svg","candidatura_nombre":"MC","candidatura_total_votos_numero":"1518","datos_votos":[{"logo_integrante":"\/emblemas\/MC.jpeg","nombre_integrante":"Aubrey","votos_integrante":"1518"}]},{"candidato_id":280,"candidato_nombre":"Aubrey","candidato_apellidos":"Olson","candidato_foto_url":"\/candidatos\/avatar-persona.svg","candidatura_nombre":"PRS","candidatura_total_votos_numero":null,"datos_votos":[{"logo_integrante":"\/emblemas\/PRS.png","nombre_integrante":"Aubrey","votos_integrante":null}]},{"candidato_id":295,"candidato_nombre":"Aubrey","candidato_apellidos":"Olson","candidato_foto_url":"\/candidatos\/avatar-persona.svg","candidatura_nombre":"MORENA","candidatura_total_votos_numero":"472","datos_votos":[{"logo_integrante":"\/emblemas\/MORENA.jpeg","nombre_integrante":"Aubrey","votos_integrante":"472"}]},{"candidato_id":310,"candidato_nombre":"Aubrey","candidato_apellidos":"Olson","candidato_foto_url":"\/candidatos\/avatar-persona.svg","candidatura_nombre":"PHBCS","candidatura_total_votos_numero":null,"datos_votos":[{"logo_integrante":"\/emblemas\/PH_BCS.png","nombre_integrante":"Aubrey","votos_integrante":null}]},{"candidato_id":322,"candidato_nombre":"Mae","candidato_apellidos":"Dietrich","candidato_foto_url":"\/candidatos\/avatar-persona.svg","candidatura_nombre":"PNABCS","candidatura_total_votos_numero":"1499","datos_votos":[{"logo_integrante":"\/emblemas\/PNABCS.jpeg","nombre_integrante":"Mae","votos_integrante":"1499"}]},{"candidato_id":339,"candidato_nombre":"Guy","candidato_apellidos":"Ward","candidato_foto_url":"\/candidatos\/avatar-persona.svg","candidatura_nombre":"PES","candidatura_total_votos_numero":"1406","datos_votos":[{"logo_integrante":"\/emblemas\/PES.png","nombre_integrante":"Guy","votos_integrante":"1406"}]},{"candidato_id":346,"candidato_nombre":"Minerva","candidato_apellidos":"Krajcik","candidato_foto_url":"\/candidatos\/avatar-persona.svg","candidatura_nombre":"FXM","candidatura_total_votos_numero":"1616","datos_votos":[{"logo_integrante":"\/emblemas\/FXM.jpg","nombre_integrante":"Minerva","votos_integrante":"1616"}]},{"candidato_id":362,"candidato_nombre":"Minerva","candidato_apellidos":"Krajcik","candidato_foto_url":"\/candidatos\/avatar-persona.svg","candidatura_nombre":"ML","candidatura_total_votos_numero":null,"datos_votos":[{"logo_integrante":"\/emblemas\/PML.png","nombre_integrante":"Minerva","votos_integrante":null}]}]},{"distrito_id":"11","datos_candidatos":[{"candidato_id":182,"candidato_nombre":"Chance","candidato_apellidos":"Lebsack","candidato_foto_url":"\/candidatos\/avatar-persona.svg","candidatura_nombre":"PAN","candidatura_total_votos_numero":null,"datos_votos":[{"logo_integrante":"\/emblemas\/PAN.png","nombre_integrante":"Chance","votos_integrante":null}]},{"candidato_id":197,"candidato_nombre":"Chance","candidato_apellidos":"Lebsack","candidato_foto_url":"\/candidatos\/avatar-persona.svg","candidatura_nombre":"PRI","candidatura_total_votos_numero":null,"datos_votos":[{"logo_integrante":"\/emblemas\/PRI.jpeg","nombre_integrante":"Chance","votos_integrante":null}]},{"candidato_id":212,"candidato_nombre":"Chance","candidato_apellidos":"Lebsack","candidato_foto_url":"\/candidatos\/avatar-persona.svg","candidatura_nombre":"PRD","candidatura_total_votos_numero":null,"datos_votos":[{"logo_integrante":"\/emblemas\/PRD.png","nombre_integrante":"Chance","votos_integrante":null}]},{"candidato_id":227,"candidato_nombre":"Chance","candidato_apellidos":"Lebsack","candidato_foto_url":"\/candidatos\/avatar-persona.svg","candidatura_nombre":"PT","candidatura_total_votos_numero":"528","datos_votos":[{"logo_integrante":"\/emblemas\/PT.jpeg","nombre_integrante":"Chance","votos_integrante":"528"}]},{"candidato_id":240,"candidato_nombre":"Jensen","candidato_apellidos":"Renner","candidato_foto_url":"\/candidatos\/avatar-persona.svg","candidatura_nombre":"PVEM","candidatura_total_votos_numero":"1667","datos_votos":[{"logo_integrante":"\/emblemas\/PVEM.jpeg","nombre_integrante":"Jensen","votos_integrante":"1667"}]},{"candidato_id":257,"candidato_nombre":"Chance","candidato_apellidos":"Lebsack","candidato_foto_url":"\/candidatos\/avatar-persona.svg","candidatura_nombre":"MC","candidatura_total_votos_numero":"1673","datos_votos":[{"logo_integrante":"\/emblemas\/MC.jpeg","nombre_integrante":"Chance","votos_integrante":"1673"}]},{"candidato_id":272,"candidato_nombre":"Chance","candidato_apellidos":"Lebsack","candidato_foto_url":"\/candidatos\/avatar-persona.svg","candidatura_nombre":"PRS","candidatura_total_votos_numero":null,"datos_votos":[{"logo_integrante":"\/emblemas\/PRS.png","nombre_integrante":"Chance","votos_integrante":null}]},{"candidato_id":287,"candidato_nombre":"Chance","candidato_apellidos":"Lebsack","candidato_foto_url":"\/candidatos\/avatar-persona.svg","candidatura_nombre":"MORENA","candidatura_total_votos_numero":"545","datos_votos":[{"logo_integrante":"\/emblemas\/MORENA.jpeg","nombre_integrante":"Chance","votos_integrante":"545"}]},{"candidato_id":302,"candidato_nombre":"Chance","candidato_apellidos":"Lebsack","candidato_foto_url":"\/candidatos\/avatar-persona.svg","candidatura_nombre":"PHBCS","candidatura_total_votos_numero":null,"datos_votos":[{"logo_integrante":"\/emblemas\/PH_BCS.png","nombre_integrante":"Chance","votos_integrante":null}]},{"candidato_id":313,"candidato_nombre":"Myrtice","candidato_apellidos":"Crist","candidato_foto_url":"\/candidatos\/avatar-persona.svg","candidatura_nombre":"PNABCS","candidatura_total_votos_numero":"1592","datos_votos":[{"logo_integrante":"\/emblemas\/PNABCS.jpeg","nombre_integrante":"Myrtice","votos_integrante":"1592"}]},{"candidato_id":331,"candidato_nombre":"Odie","candidato_apellidos":"Little","candidato_foto_url":"\/candidatos\/avatar-persona.svg","candidatura_nombre":"PES","candidatura_total_votos_numero":"1611","datos_votos":[{"logo_integrante":"\/emblemas\/PES.png","nombre_integrante":"Odie","votos_integrante":"1611"}]},{"candidato_id":350,"candidato_nombre":"Jena","candidato_apellidos":"Aufderhar","candidato_foto_url":"\/candidatos\/avatar-persona.svg","candidatura_nombre":"FXM","candidatura_total_votos_numero":"1647","datos_votos":[{"logo_integrante":"\/emblemas\/FXM.jpg","nombre_integrante":"Jena","votos_integrante":"1647"}]},{"candidato_id":366,"candidato_nombre":"Jena","candidato_apellidos":"Aufderhar","candidato_foto_url":"\/candidatos\/avatar-persona.svg","candidatura_nombre":"ML","candidatura_total_votos_numero":null,"datos_votos":[{"logo_integrante":"\/emblemas\/PML.png","nombre_integrante":"Jena","votos_integrante":null}]}]},{"distrito_id":"12","datos_candidatos":[{"candidato_id":185,"candidato_nombre":"Kiara","candidato_apellidos":"Veum","candidato_foto_url":"\/candidatos\/avatar-persona.svg","candidatura_nombre":"PAN","candidatura_total_votos_numero":null,"datos_votos":[{"logo_integrante":"\/emblemas\/PAN.png","nombre_integrante":"Kiara","votos_integrante":null}]},{"candidato_id":200,"candidato_nombre":"Kiara","candidato_apellidos":"Veum","candidato_foto_url":"\/candidatos\/avatar-persona.svg","candidatura_nombre":"PRI","candidatura_total_votos_numero":null,"datos_votos":[{"logo_integrante":"\/emblemas\/PRI.jpeg","nombre_integrante":"Kiara","votos_integrante":null}]},{"candidato_id":215,"candidato_nombre":"Kiara","candidato_apellidos":"Veum","candidato_foto_url":"\/candidatos\/avatar-persona.svg","candidatura_nombre":"PRD","candidatura_total_votos_numero":null,"datos_votos":[{"logo_integrante":"\/emblemas\/PRD.png","nombre_integrante":"Kiara","votos_integrante":null}]},{"candidato_id":230,"candidato_nombre":"Kiara","candidato_apellidos":"Veum","candidato_foto_url":"\/candidatos\/avatar-persona.svg","candidatura_nombre":"PT","candidatura_total_votos_numero":"375","datos_votos":[{"logo_integrante":"\/emblemas\/PT.jpeg","nombre_integrante":"Kiara","votos_integrante":"375"}]},{"candidato_id":237,"candidato_nombre":"Agustina","candidato_apellidos":"Breitenberg","candidato_foto_url":"\/candidatos\/avatar-persona.svg","candidatura_nombre":"PVEM","candidatura_total_votos_numero":"1148","datos_votos":[{"logo_integrante":"\/emblemas\/PVEM.jpeg","nombre_integrante":"Agustina","votos_integrante":"1148"}]},{"candidato_id":260,"candidato_nombre":"Kiara","candidato_apellidos":"Veum","candidato_foto_url":"\/candidatos\/avatar-persona.svg","candidatura_nombre":"MC","candidatura_total_votos_numero":"1153","datos_votos":[{"logo_integrante":"\/emblemas\/MC.jpeg","nombre_integrante":"Kiara","votos_integrante":"1153"}]},{"candidato_id":275,"candidato_nombre":"Kiara","candidato_apellidos":"Veum","candidato_foto_url":"\/candidatos\/avatar-persona.svg","candidatura_nombre":"PRS","candidatura_total_votos_numero":null,"datos_votos":[{"logo_integrante":"\/emblemas\/PRS.png","nombre_integrante":"Kiara","votos_integrante":null}]},{"candidato_id":290,"candidato_nombre":"Kiara","candidato_apellidos":"Veum","candidato_foto_url":"\/candidatos\/avatar-persona.svg","candidatura_nombre":"MORENA","candidatura_total_votos_numero":"371","datos_votos":[{"logo_integrante":"\/emblemas\/MORENA.jpeg","nombre_integrante":"Kiara","votos_integrante":"371"}]},{"candidato_id":305,"candidato_nombre":"Kiara","candidato_apellidos":"Veum","candidato_foto_url":"\/candidatos\/avatar-persona.svg","candidatura_nombre":"PHBCS","candidatura_total_votos_numero":null,"datos_votos":[{"logo_integrante":"\/emblemas\/PH_BCS.png","nombre_integrante":"Kiara","votos_integrante":null}]},{"candidato_id":324,"candidato_nombre":"Clifton","candidato_apellidos":"Reynolds","candidato_foto_url":"\/candidatos\/avatar-persona.svg","candidatura_nombre":"PNABCS","candidatura_total_votos_numero":"1211","datos_votos":[{"logo_integrante":"\/emblemas\/PNABCS.jpeg","nombre_integrante":"Clifton","votos_integrante":"1211"}]},{"candidato_id":343,"candidato_nombre":"Darrion","candidato_apellidos":"Adams","candidato_foto_url":"\/candidatos\/avatar-persona.svg","candidatura_nombre":"PES","candidatura_total_votos_numero":"1308","datos_votos":[{"logo_integrante":"\/emblemas\/PES.png","nombre_integrante":"Darrion","votos_integrante":"1308"}]},{"candidato_id":348,"candidato_nombre":"Aurelia","candidato_apellidos":"Goldner","candidato_foto_url":"\/candidatos\/avatar-persona.svg","candidatura_nombre":"FXM","candidatura_total_votos_numero":"1347","datos_votos":[{"logo_integrante":"\/emblemas\/FXM.jpg","nombre_integrante":"Aurelia","votos_integrante":"1347"}]},{"candidato_id":364,"candidato_nombre":"Aurelia","candidato_apellidos":"Goldner","candidato_foto_url":"\/candidatos\/avatar-persona.svg","candidatura_nombre":"ML","candidatura_total_votos_numero":null,"datos_votos":[{"logo_integrante":"\/emblemas\/PML.png","nombre_integrante":"Aurelia","votos_integrante":null}]}]},{"distrito_id":"13","datos_candidatos":[{"candidato_id":181,"candidato_nombre":"Kasey","candidato_apellidos":"Corkery","candidato_foto_url":"\/candidatos\/avatar-persona.svg","candidatura_nombre":"PAN","candidatura_total_votos_numero":null,"datos_votos":[{"logo_integrante":"\/emblemas\/PAN.png","nombre_integrante":"Kasey","votos_integrante":null}]},{"candidato_id":196,"candidato_nombre":"Kasey","candidato_apellidos":"Corkery","candidato_foto_url":"\/candidatos\/avatar-persona.svg","candidatura_nombre":"PRI","candidatura_total_votos_numero":null,"datos_votos":[{"logo_integrante":"\/emblemas\/PRI.jpeg","nombre_integrante":"Kasey","votos_integrante":null}]},{"candidato_id":211,"candidato_nombre":"Kasey","candidato_apellidos":"Corkery","candidato_foto_url":"\/candidatos\/avatar-persona.svg","candidatura_nombre":"PRD","candidatura_total_votos_numero":null,"datos_votos":[{"logo_integrante":"\/emblemas\/PRD.png","nombre_integrante":"Kasey","votos_integrante":null}]},{"candidato_id":226,"candidato_nombre":"Kasey","candidato_apellidos":"Corkery","candidato_foto_url":"\/candidatos\/avatar-persona.svg","candidatura_nombre":"PT","candidatura_total_votos_numero":"480","datos_votos":[{"logo_integrante":"\/emblemas\/PT.jpeg","nombre_integrante":"Kasey","votos_integrante":"480"}]},{"candidato_id":243,"candidato_nombre":"Esther","candidato_apellidos":"Schmidt","candidato_foto_url":"\/candidatos\/avatar-persona.svg","candidatura_nombre":"PVEM","candidatura_total_votos_numero":"1281","datos_votos":[{"logo_integrante":"\/emblemas\/PVEM.jpeg","nombre_integrante":"Esther","votos_integrante":"1281"}]},{"candidato_id":256,"candidato_nombre":"Kasey","candidato_apellidos":"Corkery","candidato_foto_url":"\/candidatos\/avatar-persona.svg","candidatura_nombre":"MC","candidatura_total_votos_numero":"1418","datos_votos":[{"logo_integrante":"\/emblemas\/MC.jpeg","nombre_integrante":"Kasey","votos_integrante":"1418"}]},{"candidato_id":271,"candidato_nombre":"Kasey","candidato_apellidos":"Corkery","candidato_foto_url":"\/candidatos\/avatar-persona.svg","candidatura_nombre":"PRS","candidatura_total_votos_numero":null,"datos_votos":[{"logo_integrante":"\/emblemas\/PRS.png","nombre_integrante":"Kasey","votos_integrante":null}]},{"candidato_id":286,"candidato_nombre":"Kasey","candidato_apellidos":"Corkery","candidato_foto_url":"\/candidatos\/avatar-persona.svg","candidatura_nombre":"MORENA","candidatura_total_votos_numero":"470","datos_votos":[{"logo_integrante":"\/emblemas\/MORENA.jpeg","nombre_integrante":"Kasey","votos_integrante":"470"}]},{"candidato_id":301,"candidato_nombre":"Kasey","candidato_apellidos":"Corkery","candidato_foto_url":"\/candidatos\/avatar-persona.svg","candidatura_nombre":"PHBCS","candidatura_total_votos_numero":null,"datos_votos":[{"logo_integrante":"\/emblemas\/PH_BCS.png","nombre_integrante":"Kasey","votos_integrante":null}]},{"candidato_id":323,"candidato_nombre":"Bernardo","candidato_apellidos":"Glover","candidato_foto_url":"\/candidatos\/avatar-persona.svg","candidatura_nombre":"PNABCS","candidatura_total_votos_numero":"1410","datos_votos":[{"logo_integrante":"\/emblemas\/PNABCS.jpeg","nombre_integrante":"Bernardo","votos_integrante":"1410"}]},{"candidato_id":342,"candidato_nombre":"Scarlett","candidato_apellidos":"Huels","candidato_foto_url":"\/candidatos\/avatar-persona.svg","candidatura_nombre":"PES","candidatura_total_votos_numero":"1449","datos_votos":[{"logo_integrante":"\/emblemas\/PES.png","nombre_integrante":"Scarlett","votos_integrante":"1449"}]},{"candidato_id":351,"candidato_nombre":"Rebecca","candidato_apellidos":"Grady","candidato_foto_url":"\/candidatos\/avatar-persona.svg","candidatura_nombre":"FXM","candidatura_total_votos_numero":"1331","datos_votos":[{"logo_integrante":"\/emblemas\/FXM.jpg","nombre_integrante":"Rebecca","votos_integrante":"1331"}]},{"candidato_id":367,"candidato_nombre":"Rebecca","candidato_apellidos":"Grady","candidato_foto_url":"\/candidatos\/avatar-persona.svg","candidatura_nombre":"ML","candidatura_total_votos_numero":null,"datos_votos":[{"logo_integrante":"\/emblemas\/PML.png","nombre_integrante":"Rebecca","votos_integrante":null}]}]},{"distrito_id":"14","datos_candidatos":[{"candidato_id":319,"candidato_nombre":"Justice","candidato_apellidos":"Dickinson","candidato_foto_url":"\/candidatos\/avatar-persona.svg","candidatura_nombre":"PNABCS","candidatura_total_votos_numero":"1142","datos_votos":[{"logo_integrante":"\/emblemas\/PNABCS.jpeg","nombre_integrante":"Justice","votos_integrante":"1142"}]},{"candidato_id":334,"candidato_nombre":"Jayson","candidato_apellidos":"West","candidato_foto_url":"\/candidatos\/avatar-persona.svg","candidatura_nombre":"PES","candidatura_total_votos_numero":"1496","datos_votos":[{"logo_integrante":"\/emblemas\/PES.png","nombre_integrante":"Jayson","votos_integrante":"1496"}]},{"candidato_id":345,"candidato_nombre":"Nelda","candidato_apellidos":"Monahan","candidato_foto_url":"\/candidatos\/avatar-persona.svg","candidatura_nombre":"FXM","candidatura_total_votos_numero":"1337","datos_votos":[{"logo_integrante":"\/emblemas\/FXM.jpg","nombre_integrante":"Nelda","votos_integrante":"1337"}]},{"candidato_id":361,"candidato_nombre":"Nelda","candidato_apellidos":"Monahan","candidato_foto_url":"\/candidatos\/avatar-persona.svg","candidatura_nombre":"ML","candidatura_total_votos_numero":null,"datos_votos":[{"logo_integrante":"\/emblemas\/PML.png","nombre_integrante":"Nelda","votos_integrante":null}]}]},{"distrito_id":"15","datos_candidatos":[{"candidato_id":180,"candidato_nombre":"Derek","candidato_apellidos":"Hoeger","candidato_foto_url":"\/candidatos\/avatar-persona.svg","candidatura_nombre":"PAN","candidatura_total_votos_numero":null,"datos_votos":[{"logo_integrante":"\/emblemas\/PAN.png","nombre_integrante":"Derek","votos_integrante":null}]},{"candidato_id":195,"candidato_nombre":"Derek","candidato_apellidos":"Hoeger","candidato_foto_url":"\/candidatos\/avatar-persona.svg","candidatura_nombre":"PRI","candidatura_total_votos_numero":null,"datos_votos":[{"logo_integrante":"\/emblemas\/PRI.jpeg","nombre_integrante":"Derek","votos_integrante":null}]},{"candidato_id":210,"candidato_nombre":"Derek","candidato_apellidos":"Hoeger","candidato_foto_url":"\/candidatos\/avatar-persona.svg","candidatura_nombre":"PRD","candidatura_total_votos_numero":null,"datos_votos":[{"logo_integrante":"\/emblemas\/PRD.png","nombre_integrante":"Derek","votos_integrante":null}]},{"candidato_id":225,"candidato_nombre":"Derek","candidato_apellidos":"Hoeger","candidato_foto_url":"\/candidatos\/avatar-persona.svg","candidatura_nombre":"PT","candidatura_total_votos_numero":"561","datos_votos":[{"logo_integrante":"\/emblemas\/PT.jpeg","nombre_integrante":"Derek","votos_integrante":"561"}]},{"candidato_id":250,"candidato_nombre":"Francesco","candidato_apellidos":"Gulgowski","candidato_foto_url":"\/candidatos\/avatar-persona.svg","candidatura_nombre":"PVEM","candidatura_total_votos_numero":"1900","datos_votos":[{"logo_integrante":"\/emblemas\/PVEM.jpeg","nombre_integrante":"Francesco","votos_integrante":"1900"}]},{"candidato_id":255,"candidato_nombre":"Derek","candidato_apellidos":"Hoeger","candidato_foto_url":"\/candidatos\/avatar-persona.svg","candidatura_nombre":"MC","candidatura_total_votos_numero":"1755","datos_votos":[{"logo_integrante":"\/emblemas\/MC.jpeg","nombre_integrante":"Derek","votos_integrante":"1755"}]},{"candidato_id":270,"candidato_nombre":"Derek","candidato_apellidos":"Hoeger","candidato_foto_url":"\/candidatos\/avatar-persona.svg","candidatura_nombre":"PRS","candidatura_total_votos_numero":null,"datos_votos":[{"logo_integrante":"\/emblemas\/PRS.png","nombre_integrante":"Derek","votos_integrante":null}]},{"candidato_id":285,"candidato_nombre":"Derek","candidato_apellidos":"Hoeger","candidato_foto_url":"\/candidatos\/avatar-persona.svg","candidatura_nombre":"MORENA","candidatura_total_votos_numero":"589","datos_votos":[{"logo_integrante":"\/emblemas\/MORENA.jpeg","nombre_integrante":"Derek","votos_integrante":"589"}]},{"candidato_id":300,"candidato_nombre":"Derek","candidato_apellidos":"Hoeger","candidato_foto_url":"\/candidatos\/avatar-persona.svg","candidatura_nombre":"PHBCS","candidatura_total_votos_numero":null,"datos_votos":[{"logo_integrante":"\/emblemas\/PH_BCS.png","nombre_integrante":"Derek","votos_integrante":null}]},{"candidato_id":315,"candidato_nombre":"Xavier","candidato_apellidos":"Okuneva","candidato_foto_url":"\/candidatos\/avatar-persona.svg","candidatura_nombre":"PNABCS","candidatura_total_votos_numero":"1745","datos_votos":[{"logo_integrante":"\/emblemas\/PNABCS.jpeg","nombre_integrante":"Xavier","votos_integrante":"1745"}]},{"candidato_id":338,"candidato_nombre":"Foster","candidato_apellidos":"Kertzmann","candidato_foto_url":"\/candidatos\/avatar-persona.svg","candidatura_nombre":"PES","candidatura_total_votos_numero":"1851","datos_votos":[{"logo_integrante":"\/emblemas\/PES.png","nombre_integrante":"Foster","votos_integrante":"1851"}]},{"candidato_id":344,"candidato_nombre":"Alexandrea","candidato_apellidos":"Abshire","candidato_foto_url":"\/candidatos\/avatar-persona.svg","candidatura_nombre":"FXM","candidatura_total_votos_numero":"1827","datos_votos":[{"logo_integrante":"\/emblemas\/FXM.jpg","nombre_integrante":"Alexandrea","votos_integrante":"1827"}]},{"candidato_id":360,"candidato_nombre":"Alexandrea","candidato_apellidos":"Abshire","candidato_foto_url":"\/candidatos\/avatar-persona.svg","candidatura_nombre":"ML","candidatura_total_votos_numero":null,"datos_votos":[{"logo_integrante":"\/emblemas\/PML.png","nombre_integrante":"Alexandrea","votos_integrante":null}]}]},{"distrito_id":"16","datos_candidatos":[{"candidato_id":191,"candidato_nombre":"Ernestina","candidato_apellidos":"Fisher","candidato_foto_url":"\/candidatos\/avatar-persona.svg","candidatura_nombre":"PAN","candidatura_total_votos_numero":null,"datos_votos":[{"logo_integrante":"\/emblemas\/PAN.png","nombre_integrante":"Ernestina","votos_integrante":null}]},{"candidato_id":206,"candidato_nombre":"Ernestina","candidato_apellidos":"Fisher","candidato_foto_url":"\/candidatos\/avatar-persona.svg","candidatura_nombre":"PRI","candidatura_total_votos_numero":null,"datos_votos":[{"logo_integrante":"\/emblemas\/PRI.jpeg","nombre_integrante":"Ernestina","votos_integrante":null}]},{"candidato_id":221,"candidato_nombre":"Ernestina","candidato_apellidos":"Fisher","candidato_foto_url":"\/candidatos\/avatar-persona.svg","candidatura_nombre":"PRD","candidatura_total_votos_numero":null,"datos_votos":[{"logo_integrante":"\/emblemas\/PRD.png","nombre_integrante":"Ernestina","votos_integrante":null}]},{"candidato_id":236,"candidato_nombre":"Ernestina","candidato_apellidos":"Fisher","candidato_foto_url":"\/candidatos\/avatar-persona.svg","candidatura_nombre":"PT","candidatura_total_votos_numero":"622","datos_votos":[{"logo_integrante":"\/emblemas\/PT.jpeg","nombre_integrante":"Ernestina","votos_integrante":"622"}]},{"candidato_id":241,"candidato_nombre":"Alize","candidato_apellidos":"Hegmann","candidato_foto_url":"\/candidatos\/avatar-persona.svg","candidatura_nombre":"PVEM","candidatura_total_votos_numero":"1832","datos_votos":[{"logo_integrante":"\/emblemas\/PVEM.jpeg","nombre_integrante":"Alize","votos_integrante":"1832"}]},{"candidato_id":266,"candidato_nombre":"Ernestina","candidato_apellidos":"Fisher","candidato_foto_url":"\/candidatos\/avatar-persona.svg","candidatura_nombre":"MC","candidatura_total_votos_numero":"1979","datos_votos":[{"logo_integrante":"\/emblemas\/MC.jpeg","nombre_integrante":"Ernestina","votos_integrante":"1979"}]},{"candidato_id":281,"candidato_nombre":"Ernestina","candidato_apellidos":"Fisher","candidato_foto_url":"\/candidatos\/avatar-persona.svg","candidatura_nombre":"PRS","candidatura_total_votos_numero":null,"datos_votos":[{"logo_integrante":"\/emblemas\/PRS.png","nombre_integrante":"Ernestina","votos_integrante":null}]},{"candidato_id":296,"candidato_nombre":"Ernestina","candidato_apellidos":"Fisher","candidato_foto_url":"\/candidatos\/avatar-persona.svg","candidatura_nombre":"MORENA","candidatura_total_votos_numero":"642","datos_votos":[{"logo_integrante":"\/emblemas\/MORENA.jpeg","nombre_integrante":"Ernestina","votos_integrante":"642"}]},{"candidato_id":311,"candidato_nombre":"Ernestina","candidato_apellidos":"Fisher","candidato_foto_url":"\/candidatos\/avatar-persona.svg","candidatura_nombre":"PHBCS","candidatura_total_votos_numero":null,"datos_votos":[{"logo_integrante":"\/emblemas\/PH_BCS.png","nombre_integrante":"Ernestina","votos_integrante":null}]},{"candidato_id":325,"candidato_nombre":"Stan","candidato_apellidos":"Bergstrom","candidato_foto_url":"\/candidatos\/avatar-persona.svg","candidatura_nombre":"PNABCS","candidatura_total_votos_numero":"1865","datos_votos":[{"logo_integrante":"\/emblemas\/PNABCS.jpeg","nombre_integrante":"Stan","votos_integrante":"1865"}]},{"candidato_id":328,"candidato_nombre":"Mariane","candidato_apellidos":"Morar","candidato_foto_url":"\/candidatos\/avatar-persona.svg","candidatura_nombre":"PES","candidatura_total_votos_numero":"1825","datos_votos":[{"logo_integrante":"\/emblemas\/PES.png","nombre_integrante":"Mariane","votos_integrante":"1825"}]},{"candidato_id":358,"candidato_nombre":"Joan","candidato_apellidos":"Heaney","candidato_foto_url":"\/candidatos\/avatar-persona.svg","candidatura_nombre":"FXM","candidatura_total_votos_numero":"1747","datos_votos":[{"logo_integrante":"\/emblemas\/FXM.jpg","nombre_integrante":"Joan","votos_integrante":"1747"}]},{"candidato_id":374,"candidato_nombre":"Joan","candidato_apellidos":"Heaney","candidato_foto_url":"\/candidatos\/avatar-persona.svg","candidatura_nombre":"ML","candidatura_total_votos_numero":null,"datos_votos":[{"logo_integrante":"\/emblemas\/PML.png","nombre_integrante":"Joan","votos_integrante":null}]}]}]}