{"fecha_ultimo_corte":"27 Enero 2024","hora_local":"22:38 h UTC-7","tipo_eleccion":"Diputaciones","nombre_archivo_json":"diputaciones_resumen_votacion_por_partido_politico_nivel_entidad.json","total_votos_por_entidad_numero":"193,337","total_votos_por_entidad_porcentaje":"84.8941","total_votos_candidatura_noregistrada_numero":"33,693","total_votos_candidatura_noregistrada_porcentaje":"14.7946","total_votos_nulos_numero":"709","total_votos_nulos_porcentaje":"0.3113","total_votos_general_numero":"227,739","total_votos_general_porcentaje":"100.0000"}