{"fecha_ultimo_corte":"27 Enero 2024","hora_local":"22:38 h UTC-7","tipo_eleccion":"Gubernatura","nombre_archivo_json":"gubernatura_resumen_votacion_con_voto_extranjero_nivel_entidad.json","total_votos_por_entidad_numero":"0","total_votos_por_entidad_porcentaje":"0.0000","total_votos_extranjero_numero":"0","total_votos_extranjero_porcentaje":"0.0000","total_votos_candidatura_noregistrada_numero":"0","total_votos_candidatura_noregistrada_porcentaje":"0.0000","total_votos_nulos_numero":"0","total_votos_nulos_porcentaje":"0.0000","total_votos_general_numero":"0","total_votos_general_porcentaje":"0.0000"}