{"fecha_ultimo_corte":"27 Enero 2024","hora_local":"22:38 h UTC-7","tipo_eleccion":"Gubernatura","nombre_archivo_json":"gubernatura_estadistica_votacion_nivel_distrito.json","distritos":[{"distrito_id":"1","actas_esperadas_numero":"65","actas_esperadas_porcentaje":"100.0000","actas_esperadas_recibidas_numero":"0","actas_esperadas_recibidas_porcentaje":"0.0000","actas_capturadas_numero":"0","actas_capturadas_porcentaje":"0.0000","actas_contabilizadas_numero":"0","actas_contabilizadas_porcentaje":"0.0000","valor_lista_nominal_actas_contabilizadas_numero":"0","valor_lista_nominal_actas_contabilizadas_porcentaje":"0.0000","participacion_ciudadana_numero":"0","participacion_ciudadana_porcentaje":"0.0000"},{"distrito_id":"2","actas_esperadas_numero":"66","actas_esperadas_porcentaje":"100.0000","actas_esperadas_recibidas_numero":"0","actas_esperadas_recibidas_porcentaje":"0.0000","actas_capturadas_numero":"0","actas_capturadas_porcentaje":"0.0000","actas_contabilizadas_numero":"0","actas_contabilizadas_porcentaje":"0.0000","valor_lista_nominal_actas_contabilizadas_numero":"0","valor_lista_nominal_actas_contabilizadas_porcentaje":"0.0000","participacion_ciudadana_numero":"0","participacion_ciudadana_porcentaje":"0.0000"},{"distrito_id":"3","actas_esperadas_numero":"69","actas_esperadas_porcentaje":"100.0000","actas_esperadas_recibidas_numero":"0","actas_esperadas_recibidas_porcentaje":"0.0000","actas_capturadas_numero":"0","actas_capturadas_porcentaje":"0.0000","actas_contabilizadas_numero":"0","actas_contabilizadas_porcentaje":"0.0000","valor_lista_nominal_actas_contabilizadas_numero":"0","valor_lista_nominal_actas_contabilizadas_porcentaje":"0.0000","participacion_ciudadana_numero":"0","participacion_ciudadana_porcentaje":"0.0000"},{"distrito_id":"4","actas_esperadas_numero":"77","actas_esperadas_porcentaje":"100.0000","actas_esperadas_recibidas_numero":"0","actas_esperadas_recibidas_porcentaje":"0.0000","actas_capturadas_numero":"0","actas_capturadas_porcentaje":"0.0000","actas_contabilizadas_numero":"0","actas_contabilizadas_porcentaje":"0.0000","valor_lista_nominal_actas_contabilizadas_numero":"0","valor_lista_nominal_actas_contabilizadas_porcentaje":"0.0000","participacion_ciudadana_numero":"0","participacion_ciudadana_porcentaje":"0.0000"},{"distrito_id":"5","actas_esperadas_numero":"72","actas_esperadas_porcentaje":"100.0000","actas_esperadas_recibidas_numero":"0","actas_esperadas_recibidas_porcentaje":"0.0000","actas_capturadas_numero":"0","actas_capturadas_porcentaje":"0.0000","actas_contabilizadas_numero":"0","actas_contabilizadas_porcentaje":"0.0000","valor_lista_nominal_actas_contabilizadas_numero":"0","valor_lista_nominal_actas_contabilizadas_porcentaje":"0.0000","participacion_ciudadana_numero":"0","participacion_ciudadana_porcentaje":"0.0000"},{"distrito_id":"6","actas_esperadas_numero":"72","actas_esperadas_porcentaje":"100.0000","actas_esperadas_recibidas_numero":"0","actas_esperadas_recibidas_porcentaje":"0.0000","actas_capturadas_numero":"0","actas_capturadas_porcentaje":"0.0000","actas_contabilizadas_numero":"0","actas_contabilizadas_porcentaje":"0.0000","valor_lista_nominal_actas_contabilizadas_numero":"0","valor_lista_nominal_actas_contabilizadas_porcentaje":"0.0000","participacion_ciudadana_numero":"0","participacion_ciudadana_porcentaje":"0.0000"},{"distrito_id":"7","actas_esperadas_numero":"68","actas_esperadas_porcentaje":"100.0000","actas_esperadas_recibidas_numero":"0","actas_esperadas_recibidas_porcentaje":"0.0000","actas_capturadas_numero":"0","actas_capturadas_porcentaje":"0.0000","actas_contabilizadas_numero":"0","actas_contabilizadas_porcentaje":"0.0000","valor_lista_nominal_actas_contabilizadas_numero":"0","valor_lista_nominal_actas_contabilizadas_porcentaje":"0.0000","participacion_ciudadana_numero":"0","participacion_ciudadana_porcentaje":"0.0000"},{"distrito_id":"8","actas_esperadas_numero":"64","actas_esperadas_porcentaje":"100.0000","actas_esperadas_recibidas_numero":"0","actas_esperadas_recibidas_porcentaje":"0.0000","actas_capturadas_numero":"0","actas_capturadas_porcentaje":"0.0000","actas_contabilizadas_numero":"0","actas_contabilizadas_porcentaje":"0.0000","valor_lista_nominal_actas_contabilizadas_numero":"0","valor_lista_nominal_actas_contabilizadas_porcentaje":"0.0000","participacion_ciudadana_numero":"0","participacion_ciudadana_porcentaje":"0.0000"},{"distrito_id":"9","actas_esperadas_numero":"67","actas_esperadas_porcentaje":"100.0000","actas_esperadas_recibidas_numero":"0","actas_esperadas_recibidas_porcentaje":"0.0000","actas_capturadas_numero":"0","actas_capturadas_porcentaje":"0.0000","actas_contabilizadas_numero":"0","actas_contabilizadas_porcentaje":"0.0000","valor_lista_nominal_actas_contabilizadas_numero":"0","valor_lista_nominal_actas_contabilizadas_porcentaje":"0.0000","participacion_ciudadana_numero":"0","participacion_ciudadana_porcentaje":"0.0000"},{"distrito_id":"10","actas_esperadas_numero":"61","actas_esperadas_porcentaje":"100.0000","actas_esperadas_recibidas_numero":"0","actas_esperadas_recibidas_porcentaje":"0.0000","actas_capturadas_numero":"0","actas_capturadas_porcentaje":"0.0000","actas_contabilizadas_numero":"0","actas_contabilizadas_porcentaje":"0.0000","valor_lista_nominal_actas_contabilizadas_numero":"0","valor_lista_nominal_actas_contabilizadas_porcentaje":"0.0000","participacion_ciudadana_numero":"0","participacion_ciudadana_porcentaje":"0.0000"},{"distrito_id":"11","actas_esperadas_numero":"68","actas_esperadas_porcentaje":"100.0000","actas_esperadas_recibidas_numero":"0","actas_esperadas_recibidas_porcentaje":"0.0000","actas_capturadas_numero":"0","actas_capturadas_porcentaje":"0.0000","actas_contabilizadas_numero":"0","actas_contabilizadas_porcentaje":"0.0000","valor_lista_nominal_actas_contabilizadas_numero":"0","valor_lista_nominal_actas_contabilizadas_porcentaje":"0.0000","participacion_ciudadana_numero":"0","participacion_ciudadana_porcentaje":"0.0000"},{"distrito_id":"12","actas_esperadas_numero":"62","actas_esperadas_porcentaje":"100.0000","actas_esperadas_recibidas_numero":"0","actas_esperadas_recibidas_porcentaje":"0.0000","actas_capturadas_numero":"0","actas_capturadas_porcentaje":"0.0000","actas_contabilizadas_numero":"0","actas_contabilizadas_porcentaje":"0.0000","valor_lista_nominal_actas_contabilizadas_numero":"0","valor_lista_nominal_actas_contabilizadas_porcentaje":"0.0000","participacion_ciudadana_numero":"0","participacion_ciudadana_porcentaje":"0.0000"},{"distrito_id":"13","actas_esperadas_numero":"65","actas_esperadas_porcentaje":"100.0000","actas_esperadas_recibidas_numero":"0","actas_esperadas_recibidas_porcentaje":"0.0000","actas_capturadas_numero":"0","actas_capturadas_porcentaje":"0.0000","actas_contabilizadas_numero":"0","actas_contabilizadas_porcentaje":"0.0000","valor_lista_nominal_actas_contabilizadas_numero":"0","valor_lista_nominal_actas_contabilizadas_porcentaje":"0.0000","participacion_ciudadana_numero":"0","participacion_ciudadana_porcentaje":"0.0000"},{"distrito_id":"14","actas_esperadas_numero":"48","actas_esperadas_porcentaje":"100.0000","actas_esperadas_recibidas_numero":"0","actas_esperadas_recibidas_porcentaje":"0.0000","actas_capturadas_numero":"0","actas_capturadas_porcentaje":"0.0000","actas_contabilizadas_numero":"0","actas_contabilizadas_porcentaje":"0.0000","valor_lista_nominal_actas_contabilizadas_numero":"0","valor_lista_nominal_actas_contabilizadas_porcentaje":"0.0000","participacion_ciudadana_numero":"0","participacion_ciudadana_porcentaje":"0.0000"},{"distrito_id":"15","actas_esperadas_numero":"61","actas_esperadas_porcentaje":"100.0000","actas_esperadas_recibidas_numero":"0","actas_esperadas_recibidas_porcentaje":"0.0000","actas_capturadas_numero":"0","actas_capturadas_porcentaje":"0.0000","actas_contabilizadas_numero":"0","actas_contabilizadas_porcentaje":"0.0000","valor_lista_nominal_actas_contabilizadas_numero":"0","valor_lista_nominal_actas_contabilizadas_porcentaje":"0.0000","participacion_ciudadana_numero":"0","participacion_ciudadana_porcentaje":"0.0000"},{"distrito_id":"16","actas_esperadas_numero":"66","actas_esperadas_porcentaje":"100.0000","actas_esperadas_recibidas_numero":"0","actas_esperadas_recibidas_porcentaje":"0.0000","actas_capturadas_numero":"0","actas_capturadas_porcentaje":"0.0000","actas_contabilizadas_numero":"0","actas_contabilizadas_porcentaje":"0.0000","valor_lista_nominal_actas_contabilizadas_numero":"0","valor_lista_nominal_actas_contabilizadas_porcentaje":"0.0000","participacion_ciudadana_numero":"0","participacion_ciudadana_porcentaje":"0.0000"}]}