{"fecha_ultimo_corte":"27 Enero 2024","hora_local":"22:38 h UTC-7","tipo_eleccion":"Gubernatura","nombre_archivo_json":"gubernatura_votos_candidaturas_vista_tarjetas_nivel_entidad.json","candidato_id_con_mayor_numero_votos":0,"mayor_numero_votos_numero":0,"datos_candidatos":[{"candidato_id":188,"candidato_nombre":"Gia","candidato_apellidos":"Fadel","candidato_foto_url":"\/candidatos\/avatar-persona.svg","candidatura_total_votos_general_numero":"0","candidatura_total_votos_entidad_numero":"0","candidatura_total_votos_extranjero_numero":"0","candidatura_total_votos_general_porcentaje":"0.0000","candidatura_total_votos_entidad_porcentaje":"0.0000","candidatura_total_votos_extranjero_porcentaje":"0.0000","candidatura_nombre":"PAN-PRI-PRD-PRS-PHBCS","candidatura_logo":"\/emblemas\/PAN-PRI-PRD-PRS-PHBCS.jpeg","seleccionado":false,"candidatura_votos_desglosados":[{"logo_integrante":"\/emblemas\/PAN-PRI-PRD-PRS-PHBCS.jpeg","nombre_integrante":"PAN-PRI-PRD-PRS-PHBCS","votos_integrante":0}]},{"candidato_id":53,"candidato_nombre":"Shanel","candidato_apellidos":"Volkman","candidato_foto_url":"\/candidatos\/avatar-persona.svg","candidatura_total_votos_general_numero":"0","candidatura_total_votos_entidad_numero":"0","candidatura_total_votos_extranjero_numero":"0","candidatura_total_votos_general_porcentaje":"0.0000","candidatura_total_votos_entidad_porcentaje":"0.0000","candidatura_total_votos_extranjero_porcentaje":"0.0000","candidatura_nombre":"PVEM","candidatura_logo":"\/emblemas\/PVEM.jpeg","seleccionado":false,"candidatura_votos_desglosados":[{"logo_integrante":"\/emblemas\/PVEM.jpeg","nombre_integrante":"PVEM","votos_integrante":0}]},{"candidato_id":90,"candidato_nombre":"Garland","candidato_apellidos":"Kemmer","candidato_foto_url":"\/candidatos\/avatar-persona.svg","candidatura_total_votos_general_numero":"0","candidatura_total_votos_entidad_numero":"0","candidatura_total_votos_extranjero_numero":"0","candidatura_total_votos_general_porcentaje":"0.0000","candidatura_total_votos_entidad_porcentaje":"0.0000","candidatura_total_votos_extranjero_porcentaje":"0.0000","candidatura_nombre":"MC","candidatura_logo":"\/emblemas\/MC.jpeg","seleccionado":false,"candidatura_votos_desglosados":[{"logo_integrante":"\/emblemas\/MC.jpeg","nombre_integrante":"MC","votos_integrante":0}]},{"candidato_id":477,"candidato_nombre":"Hassie","candidato_apellidos":"Kirlin","candidato_foto_url":"\/candidatos\/avatar-persona.svg","candidatura_total_votos_general_numero":"0","candidatura_total_votos_entidad_numero":"0","candidatura_total_votos_extranjero_numero":"0","candidatura_total_votos_general_porcentaje":"0.0000","candidatura_total_votos_entidad_porcentaje":"0.0000","candidatura_total_votos_extranjero_porcentaje":"0.0000","candidatura_nombre":"BCSC","candidatura_logo":"\/emblemas\/BCSC.jpeg","seleccionado":false,"candidatura_votos_desglosados":[{"logo_integrante":"\/emblemas\/BCSC.jpeg","nombre_integrante":"BCSC","votos_integrante":0}]},{"candidato_id":139,"candidato_nombre":"Lowell","candidato_apellidos":"Hintz","candidato_foto_url":"\/candidatos\/avatar-persona.svg","candidatura_total_votos_general_numero":"0","candidatura_total_votos_entidad_numero":"0","candidatura_total_votos_extranjero_numero":"0","candidatura_total_votos_general_porcentaje":"0.0000","candidatura_total_votos_entidad_porcentaje":"0.0000","candidatura_total_votos_extranjero_porcentaje":"0.0000","candidatura_nombre":"PNABCS","candidatura_logo":"\/emblemas\/PNABCS.jpeg","seleccionado":false,"candidatura_votos_desglosados":[{"logo_integrante":"\/emblemas\/PNABCS.jpeg","nombre_integrante":"PNABCS","votos_integrante":0}]},{"candidato_id":46,"candidato_nombre":"Pablo","candidato_apellidos":"Deckow","candidato_foto_url":"\/candidatos\/avatar-persona.svg","candidatura_total_votos_general_numero":"0","candidatura_total_votos_entidad_numero":"0","candidatura_total_votos_extranjero_numero":"0","candidatura_total_votos_general_porcentaje":"0.0000","candidatura_total_votos_entidad_porcentaje":"0.0000","candidatura_total_votos_extranjero_porcentaje":"0.0000","candidatura_nombre":"PES","candidatura_logo":"\/emblemas\/PES.png","seleccionado":false,"candidatura_votos_desglosados":[{"logo_integrante":"\/emblemas\/PES.png","nombre_integrante":"PES","votos_integrante":0}]},{"candidato_id":697,"candidato_nombre":"Laurine","candidato_apellidos":"Pollich","candidato_foto_url":"\/candidatos\/avatar-persona.svg","candidatura_total_votos_general_numero":"0","candidatura_total_votos_entidad_numero":"0","candidatura_total_votos_extranjero_numero":"0","candidatura_total_votos_general_porcentaje":"0.0000","candidatura_total_votos_entidad_porcentaje":"0.0000","candidatura_total_votos_extranjero_porcentaje":"0.0000","candidatura_nombre":"RSP","candidatura_logo":"\/emblemas\/RSP.jpeg","seleccionado":false,"candidatura_votos_desglosados":[{"logo_integrante":"\/emblemas\/RSP.jpeg","nombre_integrante":"RSP","votos_integrante":0}]},{"candidato_id":1001,"candidato_nombre":"Savion","candidato_apellidos":"Sporer","candidato_foto_url":"\/candidatos\/avatar-persona.svg","candidatura_total_votos_general_numero":"0","candidatura_total_votos_entidad_numero":"0","candidatura_total_votos_extranjero_numero":"0","candidatura_total_votos_general_porcentaje":"0.0000","candidatura_total_votos_entidad_porcentaje":"0.0000","candidatura_total_votos_extranjero_porcentaje":"0.0000","candidatura_nombre":"FXM","candidatura_logo":"\/emblemas\/FXM.jpg","seleccionado":false,"candidatura_votos_desglosados":[{"logo_integrante":"\/emblemas\/FXM.jpg","nombre_integrante":"FXM","votos_integrante":0}]},{"candidato_id":1016,"candidato_nombre":"Nayeli","candidato_apellidos":"Heller","candidato_foto_url":"\/candidatos\/avatar-persona.svg","candidatura_total_votos_general_numero":"0","candidatura_total_votos_entidad_numero":"0","candidatura_total_votos_extranjero_numero":"0","candidatura_total_votos_general_porcentaje":"0.0000","candidatura_total_votos_entidad_porcentaje":"0.0000","candidatura_total_votos_extranjero_porcentaje":"0.0000","candidatura_nombre":"CAND_IND_4","candidatura_logo":"\/emblemas\/CAND_IND_4.jpeg","seleccionado":false,"candidatura_votos_desglosados":[{"logo_integrante":"\/emblemas\/CAND_IND_4.jpeg","nombre_integrante":"CAND_IND_4","votos_integrante":0}]},{"candidato_id":39,"candidato_nombre":"Dejah","candidato_apellidos":"Pouros","candidato_foto_url":"\/candidatos\/avatar-persona.svg","candidatura_total_votos_general_numero":"0","candidatura_total_votos_entidad_numero":"0","candidatura_total_votos_extranjero_numero":"0","candidatura_total_votos_general_porcentaje":"0.0000","candidatura_total_votos_entidad_porcentaje":"0.0000","candidatura_total_votos_extranjero_porcentaje":"0.0000","candidatura_nombre":"PT-MORENA","candidatura_logo":"\/emblemas\/PT-MORENA.jpeg","seleccionado":false,"candidatura_votos_desglosados":[{"logo_integrante":"\/emblemas\/PT.jpeg","nombre_integrante":"PT","votos_integrante":0},{"logo_integrante":"\/emblemas\/MORENA.jpeg","nombre_integrante":"MORENA","votos_integrante":0}]}]}