{"fecha_ultimo_corte":"27 Enero 2024","hora_local":"22:38 h UTC-7","tipo_eleccion":"Gubernatura","nombre_archivo_json":"gubernatura_estadistica_por_casilla_del_extranjero.json","datos_casillas":[{"casilla_tipo":"Extranjero","casilla_descripcion":"184 Extranjero","acta_id":"","participacion_ciudadana_porcentaje":"0.0000","total_lista_nominal_numero":"151"},{"casilla_tipo":"Extranjero Todas","casilla_descripcion":"000 Extranjero Todas","acta_id":"","participacion_ciudadana_porcentaje":"0.0000","total_lista_nominal_numero":"151"}]}