{"fecha_utimo_corte":"27 Enero 2024","hora_local":"22:38 h UTC-7","tipo_eleccion":"Gubernatura","nombre_archivo_json":"gubernatura_votos_partidos_politicos_con_voto_extranjero_vista_graficas_nivel_entidad.json","partidos":[{"partido_id":1,"partido_nombre":"PAN-PRI-PRD-PRS-PHBCS","partido_logo":"\/emblemas\/PAN-PRD-PRS-PH_BCS.jpeg","partido_color":"#003D92","partido_total_votos_general_numero":"0","partido_total_votos_general_porcentaje":"0.0000","partido_total_votos_entidad_numero":"0","partido_total_votos_extranjero_numero":"0"},{"partido_id":5,"partido_nombre":"PT","partido_logo":"\/emblemas\/PT.jpeg","partido_color":"#E63500","partido_total_votos_general_numero":"0","partido_total_votos_general_porcentaje":"0.0000","partido_total_votos_entidad_numero":"0","partido_total_votos_extranjero_numero":"0"},{"partido_id":6,"partido_nombre":"PVEM","partido_logo":"\/emblemas\/PVEM.jpeg","partido_color":"#2B7621","partido_total_votos_general_numero":"0","partido_total_votos_general_porcentaje":"0.0000","partido_total_votos_entidad_numero":"0","partido_total_votos_extranjero_numero":"0"},{"partido_id":7,"partido_nombre":"MC","partido_logo":"\/emblemas\/MC.jpeg","partido_color":"#FF6D00","partido_total_votos_general_numero":"0","partido_total_votos_general_porcentaje":"0.0000","partido_total_votos_entidad_numero":"0","partido_total_votos_extranjero_numero":"0"},{"partido_id":9,"partido_nombre":"MORENA","partido_logo":"\/emblemas\/MORENA.jpeg","partido_color":"#651C32","partido_total_votos_general_numero":"0","partido_total_votos_general_porcentaje":"0.0000","partido_total_votos_entidad_numero":"0","partido_total_votos_extranjero_numero":"0"},{"partido_id":11,"partido_nombre":"BCSC","partido_logo":"\/emblemas\/BCSC.jpeg","partido_color":"#80D291","partido_total_votos_general_numero":"0","partido_total_votos_general_porcentaje":"0.0000","partido_total_votos_entidad_numero":"0","partido_total_votos_extranjero_numero":"0"},{"partido_id":12,"partido_nombre":"PNABCS","partido_logo":"\/emblemas\/PNABCS.jpeg","partido_color":"#329FAE","partido_total_votos_general_numero":"0","partido_total_votos_general_porcentaje":"0.0000","partido_total_votos_entidad_numero":"0","partido_total_votos_extranjero_numero":"0"},{"partido_id":13,"partido_nombre":"PES","partido_logo":"\/emblemas\/PES.jpeg","partido_color":"#924F9D","partido_total_votos_general_numero":"0","partido_total_votos_general_porcentaje":"0.0000","partido_total_votos_entidad_numero":"0","partido_total_votos_extranjero_numero":"0"},{"partido_id":14,"partido_nombre":"RSP","partido_logo":"\/emblemas\/RSP.jpeg","partido_color":"#39454D","partido_total_votos_general_numero":"0","partido_total_votos_general_porcentaje":"0.0000","partido_total_votos_entidad_numero":"0","partido_total_votos_extranjero_numero":"0"},{"partido_id":15,"partido_nombre":"FXM","partido_logo":"\/emblemas\/FXM.jpeg","partido_color":"#DCAE6A","partido_total_votos_general_numero":"0","partido_total_votos_general_porcentaje":"0.0000","partido_total_votos_entidad_numero":"0","partido_total_votos_extranjero_numero":"0"},{"partido_id":19,"partido_nombre":"CAND_IND_4","partido_logo":"\/emblemas\/P1.png","partido_color":"#AB88A5","partido_total_votos_general_numero":"0","partido_total_votos_general_porcentaje":"0.0000","partido_total_votos_entidad_numero":"0","partido_total_votos_extranjero_numero":"0"}]}