{"fecha_ultimo_corte":"27 Enero 2024","hora_local":"22:38 h UTC-7","tipo_eleccion":"Gubernatura","nombre_archivo_json":"gubernatura_votos_candidaturas_vista_tarjetas_nivel_distrito.json","distritos":[{"distrito_id":"1","candidato_id_con_mayor_numero_votos":0,"mayor_numero_votos_numero":0,"datos_candidaturas":[{"candidato_id":188,"candidato_nombre":"Gia","candidato_apellidos":"Fadel","candidato_foto_url":"\/candidatos\/avatar-persona.svg","candidatura_total_votos_numero":"0","candidatura_total_votos_casilla":"0","candidatura_total_votos_anticipados":"0","candidatura_total_votos_porcentaje":"0.0000","candidatura_nombre":"PAN-PRI-PRD-PRS-PHBCS","candidatura_logo":"\/emblemas\/PAN-PRI-PRD-PRS-PHBCS.jpeg","seleccionado":false},{"candidato_id":53,"candidato_nombre":"Shanel","candidato_apellidos":"Volkman","candidato_foto_url":"\/candidatos\/avatar-persona.svg","candidatura_total_votos_numero":"0","candidatura_total_votos_casilla":"0","candidatura_total_votos_anticipados":"0","candidatura_total_votos_porcentaje":"0.0000","candidatura_nombre":"PVEM","candidatura_logo":"\/emblemas\/PVEM.jpeg","seleccionado":false},{"candidato_id":90,"candidato_nombre":"Garland","candidato_apellidos":"Kemmer","candidato_foto_url":"\/candidatos\/avatar-persona.svg","candidatura_total_votos_numero":"0","candidatura_total_votos_casilla":"0","candidatura_total_votos_anticipados":"0","candidatura_total_votos_porcentaje":"0.0000","candidatura_nombre":"MC","candidatura_logo":"\/emblemas\/MC.jpeg","seleccionado":false},{"candidato_id":477,"candidato_nombre":"Hassie","candidato_apellidos":"Kirlin","candidato_foto_url":"\/candidatos\/avatar-persona.svg","candidatura_total_votos_numero":"0","candidatura_total_votos_casilla":"0","candidatura_total_votos_anticipados":"0","candidatura_total_votos_porcentaje":"0.0000","candidatura_nombre":"BCSC","candidatura_logo":"\/emblemas\/BCSC.jpeg","seleccionado":false},{"candidato_id":139,"candidato_nombre":"Lowell","candidato_apellidos":"Hintz","candidato_foto_url":"\/candidatos\/avatar-persona.svg","candidatura_total_votos_numero":"0","candidatura_total_votos_casilla":"0","candidatura_total_votos_anticipados":"0","candidatura_total_votos_porcentaje":"0.0000","candidatura_nombre":"PNABCS","candidatura_logo":"\/emblemas\/PNABCS.jpeg","seleccionado":false},{"candidato_id":46,"candidato_nombre":"Pablo","candidato_apellidos":"Deckow","candidato_foto_url":"\/candidatos\/avatar-persona.svg","candidatura_total_votos_numero":"0","candidatura_total_votos_casilla":"0","candidatura_total_votos_anticipados":"0","candidatura_total_votos_porcentaje":"0.0000","candidatura_nombre":"PES","candidatura_logo":"\/emblemas\/PES.png","seleccionado":false},{"candidato_id":697,"candidato_nombre":"Laurine","candidato_apellidos":"Pollich","candidato_foto_url":"\/candidatos\/avatar-persona.svg","candidatura_total_votos_numero":"0","candidatura_total_votos_casilla":"0","candidatura_total_votos_anticipados":"0","candidatura_total_votos_porcentaje":"0.0000","candidatura_nombre":"RSP","candidatura_logo":"\/emblemas\/RSP.jpeg","seleccionado":false},{"candidato_id":1001,"candidato_nombre":"Savion","candidato_apellidos":"Sporer","candidato_foto_url":"\/candidatos\/avatar-persona.svg","candidatura_total_votos_numero":"0","candidatura_total_votos_casilla":"0","candidatura_total_votos_anticipados":"0","candidatura_total_votos_porcentaje":"0.0000","candidatura_nombre":"FXM","candidatura_logo":"\/emblemas\/FXM.jpg","seleccionado":false},{"candidato_id":1016,"candidato_nombre":"Nayeli","candidato_apellidos":"Heller","candidato_foto_url":"\/candidatos\/avatar-persona.svg","candidatura_total_votos_numero":"0","candidatura_total_votos_casilla":"0","candidatura_total_votos_anticipados":"0","candidatura_total_votos_porcentaje":"0.0000","candidatura_nombre":"CAND_IND_4","candidatura_logo":"\/emblemas\/CAND_IND_4.jpeg","seleccionado":false},{"candidato_id":39,"candidato_nombre":"Dejah","candidato_apellidos":"Pouros","candidato_foto_url":"\/candidatos\/avatar-persona.svg","candidatura_total_votos_numero":"0","candidatura_total_votos_casilla":"0","candidatura_total_votos_anticipados":"0","candidatura_total_votos_porcentaje":"0.0000","candidatura_nombre":"PT-MORENA","candidatura_logo":"\/emblemas\/PT-MORENA.jpeg","seleccionado":false}]},{"distrito_id":"2","candidato_id_con_mayor_numero_votos":0,"mayor_numero_votos_numero":0,"datos_candidaturas":[{"candidato_id":188,"candidato_nombre":"Gia","candidato_apellidos":"Fadel","candidato_foto_url":"\/candidatos\/avatar-persona.svg","candidatura_total_votos_numero":"0","candidatura_total_votos_casilla":"0","candidatura_total_votos_anticipados":"0","candidatura_total_votos_porcentaje":"0.0000","candidatura_nombre":"PAN-PRI-PRD-PRS-PHBCS","candidatura_logo":"\/emblemas\/PAN-PRI-PRD-PRS-PHBCS.jpeg","seleccionado":false},{"candidato_id":53,"candidato_nombre":"Shanel","candidato_apellidos":"Volkman","candidato_foto_url":"\/candidatos\/avatar-persona.svg","candidatura_total_votos_numero":"0","candidatura_total_votos_casilla":"0","candidatura_total_votos_anticipados":"0","candidatura_total_votos_porcentaje":"0.0000","candidatura_nombre":"PVEM","candidatura_logo":"\/emblemas\/PVEM.jpeg","seleccionado":false},{"candidato_id":90,"candidato_nombre":"Garland","candidato_apellidos":"Kemmer","candidato_foto_url":"\/candidatos\/avatar-persona.svg","candidatura_total_votos_numero":"0","candidatura_total_votos_casilla":"0","candidatura_total_votos_anticipados":"0","candidatura_total_votos_porcentaje":"0.0000","candidatura_nombre":"MC","candidatura_logo":"\/emblemas\/MC.jpeg","seleccionado":false},{"candidato_id":477,"candidato_nombre":"Hassie","candidato_apellidos":"Kirlin","candidato_foto_url":"\/candidatos\/avatar-persona.svg","candidatura_total_votos_numero":"0","candidatura_total_votos_casilla":"0","candidatura_total_votos_anticipados":"0","candidatura_total_votos_porcentaje":"0.0000","candidatura_nombre":"BCSC","candidatura_logo":"\/emblemas\/BCSC.jpeg","seleccionado":false},{"candidato_id":139,"candidato_nombre":"Lowell","candidato_apellidos":"Hintz","candidato_foto_url":"\/candidatos\/avatar-persona.svg","candidatura_total_votos_numero":"0","candidatura_total_votos_casilla":"0","candidatura_total_votos_anticipados":"0","candidatura_total_votos_porcentaje":"0.0000","candidatura_nombre":"PNABCS","candidatura_logo":"\/emblemas\/PNABCS.jpeg","seleccionado":false},{"candidato_id":46,"candidato_nombre":"Pablo","candidato_apellidos":"Deckow","candidato_foto_url":"\/candidatos\/avatar-persona.svg","candidatura_total_votos_numero":"0","candidatura_total_votos_casilla":"0","candidatura_total_votos_anticipados":"0","candidatura_total_votos_porcentaje":"0.0000","candidatura_nombre":"PES","candidatura_logo":"\/emblemas\/PES.png","seleccionado":false},{"candidato_id":697,"candidato_nombre":"Laurine","candidato_apellidos":"Pollich","candidato_foto_url":"\/candidatos\/avatar-persona.svg","candidatura_total_votos_numero":"0","candidatura_total_votos_casilla":"0","candidatura_total_votos_anticipados":"0","candidatura_total_votos_porcentaje":"0.0000","candidatura_nombre":"RSP","candidatura_logo":"\/emblemas\/RSP.jpeg","seleccionado":false},{"candidato_id":1001,"candidato_nombre":"Savion","candidato_apellidos":"Sporer","candidato_foto_url":"\/candidatos\/avatar-persona.svg","candidatura_total_votos_numero":"0","candidatura_total_votos_casilla":"0","candidatura_total_votos_anticipados":"0","candidatura_total_votos_porcentaje":"0.0000","candidatura_nombre":"FXM","candidatura_logo":"\/emblemas\/FXM.jpg","seleccionado":false},{"candidato_id":1016,"candidato_nombre":"Nayeli","candidato_apellidos":"Heller","candidato_foto_url":"\/candidatos\/avatar-persona.svg","candidatura_total_votos_numero":"0","candidatura_total_votos_casilla":"0","candidatura_total_votos_anticipados":"0","candidatura_total_votos_porcentaje":"0.0000","candidatura_nombre":"CAND_IND_4","candidatura_logo":"\/emblemas\/CAND_IND_4.jpeg","seleccionado":false},{"candidato_id":39,"candidato_nombre":"Dejah","candidato_apellidos":"Pouros","candidato_foto_url":"\/candidatos\/avatar-persona.svg","candidatura_total_votos_numero":"0","candidatura_total_votos_casilla":"0","candidatura_total_votos_anticipados":"0","candidatura_total_votos_porcentaje":"0.0000","candidatura_nombre":"PT-MORENA","candidatura_logo":"\/emblemas\/PT-MORENA.jpeg","seleccionado":false}]},{"distrito_id":"3","candidato_id_con_mayor_numero_votos":0,"mayor_numero_votos_numero":0,"datos_candidaturas":[{"candidato_id":188,"candidato_nombre":"Gia","candidato_apellidos":"Fadel","candidato_foto_url":"\/candidatos\/avatar-persona.svg","candidatura_total_votos_numero":"0","candidatura_total_votos_casilla":"0","candidatura_total_votos_anticipados":"0","candidatura_total_votos_porcentaje":"0.0000","candidatura_nombre":"PAN-PRI-PRD-PRS-PHBCS","candidatura_logo":"\/emblemas\/PAN-PRI-PRD-PRS-PHBCS.jpeg","seleccionado":false},{"candidato_id":53,"candidato_nombre":"Shanel","candidato_apellidos":"Volkman","candidato_foto_url":"\/candidatos\/avatar-persona.svg","candidatura_total_votos_numero":"0","candidatura_total_votos_casilla":"0","candidatura_total_votos_anticipados":"0","candidatura_total_votos_porcentaje":"0.0000","candidatura_nombre":"PVEM","candidatura_logo":"\/emblemas\/PVEM.jpeg","seleccionado":false},{"candidato_id":90,"candidato_nombre":"Garland","candidato_apellidos":"Kemmer","candidato_foto_url":"\/candidatos\/avatar-persona.svg","candidatura_total_votos_numero":"0","candidatura_total_votos_casilla":"0","candidatura_total_votos_anticipados":"0","candidatura_total_votos_porcentaje":"0.0000","candidatura_nombre":"MC","candidatura_logo":"\/emblemas\/MC.jpeg","seleccionado":false},{"candidato_id":477,"candidato_nombre":"Hassie","candidato_apellidos":"Kirlin","candidato_foto_url":"\/candidatos\/avatar-persona.svg","candidatura_total_votos_numero":"0","candidatura_total_votos_casilla":"0","candidatura_total_votos_anticipados":"0","candidatura_total_votos_porcentaje":"0.0000","candidatura_nombre":"BCSC","candidatura_logo":"\/emblemas\/BCSC.jpeg","seleccionado":false},{"candidato_id":139,"candidato_nombre":"Lowell","candidato_apellidos":"Hintz","candidato_foto_url":"\/candidatos\/avatar-persona.svg","candidatura_total_votos_numero":"0","candidatura_total_votos_casilla":"0","candidatura_total_votos_anticipados":"0","candidatura_total_votos_porcentaje":"0.0000","candidatura_nombre":"PNABCS","candidatura_logo":"\/emblemas\/PNABCS.jpeg","seleccionado":false},{"candidato_id":46,"candidato_nombre":"Pablo","candidato_apellidos":"Deckow","candidato_foto_url":"\/candidatos\/avatar-persona.svg","candidatura_total_votos_numero":"0","candidatura_total_votos_casilla":"0","candidatura_total_votos_anticipados":"0","candidatura_total_votos_porcentaje":"0.0000","candidatura_nombre":"PES","candidatura_logo":"\/emblemas\/PES.png","seleccionado":false},{"candidato_id":697,"candidato_nombre":"Laurine","candidato_apellidos":"Pollich","candidato_foto_url":"\/candidatos\/avatar-persona.svg","candidatura_total_votos_numero":"0","candidatura_total_votos_casilla":"0","candidatura_total_votos_anticipados":"0","candidatura_total_votos_porcentaje":"0.0000","candidatura_nombre":"RSP","candidatura_logo":"\/emblemas\/RSP.jpeg","seleccionado":false},{"candidato_id":1001,"candidato_nombre":"Savion","candidato_apellidos":"Sporer","candidato_foto_url":"\/candidatos\/avatar-persona.svg","candidatura_total_votos_numero":"0","candidatura_total_votos_casilla":"0","candidatura_total_votos_anticipados":"0","candidatura_total_votos_porcentaje":"0.0000","candidatura_nombre":"FXM","candidatura_logo":"\/emblemas\/FXM.jpg","seleccionado":false},{"candidato_id":1016,"candidato_nombre":"Nayeli","candidato_apellidos":"Heller","candidato_foto_url":"\/candidatos\/avatar-persona.svg","candidatura_total_votos_numero":"0","candidatura_total_votos_casilla":"0","candidatura_total_votos_anticipados":"0","candidatura_total_votos_porcentaje":"0.0000","candidatura_nombre":"CAND_IND_4","candidatura_logo":"\/emblemas\/CAND_IND_4.jpeg","seleccionado":false},{"candidato_id":39,"candidato_nombre":"Dejah","candidato_apellidos":"Pouros","candidato_foto_url":"\/candidatos\/avatar-persona.svg","candidatura_total_votos_numero":"0","candidatura_total_votos_casilla":"0","candidatura_total_votos_anticipados":"0","candidatura_total_votos_porcentaje":"0.0000","candidatura_nombre":"PT-MORENA","candidatura_logo":"\/emblemas\/PT-MORENA.jpeg","seleccionado":false}]},{"distrito_id":"4","candidato_id_con_mayor_numero_votos":0,"mayor_numero_votos_numero":0,"datos_candidaturas":[{"candidato_id":188,"candidato_nombre":"Gia","candidato_apellidos":"Fadel","candidato_foto_url":"\/candidatos\/avatar-persona.svg","candidatura_total_votos_numero":"0","candidatura_total_votos_casilla":"0","candidatura_total_votos_anticipados":"0","candidatura_total_votos_porcentaje":"0.0000","candidatura_nombre":"PAN-PRI-PRD-PRS-PHBCS","candidatura_logo":"\/emblemas\/PAN-PRI-PRD-PRS-PHBCS.jpeg","seleccionado":false},{"candidato_id":53,"candidato_nombre":"Shanel","candidato_apellidos":"Volkman","candidato_foto_url":"\/candidatos\/avatar-persona.svg","candidatura_total_votos_numero":"0","candidatura_total_votos_casilla":"0","candidatura_total_votos_anticipados":"0","candidatura_total_votos_porcentaje":"0.0000","candidatura_nombre":"PVEM","candidatura_logo":"\/emblemas\/PVEM.jpeg","seleccionado":false},{"candidato_id":90,"candidato_nombre":"Garland","candidato_apellidos":"Kemmer","candidato_foto_url":"\/candidatos\/avatar-persona.svg","candidatura_total_votos_numero":"0","candidatura_total_votos_casilla":"0","candidatura_total_votos_anticipados":"0","candidatura_total_votos_porcentaje":"0.0000","candidatura_nombre":"MC","candidatura_logo":"\/emblemas\/MC.jpeg","seleccionado":false},{"candidato_id":477,"candidato_nombre":"Hassie","candidato_apellidos":"Kirlin","candidato_foto_url":"\/candidatos\/avatar-persona.svg","candidatura_total_votos_numero":"0","candidatura_total_votos_casilla":"0","candidatura_total_votos_anticipados":"0","candidatura_total_votos_porcentaje":"0.0000","candidatura_nombre":"BCSC","candidatura_logo":"\/emblemas\/BCSC.jpeg","seleccionado":false},{"candidato_id":139,"candidato_nombre":"Lowell","candidato_apellidos":"Hintz","candidato_foto_url":"\/candidatos\/avatar-persona.svg","candidatura_total_votos_numero":"0","candidatura_total_votos_casilla":"0","candidatura_total_votos_anticipados":"0","candidatura_total_votos_porcentaje":"0.0000","candidatura_nombre":"PNABCS","candidatura_logo":"\/emblemas\/PNABCS.jpeg","seleccionado":false},{"candidato_id":46,"candidato_nombre":"Pablo","candidato_apellidos":"Deckow","candidato_foto_url":"\/candidatos\/avatar-persona.svg","candidatura_total_votos_numero":"0","candidatura_total_votos_casilla":"0","candidatura_total_votos_anticipados":"0","candidatura_total_votos_porcentaje":"0.0000","candidatura_nombre":"PES","candidatura_logo":"\/emblemas\/PES.png","seleccionado":false},{"candidato_id":697,"candidato_nombre":"Laurine","candidato_apellidos":"Pollich","candidato_foto_url":"\/candidatos\/avatar-persona.svg","candidatura_total_votos_numero":"0","candidatura_total_votos_casilla":"0","candidatura_total_votos_anticipados":"0","candidatura_total_votos_porcentaje":"0.0000","candidatura_nombre":"RSP","candidatura_logo":"\/emblemas\/RSP.jpeg","seleccionado":false},{"candidato_id":1001,"candidato_nombre":"Savion","candidato_apellidos":"Sporer","candidato_foto_url":"\/candidatos\/avatar-persona.svg","candidatura_total_votos_numero":"0","candidatura_total_votos_casilla":"0","candidatura_total_votos_anticipados":"0","candidatura_total_votos_porcentaje":"0.0000","candidatura_nombre":"FXM","candidatura_logo":"\/emblemas\/FXM.jpg","seleccionado":false},{"candidato_id":1016,"candidato_nombre":"Nayeli","candidato_apellidos":"Heller","candidato_foto_url":"\/candidatos\/avatar-persona.svg","candidatura_total_votos_numero":"0","candidatura_total_votos_casilla":"0","candidatura_total_votos_anticipados":"0","candidatura_total_votos_porcentaje":"0.0000","candidatura_nombre":"CAND_IND_4","candidatura_logo":"\/emblemas\/CAND_IND_4.jpeg","seleccionado":false},{"candidato_id":39,"candidato_nombre":"Dejah","candidato_apellidos":"Pouros","candidato_foto_url":"\/candidatos\/avatar-persona.svg","candidatura_total_votos_numero":"0","candidatura_total_votos_casilla":"0","candidatura_total_votos_anticipados":"0","candidatura_total_votos_porcentaje":"0.0000","candidatura_nombre":"PT-MORENA","candidatura_logo":"\/emblemas\/PT-MORENA.jpeg","seleccionado":false}]},{"distrito_id":"5","candidato_id_con_mayor_numero_votos":0,"mayor_numero_votos_numero":0,"datos_candidaturas":[{"candidato_id":188,"candidato_nombre":"Gia","candidato_apellidos":"Fadel","candidato_foto_url":"\/candidatos\/avatar-persona.svg","candidatura_total_votos_numero":"0","candidatura_total_votos_casilla":"0","candidatura_total_votos_anticipados":"0","candidatura_total_votos_porcentaje":"0.0000","candidatura_nombre":"PAN-PRI-PRD-PRS-PHBCS","candidatura_logo":"\/emblemas\/PAN-PRI-PRD-PRS-PHBCS.jpeg","seleccionado":false},{"candidato_id":53,"candidato_nombre":"Shanel","candidato_apellidos":"Volkman","candidato_foto_url":"\/candidatos\/avatar-persona.svg","candidatura_total_votos_numero":"0","candidatura_total_votos_casilla":"0","candidatura_total_votos_anticipados":"0","candidatura_total_votos_porcentaje":"0.0000","candidatura_nombre":"PVEM","candidatura_logo":"\/emblemas\/PVEM.jpeg","seleccionado":false},{"candidato_id":90,"candidato_nombre":"Garland","candidato_apellidos":"Kemmer","candidato_foto_url":"\/candidatos\/avatar-persona.svg","candidatura_total_votos_numero":"0","candidatura_total_votos_casilla":"0","candidatura_total_votos_anticipados":"0","candidatura_total_votos_porcentaje":"0.0000","candidatura_nombre":"MC","candidatura_logo":"\/emblemas\/MC.jpeg","seleccionado":false},{"candidato_id":477,"candidato_nombre":"Hassie","candidato_apellidos":"Kirlin","candidato_foto_url":"\/candidatos\/avatar-persona.svg","candidatura_total_votos_numero":"0","candidatura_total_votos_casilla":"0","candidatura_total_votos_anticipados":"0","candidatura_total_votos_porcentaje":"0.0000","candidatura_nombre":"BCSC","candidatura_logo":"\/emblemas\/BCSC.jpeg","seleccionado":false},{"candidato_id":139,"candidato_nombre":"Lowell","candidato_apellidos":"Hintz","candidato_foto_url":"\/candidatos\/avatar-persona.svg","candidatura_total_votos_numero":"0","candidatura_total_votos_casilla":"0","candidatura_total_votos_anticipados":"0","candidatura_total_votos_porcentaje":"0.0000","candidatura_nombre":"PNABCS","candidatura_logo":"\/emblemas\/PNABCS.jpeg","seleccionado":false},{"candidato_id":46,"candidato_nombre":"Pablo","candidato_apellidos":"Deckow","candidato_foto_url":"\/candidatos\/avatar-persona.svg","candidatura_total_votos_numero":"0","candidatura_total_votos_casilla":"0","candidatura_total_votos_anticipados":"0","candidatura_total_votos_porcentaje":"0.0000","candidatura_nombre":"PES","candidatura_logo":"\/emblemas\/PES.png","seleccionado":false},{"candidato_id":697,"candidato_nombre":"Laurine","candidato_apellidos":"Pollich","candidato_foto_url":"\/candidatos\/avatar-persona.svg","candidatura_total_votos_numero":"0","candidatura_total_votos_casilla":"0","candidatura_total_votos_anticipados":"0","candidatura_total_votos_porcentaje":"0.0000","candidatura_nombre":"RSP","candidatura_logo":"\/emblemas\/RSP.jpeg","seleccionado":false},{"candidato_id":1001,"candidato_nombre":"Savion","candidato_apellidos":"Sporer","candidato_foto_url":"\/candidatos\/avatar-persona.svg","candidatura_total_votos_numero":"0","candidatura_total_votos_casilla":"0","candidatura_total_votos_anticipados":"0","candidatura_total_votos_porcentaje":"0.0000","candidatura_nombre":"FXM","candidatura_logo":"\/emblemas\/FXM.jpg","seleccionado":false},{"candidato_id":1016,"candidato_nombre":"Nayeli","candidato_apellidos":"Heller","candidato_foto_url":"\/candidatos\/avatar-persona.svg","candidatura_total_votos_numero":"0","candidatura_total_votos_casilla":"0","candidatura_total_votos_anticipados":"0","candidatura_total_votos_porcentaje":"0.0000","candidatura_nombre":"CAND_IND_4","candidatura_logo":"\/emblemas\/CAND_IND_4.jpeg","seleccionado":false},{"candidato_id":39,"candidato_nombre":"Dejah","candidato_apellidos":"Pouros","candidato_foto_url":"\/candidatos\/avatar-persona.svg","candidatura_total_votos_numero":"0","candidatura_total_votos_casilla":"0","candidatura_total_votos_anticipados":"0","candidatura_total_votos_porcentaje":"0.0000","candidatura_nombre":"PT-MORENA","candidatura_logo":"\/emblemas\/PT-MORENA.jpeg","seleccionado":false}]},{"distrito_id":"6","candidato_id_con_mayor_numero_votos":0,"mayor_numero_votos_numero":0,"datos_candidaturas":[{"candidato_id":188,"candidato_nombre":"Gia","candidato_apellidos":"Fadel","candidato_foto_url":"\/candidatos\/avatar-persona.svg","candidatura_total_votos_numero":"0","candidatura_total_votos_casilla":"0","candidatura_total_votos_anticipados":"0","candidatura_total_votos_porcentaje":"0.0000","candidatura_nombre":"PAN-PRI-PRD-PRS-PHBCS","candidatura_logo":"\/emblemas\/PAN-PRI-PRD-PRS-PHBCS.jpeg","seleccionado":false},{"candidato_id":53,"candidato_nombre":"Shanel","candidato_apellidos":"Volkman","candidato_foto_url":"\/candidatos\/avatar-persona.svg","candidatura_total_votos_numero":"0","candidatura_total_votos_casilla":"0","candidatura_total_votos_anticipados":"0","candidatura_total_votos_porcentaje":"0.0000","candidatura_nombre":"PVEM","candidatura_logo":"\/emblemas\/PVEM.jpeg","seleccionado":false},{"candidato_id":90,"candidato_nombre":"Garland","candidato_apellidos":"Kemmer","candidato_foto_url":"\/candidatos\/avatar-persona.svg","candidatura_total_votos_numero":"0","candidatura_total_votos_casilla":"0","candidatura_total_votos_anticipados":"0","candidatura_total_votos_porcentaje":"0.0000","candidatura_nombre":"MC","candidatura_logo":"\/emblemas\/MC.jpeg","seleccionado":false},{"candidato_id":477,"candidato_nombre":"Hassie","candidato_apellidos":"Kirlin","candidato_foto_url":"\/candidatos\/avatar-persona.svg","candidatura_total_votos_numero":"0","candidatura_total_votos_casilla":"0","candidatura_total_votos_anticipados":"0","candidatura_total_votos_porcentaje":"0.0000","candidatura_nombre":"BCSC","candidatura_logo":"\/emblemas\/BCSC.jpeg","seleccionado":false},{"candidato_id":139,"candidato_nombre":"Lowell","candidato_apellidos":"Hintz","candidato_foto_url":"\/candidatos\/avatar-persona.svg","candidatura_total_votos_numero":"0","candidatura_total_votos_casilla":"0","candidatura_total_votos_anticipados":"0","candidatura_total_votos_porcentaje":"0.0000","candidatura_nombre":"PNABCS","candidatura_logo":"\/emblemas\/PNABCS.jpeg","seleccionado":false},{"candidato_id":46,"candidato_nombre":"Pablo","candidato_apellidos":"Deckow","candidato_foto_url":"\/candidatos\/avatar-persona.svg","candidatura_total_votos_numero":"0","candidatura_total_votos_casilla":"0","candidatura_total_votos_anticipados":"0","candidatura_total_votos_porcentaje":"0.0000","candidatura_nombre":"PES","candidatura_logo":"\/emblemas\/PES.png","seleccionado":false},{"candidato_id":697,"candidato_nombre":"Laurine","candidato_apellidos":"Pollich","candidato_foto_url":"\/candidatos\/avatar-persona.svg","candidatura_total_votos_numero":"0","candidatura_total_votos_casilla":"0","candidatura_total_votos_anticipados":"0","candidatura_total_votos_porcentaje":"0.0000","candidatura_nombre":"RSP","candidatura_logo":"\/emblemas\/RSP.jpeg","seleccionado":false},{"candidato_id":1001,"candidato_nombre":"Savion","candidato_apellidos":"Sporer","candidato_foto_url":"\/candidatos\/avatar-persona.svg","candidatura_total_votos_numero":"0","candidatura_total_votos_casilla":"0","candidatura_total_votos_anticipados":"0","candidatura_total_votos_porcentaje":"0.0000","candidatura_nombre":"FXM","candidatura_logo":"\/emblemas\/FXM.jpg","seleccionado":false},{"candidato_id":1016,"candidato_nombre":"Nayeli","candidato_apellidos":"Heller","candidato_foto_url":"\/candidatos\/avatar-persona.svg","candidatura_total_votos_numero":"0","candidatura_total_votos_casilla":"0","candidatura_total_votos_anticipados":"0","candidatura_total_votos_porcentaje":"0.0000","candidatura_nombre":"CAND_IND_4","candidatura_logo":"\/emblemas\/CAND_IND_4.jpeg","seleccionado":false},{"candidato_id":39,"candidato_nombre":"Dejah","candidato_apellidos":"Pouros","candidato_foto_url":"\/candidatos\/avatar-persona.svg","candidatura_total_votos_numero":"0","candidatura_total_votos_casilla":"0","candidatura_total_votos_anticipados":"0","candidatura_total_votos_porcentaje":"0.0000","candidatura_nombre":"PT-MORENA","candidatura_logo":"\/emblemas\/PT-MORENA.jpeg","seleccionado":false}]},{"distrito_id":"7","candidato_id_con_mayor_numero_votos":0,"mayor_numero_votos_numero":0,"datos_candidaturas":[{"candidato_id":188,"candidato_nombre":"Gia","candidato_apellidos":"Fadel","candidato_foto_url":"\/candidatos\/avatar-persona.svg","candidatura_total_votos_numero":"0","candidatura_total_votos_casilla":"0","candidatura_total_votos_anticipados":"0","candidatura_total_votos_porcentaje":"0.0000","candidatura_nombre":"PAN-PRI-PRD-PRS-PHBCS","candidatura_logo":"\/emblemas\/PAN-PRI-PRD-PRS-PHBCS.jpeg","seleccionado":false},{"candidato_id":53,"candidato_nombre":"Shanel","candidato_apellidos":"Volkman","candidato_foto_url":"\/candidatos\/avatar-persona.svg","candidatura_total_votos_numero":"0","candidatura_total_votos_casilla":"0","candidatura_total_votos_anticipados":"0","candidatura_total_votos_porcentaje":"0.0000","candidatura_nombre":"PVEM","candidatura_logo":"\/emblemas\/PVEM.jpeg","seleccionado":false},{"candidato_id":90,"candidato_nombre":"Garland","candidato_apellidos":"Kemmer","candidato_foto_url":"\/candidatos\/avatar-persona.svg","candidatura_total_votos_numero":"0","candidatura_total_votos_casilla":"0","candidatura_total_votos_anticipados":"0","candidatura_total_votos_porcentaje":"0.0000","candidatura_nombre":"MC","candidatura_logo":"\/emblemas\/MC.jpeg","seleccionado":false},{"candidato_id":477,"candidato_nombre":"Hassie","candidato_apellidos":"Kirlin","candidato_foto_url":"\/candidatos\/avatar-persona.svg","candidatura_total_votos_numero":"0","candidatura_total_votos_casilla":"0","candidatura_total_votos_anticipados":"0","candidatura_total_votos_porcentaje":"0.0000","candidatura_nombre":"BCSC","candidatura_logo":"\/emblemas\/BCSC.jpeg","seleccionado":false},{"candidato_id":139,"candidato_nombre":"Lowell","candidato_apellidos":"Hintz","candidato_foto_url":"\/candidatos\/avatar-persona.svg","candidatura_total_votos_numero":"0","candidatura_total_votos_casilla":"0","candidatura_total_votos_anticipados":"0","candidatura_total_votos_porcentaje":"0.0000","candidatura_nombre":"PNABCS","candidatura_logo":"\/emblemas\/PNABCS.jpeg","seleccionado":false},{"candidato_id":46,"candidato_nombre":"Pablo","candidato_apellidos":"Deckow","candidato_foto_url":"\/candidatos\/avatar-persona.svg","candidatura_total_votos_numero":"0","candidatura_total_votos_casilla":"0","candidatura_total_votos_anticipados":"0","candidatura_total_votos_porcentaje":"0.0000","candidatura_nombre":"PES","candidatura_logo":"\/emblemas\/PES.png","seleccionado":false},{"candidato_id":697,"candidato_nombre":"Laurine","candidato_apellidos":"Pollich","candidato_foto_url":"\/candidatos\/avatar-persona.svg","candidatura_total_votos_numero":"0","candidatura_total_votos_casilla":"0","candidatura_total_votos_anticipados":"0","candidatura_total_votos_porcentaje":"0.0000","candidatura_nombre":"RSP","candidatura_logo":"\/emblemas\/RSP.jpeg","seleccionado":false},{"candidato_id":1001,"candidato_nombre":"Savion","candidato_apellidos":"Sporer","candidato_foto_url":"\/candidatos\/avatar-persona.svg","candidatura_total_votos_numero":"0","candidatura_total_votos_casilla":"0","candidatura_total_votos_anticipados":"0","candidatura_total_votos_porcentaje":"0.0000","candidatura_nombre":"FXM","candidatura_logo":"\/emblemas\/FXM.jpg","seleccionado":false},{"candidato_id":1016,"candidato_nombre":"Nayeli","candidato_apellidos":"Heller","candidato_foto_url":"\/candidatos\/avatar-persona.svg","candidatura_total_votos_numero":"0","candidatura_total_votos_casilla":"0","candidatura_total_votos_anticipados":"0","candidatura_total_votos_porcentaje":"0.0000","candidatura_nombre":"CAND_IND_4","candidatura_logo":"\/emblemas\/CAND_IND_4.jpeg","seleccionado":false},{"candidato_id":39,"candidato_nombre":"Dejah","candidato_apellidos":"Pouros","candidato_foto_url":"\/candidatos\/avatar-persona.svg","candidatura_total_votos_numero":"0","candidatura_total_votos_casilla":"0","candidatura_total_votos_anticipados":"0","candidatura_total_votos_porcentaje":"0.0000","candidatura_nombre":"PT-MORENA","candidatura_logo":"\/emblemas\/PT-MORENA.jpeg","seleccionado":false}]},{"distrito_id":"8","candidato_id_con_mayor_numero_votos":0,"mayor_numero_votos_numero":0,"datos_candidaturas":[{"candidato_id":188,"candidato_nombre":"Gia","candidato_apellidos":"Fadel","candidato_foto_url":"\/candidatos\/avatar-persona.svg","candidatura_total_votos_numero":"0","candidatura_total_votos_casilla":"0","candidatura_total_votos_anticipados":"0","candidatura_total_votos_porcentaje":"0.0000","candidatura_nombre":"PAN-PRI-PRD-PRS-PHBCS","candidatura_logo":"\/emblemas\/PAN-PRI-PRD-PRS-PHBCS.jpeg","seleccionado":false},{"candidato_id":53,"candidato_nombre":"Shanel","candidato_apellidos":"Volkman","candidato_foto_url":"\/candidatos\/avatar-persona.svg","candidatura_total_votos_numero":"0","candidatura_total_votos_casilla":"0","candidatura_total_votos_anticipados":"0","candidatura_total_votos_porcentaje":"0.0000","candidatura_nombre":"PVEM","candidatura_logo":"\/emblemas\/PVEM.jpeg","seleccionado":false},{"candidato_id":90,"candidato_nombre":"Garland","candidato_apellidos":"Kemmer","candidato_foto_url":"\/candidatos\/avatar-persona.svg","candidatura_total_votos_numero":"0","candidatura_total_votos_casilla":"0","candidatura_total_votos_anticipados":"0","candidatura_total_votos_porcentaje":"0.0000","candidatura_nombre":"MC","candidatura_logo":"\/emblemas\/MC.jpeg","seleccionado":false},{"candidato_id":477,"candidato_nombre":"Hassie","candidato_apellidos":"Kirlin","candidato_foto_url":"\/candidatos\/avatar-persona.svg","candidatura_total_votos_numero":"0","candidatura_total_votos_casilla":"0","candidatura_total_votos_anticipados":"0","candidatura_total_votos_porcentaje":"0.0000","candidatura_nombre":"BCSC","candidatura_logo":"\/emblemas\/BCSC.jpeg","seleccionado":false},{"candidato_id":139,"candidato_nombre":"Lowell","candidato_apellidos":"Hintz","candidato_foto_url":"\/candidatos\/avatar-persona.svg","candidatura_total_votos_numero":"0","candidatura_total_votos_casilla":"0","candidatura_total_votos_anticipados":"0","candidatura_total_votos_porcentaje":"0.0000","candidatura_nombre":"PNABCS","candidatura_logo":"\/emblemas\/PNABCS.jpeg","seleccionado":false},{"candidato_id":46,"candidato_nombre":"Pablo","candidato_apellidos":"Deckow","candidato_foto_url":"\/candidatos\/avatar-persona.svg","candidatura_total_votos_numero":"0","candidatura_total_votos_casilla":"0","candidatura_total_votos_anticipados":"0","candidatura_total_votos_porcentaje":"0.0000","candidatura_nombre":"PES","candidatura_logo":"\/emblemas\/PES.png","seleccionado":false},{"candidato_id":697,"candidato_nombre":"Laurine","candidato_apellidos":"Pollich","candidato_foto_url":"\/candidatos\/avatar-persona.svg","candidatura_total_votos_numero":"0","candidatura_total_votos_casilla":"0","candidatura_total_votos_anticipados":"0","candidatura_total_votos_porcentaje":"0.0000","candidatura_nombre":"RSP","candidatura_logo":"\/emblemas\/RSP.jpeg","seleccionado":false},{"candidato_id":1001,"candidato_nombre":"Savion","candidato_apellidos":"Sporer","candidato_foto_url":"\/candidatos\/avatar-persona.svg","candidatura_total_votos_numero":"0","candidatura_total_votos_casilla":"0","candidatura_total_votos_anticipados":"0","candidatura_total_votos_porcentaje":"0.0000","candidatura_nombre":"FXM","candidatura_logo":"\/emblemas\/FXM.jpg","seleccionado":false},{"candidato_id":1016,"candidato_nombre":"Nayeli","candidato_apellidos":"Heller","candidato_foto_url":"\/candidatos\/avatar-persona.svg","candidatura_total_votos_numero":"0","candidatura_total_votos_casilla":"0","candidatura_total_votos_anticipados":"0","candidatura_total_votos_porcentaje":"0.0000","candidatura_nombre":"CAND_IND_4","candidatura_logo":"\/emblemas\/CAND_IND_4.jpeg","seleccionado":false},{"candidato_id":39,"candidato_nombre":"Dejah","candidato_apellidos":"Pouros","candidato_foto_url":"\/candidatos\/avatar-persona.svg","candidatura_total_votos_numero":"0","candidatura_total_votos_casilla":"0","candidatura_total_votos_anticipados":"0","candidatura_total_votos_porcentaje":"0.0000","candidatura_nombre":"PT-MORENA","candidatura_logo":"\/emblemas\/PT-MORENA.jpeg","seleccionado":false}]},{"distrito_id":"9","candidato_id_con_mayor_numero_votos":0,"mayor_numero_votos_numero":0,"datos_candidaturas":[{"candidato_id":188,"candidato_nombre":"Gia","candidato_apellidos":"Fadel","candidato_foto_url":"\/candidatos\/avatar-persona.svg","candidatura_total_votos_numero":"0","candidatura_total_votos_casilla":"0","candidatura_total_votos_anticipados":"0","candidatura_total_votos_porcentaje":"0.0000","candidatura_nombre":"PAN-PRI-PRD-PRS-PHBCS","candidatura_logo":"\/emblemas\/PAN-PRI-PRD-PRS-PHBCS.jpeg","seleccionado":false},{"candidato_id":53,"candidato_nombre":"Shanel","candidato_apellidos":"Volkman","candidato_foto_url":"\/candidatos\/avatar-persona.svg","candidatura_total_votos_numero":"0","candidatura_total_votos_casilla":"0","candidatura_total_votos_anticipados":"0","candidatura_total_votos_porcentaje":"0.0000","candidatura_nombre":"PVEM","candidatura_logo":"\/emblemas\/PVEM.jpeg","seleccionado":false},{"candidato_id":90,"candidato_nombre":"Garland","candidato_apellidos":"Kemmer","candidato_foto_url":"\/candidatos\/avatar-persona.svg","candidatura_total_votos_numero":"0","candidatura_total_votos_casilla":"0","candidatura_total_votos_anticipados":"0","candidatura_total_votos_porcentaje":"0.0000","candidatura_nombre":"MC","candidatura_logo":"\/emblemas\/MC.jpeg","seleccionado":false},{"candidato_id":477,"candidato_nombre":"Hassie","candidato_apellidos":"Kirlin","candidato_foto_url":"\/candidatos\/avatar-persona.svg","candidatura_total_votos_numero":"0","candidatura_total_votos_casilla":"0","candidatura_total_votos_anticipados":"0","candidatura_total_votos_porcentaje":"0.0000","candidatura_nombre":"BCSC","candidatura_logo":"\/emblemas\/BCSC.jpeg","seleccionado":false},{"candidato_id":139,"candidato_nombre":"Lowell","candidato_apellidos":"Hintz","candidato_foto_url":"\/candidatos\/avatar-persona.svg","candidatura_total_votos_numero":"0","candidatura_total_votos_casilla":"0","candidatura_total_votos_anticipados":"0","candidatura_total_votos_porcentaje":"0.0000","candidatura_nombre":"PNABCS","candidatura_logo":"\/emblemas\/PNABCS.jpeg","seleccionado":false},{"candidato_id":46,"candidato_nombre":"Pablo","candidato_apellidos":"Deckow","candidato_foto_url":"\/candidatos\/avatar-persona.svg","candidatura_total_votos_numero":"0","candidatura_total_votos_casilla":"0","candidatura_total_votos_anticipados":"0","candidatura_total_votos_porcentaje":"0.0000","candidatura_nombre":"PES","candidatura_logo":"\/emblemas\/PES.png","seleccionado":false},{"candidato_id":697,"candidato_nombre":"Laurine","candidato_apellidos":"Pollich","candidato_foto_url":"\/candidatos\/avatar-persona.svg","candidatura_total_votos_numero":"0","candidatura_total_votos_casilla":"0","candidatura_total_votos_anticipados":"0","candidatura_total_votos_porcentaje":"0.0000","candidatura_nombre":"RSP","candidatura_logo":"\/emblemas\/RSP.jpeg","seleccionado":false},{"candidato_id":1001,"candidato_nombre":"Savion","candidato_apellidos":"Sporer","candidato_foto_url":"\/candidatos\/avatar-persona.svg","candidatura_total_votos_numero":"0","candidatura_total_votos_casilla":"0","candidatura_total_votos_anticipados":"0","candidatura_total_votos_porcentaje":"0.0000","candidatura_nombre":"FXM","candidatura_logo":"\/emblemas\/FXM.jpg","seleccionado":false},{"candidato_id":1016,"candidato_nombre":"Nayeli","candidato_apellidos":"Heller","candidato_foto_url":"\/candidatos\/avatar-persona.svg","candidatura_total_votos_numero":"0","candidatura_total_votos_casilla":"0","candidatura_total_votos_anticipados":"0","candidatura_total_votos_porcentaje":"0.0000","candidatura_nombre":"CAND_IND_4","candidatura_logo":"\/emblemas\/CAND_IND_4.jpeg","seleccionado":false},{"candidato_id":39,"candidato_nombre":"Dejah","candidato_apellidos":"Pouros","candidato_foto_url":"\/candidatos\/avatar-persona.svg","candidatura_total_votos_numero":"0","candidatura_total_votos_casilla":"0","candidatura_total_votos_anticipados":"0","candidatura_total_votos_porcentaje":"0.0000","candidatura_nombre":"PT-MORENA","candidatura_logo":"\/emblemas\/PT-MORENA.jpeg","seleccionado":false}]},{"distrito_id":"10","candidato_id_con_mayor_numero_votos":0,"mayor_numero_votos_numero":0,"datos_candidaturas":[{"candidato_id":188,"candidato_nombre":"Gia","candidato_apellidos":"Fadel","candidato_foto_url":"\/candidatos\/avatar-persona.svg","candidatura_total_votos_numero":"0","candidatura_total_votos_casilla":"0","candidatura_total_votos_anticipados":"0","candidatura_total_votos_porcentaje":"0.0000","candidatura_nombre":"PAN-PRI-PRD-PRS-PHBCS","candidatura_logo":"\/emblemas\/PAN-PRI-PRD-PRS-PHBCS.jpeg","seleccionado":false},{"candidato_id":53,"candidato_nombre":"Shanel","candidato_apellidos":"Volkman","candidato_foto_url":"\/candidatos\/avatar-persona.svg","candidatura_total_votos_numero":"0","candidatura_total_votos_casilla":"0","candidatura_total_votos_anticipados":"0","candidatura_total_votos_porcentaje":"0.0000","candidatura_nombre":"PVEM","candidatura_logo":"\/emblemas\/PVEM.jpeg","seleccionado":false},{"candidato_id":90,"candidato_nombre":"Garland","candidato_apellidos":"Kemmer","candidato_foto_url":"\/candidatos\/avatar-persona.svg","candidatura_total_votos_numero":"0","candidatura_total_votos_casilla":"0","candidatura_total_votos_anticipados":"0","candidatura_total_votos_porcentaje":"0.0000","candidatura_nombre":"MC","candidatura_logo":"\/emblemas\/MC.jpeg","seleccionado":false},{"candidato_id":477,"candidato_nombre":"Hassie","candidato_apellidos":"Kirlin","candidato_foto_url":"\/candidatos\/avatar-persona.svg","candidatura_total_votos_numero":"0","candidatura_total_votos_casilla":"0","candidatura_total_votos_anticipados":"0","candidatura_total_votos_porcentaje":"0.0000","candidatura_nombre":"BCSC","candidatura_logo":"\/emblemas\/BCSC.jpeg","seleccionado":false},{"candidato_id":139,"candidato_nombre":"Lowell","candidato_apellidos":"Hintz","candidato_foto_url":"\/candidatos\/avatar-persona.svg","candidatura_total_votos_numero":"0","candidatura_total_votos_casilla":"0","candidatura_total_votos_anticipados":"0","candidatura_total_votos_porcentaje":"0.0000","candidatura_nombre":"PNABCS","candidatura_logo":"\/emblemas\/PNABCS.jpeg","seleccionado":false},{"candidato_id":46,"candidato_nombre":"Pablo","candidato_apellidos":"Deckow","candidato_foto_url":"\/candidatos\/avatar-persona.svg","candidatura_total_votos_numero":"0","candidatura_total_votos_casilla":"0","candidatura_total_votos_anticipados":"0","candidatura_total_votos_porcentaje":"0.0000","candidatura_nombre":"PES","candidatura_logo":"\/emblemas\/PES.png","seleccionado":false},{"candidato_id":697,"candidato_nombre":"Laurine","candidato_apellidos":"Pollich","candidato_foto_url":"\/candidatos\/avatar-persona.svg","candidatura_total_votos_numero":"0","candidatura_total_votos_casilla":"0","candidatura_total_votos_anticipados":"0","candidatura_total_votos_porcentaje":"0.0000","candidatura_nombre":"RSP","candidatura_logo":"\/emblemas\/RSP.jpeg","seleccionado":false},{"candidato_id":1001,"candidato_nombre":"Savion","candidato_apellidos":"Sporer","candidato_foto_url":"\/candidatos\/avatar-persona.svg","candidatura_total_votos_numero":"0","candidatura_total_votos_casilla":"0","candidatura_total_votos_anticipados":"0","candidatura_total_votos_porcentaje":"0.0000","candidatura_nombre":"FXM","candidatura_logo":"\/emblemas\/FXM.jpg","seleccionado":false},{"candidato_id":1016,"candidato_nombre":"Nayeli","candidato_apellidos":"Heller","candidato_foto_url":"\/candidatos\/avatar-persona.svg","candidatura_total_votos_numero":"0","candidatura_total_votos_casilla":"0","candidatura_total_votos_anticipados":"0","candidatura_total_votos_porcentaje":"0.0000","candidatura_nombre":"CAND_IND_4","candidatura_logo":"\/emblemas\/CAND_IND_4.jpeg","seleccionado":false},{"candidato_id":39,"candidato_nombre":"Dejah","candidato_apellidos":"Pouros","candidato_foto_url":"\/candidatos\/avatar-persona.svg","candidatura_total_votos_numero":"0","candidatura_total_votos_casilla":"0","candidatura_total_votos_anticipados":"0","candidatura_total_votos_porcentaje":"0.0000","candidatura_nombre":"PT-MORENA","candidatura_logo":"\/emblemas\/PT-MORENA.jpeg","seleccionado":false}]},{"distrito_id":"11","candidato_id_con_mayor_numero_votos":0,"mayor_numero_votos_numero":0,"datos_candidaturas":[{"candidato_id":188,"candidato_nombre":"Gia","candidato_apellidos":"Fadel","candidato_foto_url":"\/candidatos\/avatar-persona.svg","candidatura_total_votos_numero":"0","candidatura_total_votos_casilla":"0","candidatura_total_votos_anticipados":"0","candidatura_total_votos_porcentaje":"0.0000","candidatura_nombre":"PAN-PRI-PRD-PRS-PHBCS","candidatura_logo":"\/emblemas\/PAN-PRI-PRD-PRS-PHBCS.jpeg","seleccionado":false},{"candidato_id":53,"candidato_nombre":"Shanel","candidato_apellidos":"Volkman","candidato_foto_url":"\/candidatos\/avatar-persona.svg","candidatura_total_votos_numero":"0","candidatura_total_votos_casilla":"0","candidatura_total_votos_anticipados":"0","candidatura_total_votos_porcentaje":"0.0000","candidatura_nombre":"PVEM","candidatura_logo":"\/emblemas\/PVEM.jpeg","seleccionado":false},{"candidato_id":90,"candidato_nombre":"Garland","candidato_apellidos":"Kemmer","candidato_foto_url":"\/candidatos\/avatar-persona.svg","candidatura_total_votos_numero":"0","candidatura_total_votos_casilla":"0","candidatura_total_votos_anticipados":"0","candidatura_total_votos_porcentaje":"0.0000","candidatura_nombre":"MC","candidatura_logo":"\/emblemas\/MC.jpeg","seleccionado":false},{"candidato_id":477,"candidato_nombre":"Hassie","candidato_apellidos":"Kirlin","candidato_foto_url":"\/candidatos\/avatar-persona.svg","candidatura_total_votos_numero":"0","candidatura_total_votos_casilla":"0","candidatura_total_votos_anticipados":"0","candidatura_total_votos_porcentaje":"0.0000","candidatura_nombre":"BCSC","candidatura_logo":"\/emblemas\/BCSC.jpeg","seleccionado":false},{"candidato_id":139,"candidato_nombre":"Lowell","candidato_apellidos":"Hintz","candidato_foto_url":"\/candidatos\/avatar-persona.svg","candidatura_total_votos_numero":"0","candidatura_total_votos_casilla":"0","candidatura_total_votos_anticipados":"0","candidatura_total_votos_porcentaje":"0.0000","candidatura_nombre":"PNABCS","candidatura_logo":"\/emblemas\/PNABCS.jpeg","seleccionado":false},{"candidato_id":46,"candidato_nombre":"Pablo","candidato_apellidos":"Deckow","candidato_foto_url":"\/candidatos\/avatar-persona.svg","candidatura_total_votos_numero":"0","candidatura_total_votos_casilla":"0","candidatura_total_votos_anticipados":"0","candidatura_total_votos_porcentaje":"0.0000","candidatura_nombre":"PES","candidatura_logo":"\/emblemas\/PES.png","seleccionado":false},{"candidato_id":697,"candidato_nombre":"Laurine","candidato_apellidos":"Pollich","candidato_foto_url":"\/candidatos\/avatar-persona.svg","candidatura_total_votos_numero":"0","candidatura_total_votos_casilla":"0","candidatura_total_votos_anticipados":"0","candidatura_total_votos_porcentaje":"0.0000","candidatura_nombre":"RSP","candidatura_logo":"\/emblemas\/RSP.jpeg","seleccionado":false},{"candidato_id":1001,"candidato_nombre":"Savion","candidato_apellidos":"Sporer","candidato_foto_url":"\/candidatos\/avatar-persona.svg","candidatura_total_votos_numero":"0","candidatura_total_votos_casilla":"0","candidatura_total_votos_anticipados":"0","candidatura_total_votos_porcentaje":"0.0000","candidatura_nombre":"FXM","candidatura_logo":"\/emblemas\/FXM.jpg","seleccionado":false},{"candidato_id":1016,"candidato_nombre":"Nayeli","candidato_apellidos":"Heller","candidato_foto_url":"\/candidatos\/avatar-persona.svg","candidatura_total_votos_numero":"0","candidatura_total_votos_casilla":"0","candidatura_total_votos_anticipados":"0","candidatura_total_votos_porcentaje":"0.0000","candidatura_nombre":"CAND_IND_4","candidatura_logo":"\/emblemas\/CAND_IND_4.jpeg","seleccionado":false},{"candidato_id":39,"candidato_nombre":"Dejah","candidato_apellidos":"Pouros","candidato_foto_url":"\/candidatos\/avatar-persona.svg","candidatura_total_votos_numero":"0","candidatura_total_votos_casilla":"0","candidatura_total_votos_anticipados":"0","candidatura_total_votos_porcentaje":"0.0000","candidatura_nombre":"PT-MORENA","candidatura_logo":"\/emblemas\/PT-MORENA.jpeg","seleccionado":false}]},{"distrito_id":"12","candidato_id_con_mayor_numero_votos":0,"mayor_numero_votos_numero":0,"datos_candidaturas":[{"candidato_id":188,"candidato_nombre":"Gia","candidato_apellidos":"Fadel","candidato_foto_url":"\/candidatos\/avatar-persona.svg","candidatura_total_votos_numero":"0","candidatura_total_votos_casilla":"0","candidatura_total_votos_anticipados":"0","candidatura_total_votos_porcentaje":"0.0000","candidatura_nombre":"PAN-PRI-PRD-PRS-PHBCS","candidatura_logo":"\/emblemas\/PAN-PRI-PRD-PRS-PHBCS.jpeg","seleccionado":false},{"candidato_id":53,"candidato_nombre":"Shanel","candidato_apellidos":"Volkman","candidato_foto_url":"\/candidatos\/avatar-persona.svg","candidatura_total_votos_numero":"0","candidatura_total_votos_casilla":"0","candidatura_total_votos_anticipados":"0","candidatura_total_votos_porcentaje":"0.0000","candidatura_nombre":"PVEM","candidatura_logo":"\/emblemas\/PVEM.jpeg","seleccionado":false},{"candidato_id":90,"candidato_nombre":"Garland","candidato_apellidos":"Kemmer","candidato_foto_url":"\/candidatos\/avatar-persona.svg","candidatura_total_votos_numero":"0","candidatura_total_votos_casilla":"0","candidatura_total_votos_anticipados":"0","candidatura_total_votos_porcentaje":"0.0000","candidatura_nombre":"MC","candidatura_logo":"\/emblemas\/MC.jpeg","seleccionado":false},{"candidato_id":477,"candidato_nombre":"Hassie","candidato_apellidos":"Kirlin","candidato_foto_url":"\/candidatos\/avatar-persona.svg","candidatura_total_votos_numero":"0","candidatura_total_votos_casilla":"0","candidatura_total_votos_anticipados":"0","candidatura_total_votos_porcentaje":"0.0000","candidatura_nombre":"BCSC","candidatura_logo":"\/emblemas\/BCSC.jpeg","seleccionado":false},{"candidato_id":139,"candidato_nombre":"Lowell","candidato_apellidos":"Hintz","candidato_foto_url":"\/candidatos\/avatar-persona.svg","candidatura_total_votos_numero":"0","candidatura_total_votos_casilla":"0","candidatura_total_votos_anticipados":"0","candidatura_total_votos_porcentaje":"0.0000","candidatura_nombre":"PNABCS","candidatura_logo":"\/emblemas\/PNABCS.jpeg","seleccionado":false},{"candidato_id":46,"candidato_nombre":"Pablo","candidato_apellidos":"Deckow","candidato_foto_url":"\/candidatos\/avatar-persona.svg","candidatura_total_votos_numero":"0","candidatura_total_votos_casilla":"0","candidatura_total_votos_anticipados":"0","candidatura_total_votos_porcentaje":"0.0000","candidatura_nombre":"PES","candidatura_logo":"\/emblemas\/PES.png","seleccionado":false},{"candidato_id":697,"candidato_nombre":"Laurine","candidato_apellidos":"Pollich","candidato_foto_url":"\/candidatos\/avatar-persona.svg","candidatura_total_votos_numero":"0","candidatura_total_votos_casilla":"0","candidatura_total_votos_anticipados":"0","candidatura_total_votos_porcentaje":"0.0000","candidatura_nombre":"RSP","candidatura_logo":"\/emblemas\/RSP.jpeg","seleccionado":false},{"candidato_id":1001,"candidato_nombre":"Savion","candidato_apellidos":"Sporer","candidato_foto_url":"\/candidatos\/avatar-persona.svg","candidatura_total_votos_numero":"0","candidatura_total_votos_casilla":"0","candidatura_total_votos_anticipados":"0","candidatura_total_votos_porcentaje":"0.0000","candidatura_nombre":"FXM","candidatura_logo":"\/emblemas\/FXM.jpg","seleccionado":false},{"candidato_id":1016,"candidato_nombre":"Nayeli","candidato_apellidos":"Heller","candidato_foto_url":"\/candidatos\/avatar-persona.svg","candidatura_total_votos_numero":"0","candidatura_total_votos_casilla":"0","candidatura_total_votos_anticipados":"0","candidatura_total_votos_porcentaje":"0.0000","candidatura_nombre":"CAND_IND_4","candidatura_logo":"\/emblemas\/CAND_IND_4.jpeg","seleccionado":false},{"candidato_id":39,"candidato_nombre":"Dejah","candidato_apellidos":"Pouros","candidato_foto_url":"\/candidatos\/avatar-persona.svg","candidatura_total_votos_numero":"0","candidatura_total_votos_casilla":"0","candidatura_total_votos_anticipados":"0","candidatura_total_votos_porcentaje":"0.0000","candidatura_nombre":"PT-MORENA","candidatura_logo":"\/emblemas\/PT-MORENA.jpeg","seleccionado":false}]},{"distrito_id":"13","candidato_id_con_mayor_numero_votos":0,"mayor_numero_votos_numero":0,"datos_candidaturas":[{"candidato_id":188,"candidato_nombre":"Gia","candidato_apellidos":"Fadel","candidato_foto_url":"\/candidatos\/avatar-persona.svg","candidatura_total_votos_numero":"0","candidatura_total_votos_casilla":"0","candidatura_total_votos_anticipados":"0","candidatura_total_votos_porcentaje":"0.0000","candidatura_nombre":"PAN-PRI-PRD-PRS-PHBCS","candidatura_logo":"\/emblemas\/PAN-PRI-PRD-PRS-PHBCS.jpeg","seleccionado":false},{"candidato_id":53,"candidato_nombre":"Shanel","candidato_apellidos":"Volkman","candidato_foto_url":"\/candidatos\/avatar-persona.svg","candidatura_total_votos_numero":"0","candidatura_total_votos_casilla":"0","candidatura_total_votos_anticipados":"0","candidatura_total_votos_porcentaje":"0.0000","candidatura_nombre":"PVEM","candidatura_logo":"\/emblemas\/PVEM.jpeg","seleccionado":false},{"candidato_id":90,"candidato_nombre":"Garland","candidato_apellidos":"Kemmer","candidato_foto_url":"\/candidatos\/avatar-persona.svg","candidatura_total_votos_numero":"0","candidatura_total_votos_casilla":"0","candidatura_total_votos_anticipados":"0","candidatura_total_votos_porcentaje":"0.0000","candidatura_nombre":"MC","candidatura_logo":"\/emblemas\/MC.jpeg","seleccionado":false},{"candidato_id":477,"candidato_nombre":"Hassie","candidato_apellidos":"Kirlin","candidato_foto_url":"\/candidatos\/avatar-persona.svg","candidatura_total_votos_numero":"0","candidatura_total_votos_casilla":"0","candidatura_total_votos_anticipados":"0","candidatura_total_votos_porcentaje":"0.0000","candidatura_nombre":"BCSC","candidatura_logo":"\/emblemas\/BCSC.jpeg","seleccionado":false},{"candidato_id":139,"candidato_nombre":"Lowell","candidato_apellidos":"Hintz","candidato_foto_url":"\/candidatos\/avatar-persona.svg","candidatura_total_votos_numero":"0","candidatura_total_votos_casilla":"0","candidatura_total_votos_anticipados":"0","candidatura_total_votos_porcentaje":"0.0000","candidatura_nombre":"PNABCS","candidatura_logo":"\/emblemas\/PNABCS.jpeg","seleccionado":false},{"candidato_id":46,"candidato_nombre":"Pablo","candidato_apellidos":"Deckow","candidato_foto_url":"\/candidatos\/avatar-persona.svg","candidatura_total_votos_numero":"0","candidatura_total_votos_casilla":"0","candidatura_total_votos_anticipados":"0","candidatura_total_votos_porcentaje":"0.0000","candidatura_nombre":"PES","candidatura_logo":"\/emblemas\/PES.png","seleccionado":false},{"candidato_id":697,"candidato_nombre":"Laurine","candidato_apellidos":"Pollich","candidato_foto_url":"\/candidatos\/avatar-persona.svg","candidatura_total_votos_numero":"0","candidatura_total_votos_casilla":"0","candidatura_total_votos_anticipados":"0","candidatura_total_votos_porcentaje":"0.0000","candidatura_nombre":"RSP","candidatura_logo":"\/emblemas\/RSP.jpeg","seleccionado":false},{"candidato_id":1001,"candidato_nombre":"Savion","candidato_apellidos":"Sporer","candidato_foto_url":"\/candidatos\/avatar-persona.svg","candidatura_total_votos_numero":"0","candidatura_total_votos_casilla":"0","candidatura_total_votos_anticipados":"0","candidatura_total_votos_porcentaje":"0.0000","candidatura_nombre":"FXM","candidatura_logo":"\/emblemas\/FXM.jpg","seleccionado":false},{"candidato_id":1016,"candidato_nombre":"Nayeli","candidato_apellidos":"Heller","candidato_foto_url":"\/candidatos\/avatar-persona.svg","candidatura_total_votos_numero":"0","candidatura_total_votos_casilla":"0","candidatura_total_votos_anticipados":"0","candidatura_total_votos_porcentaje":"0.0000","candidatura_nombre":"CAND_IND_4","candidatura_logo":"\/emblemas\/CAND_IND_4.jpeg","seleccionado":false},{"candidato_id":39,"candidato_nombre":"Dejah","candidato_apellidos":"Pouros","candidato_foto_url":"\/candidatos\/avatar-persona.svg","candidatura_total_votos_numero":"0","candidatura_total_votos_casilla":"0","candidatura_total_votos_anticipados":"0","candidatura_total_votos_porcentaje":"0.0000","candidatura_nombre":"PT-MORENA","candidatura_logo":"\/emblemas\/PT-MORENA.jpeg","seleccionado":false}]},{"distrito_id":"14","candidato_id_con_mayor_numero_votos":0,"mayor_numero_votos_numero":0,"datos_candidaturas":[{"candidato_id":188,"candidato_nombre":"Gia","candidato_apellidos":"Fadel","candidato_foto_url":"\/candidatos\/avatar-persona.svg","candidatura_total_votos_numero":"0","candidatura_total_votos_casilla":"0","candidatura_total_votos_anticipados":"0","candidatura_total_votos_porcentaje":"0.0000","candidatura_nombre":"PAN-PRI-PRD-PRS-PHBCS","candidatura_logo":"\/emblemas\/PAN-PRI-PRD-PRS-PHBCS.jpeg","seleccionado":false},{"candidato_id":53,"candidato_nombre":"Shanel","candidato_apellidos":"Volkman","candidato_foto_url":"\/candidatos\/avatar-persona.svg","candidatura_total_votos_numero":"0","candidatura_total_votos_casilla":"0","candidatura_total_votos_anticipados":"0","candidatura_total_votos_porcentaje":"0.0000","candidatura_nombre":"PVEM","candidatura_logo":"\/emblemas\/PVEM.jpeg","seleccionado":false},{"candidato_id":90,"candidato_nombre":"Garland","candidato_apellidos":"Kemmer","candidato_foto_url":"\/candidatos\/avatar-persona.svg","candidatura_total_votos_numero":"0","candidatura_total_votos_casilla":"0","candidatura_total_votos_anticipados":"0","candidatura_total_votos_porcentaje":"0.0000","candidatura_nombre":"MC","candidatura_logo":"\/emblemas\/MC.jpeg","seleccionado":false},{"candidato_id":477,"candidato_nombre":"Hassie","candidato_apellidos":"Kirlin","candidato_foto_url":"\/candidatos\/avatar-persona.svg","candidatura_total_votos_numero":"0","candidatura_total_votos_casilla":"0","candidatura_total_votos_anticipados":"0","candidatura_total_votos_porcentaje":"0.0000","candidatura_nombre":"BCSC","candidatura_logo":"\/emblemas\/BCSC.jpeg","seleccionado":false},{"candidato_id":139,"candidato_nombre":"Lowell","candidato_apellidos":"Hintz","candidato_foto_url":"\/candidatos\/avatar-persona.svg","candidatura_total_votos_numero":"0","candidatura_total_votos_casilla":"0","candidatura_total_votos_anticipados":"0","candidatura_total_votos_porcentaje":"0.0000","candidatura_nombre":"PNABCS","candidatura_logo":"\/emblemas\/PNABCS.jpeg","seleccionado":false},{"candidato_id":46,"candidato_nombre":"Pablo","candidato_apellidos":"Deckow","candidato_foto_url":"\/candidatos\/avatar-persona.svg","candidatura_total_votos_numero":"0","candidatura_total_votos_casilla":"0","candidatura_total_votos_anticipados":"0","candidatura_total_votos_porcentaje":"0.0000","candidatura_nombre":"PES","candidatura_logo":"\/emblemas\/PES.png","seleccionado":false},{"candidato_id":697,"candidato_nombre":"Laurine","candidato_apellidos":"Pollich","candidato_foto_url":"\/candidatos\/avatar-persona.svg","candidatura_total_votos_numero":"0","candidatura_total_votos_casilla":"0","candidatura_total_votos_anticipados":"0","candidatura_total_votos_porcentaje":"0.0000","candidatura_nombre":"RSP","candidatura_logo":"\/emblemas\/RSP.jpeg","seleccionado":false},{"candidato_id":1001,"candidato_nombre":"Savion","candidato_apellidos":"Sporer","candidato_foto_url":"\/candidatos\/avatar-persona.svg","candidatura_total_votos_numero":"0","candidatura_total_votos_casilla":"0","candidatura_total_votos_anticipados":"0","candidatura_total_votos_porcentaje":"0.0000","candidatura_nombre":"FXM","candidatura_logo":"\/emblemas\/FXM.jpg","seleccionado":false},{"candidato_id":1016,"candidato_nombre":"Nayeli","candidato_apellidos":"Heller","candidato_foto_url":"\/candidatos\/avatar-persona.svg","candidatura_total_votos_numero":"0","candidatura_total_votos_casilla":"0","candidatura_total_votos_anticipados":"0","candidatura_total_votos_porcentaje":"0.0000","candidatura_nombre":"CAND_IND_4","candidatura_logo":"\/emblemas\/CAND_IND_4.jpeg","seleccionado":false},{"candidato_id":39,"candidato_nombre":"Dejah","candidato_apellidos":"Pouros","candidato_foto_url":"\/candidatos\/avatar-persona.svg","candidatura_total_votos_numero":"0","candidatura_total_votos_casilla":"0","candidatura_total_votos_anticipados":"0","candidatura_total_votos_porcentaje":"0.0000","candidatura_nombre":"PT-MORENA","candidatura_logo":"\/emblemas\/PT-MORENA.jpeg","seleccionado":false}]},{"distrito_id":"15","candidato_id_con_mayor_numero_votos":0,"mayor_numero_votos_numero":0,"datos_candidaturas":[{"candidato_id":188,"candidato_nombre":"Gia","candidato_apellidos":"Fadel","candidato_foto_url":"\/candidatos\/avatar-persona.svg","candidatura_total_votos_numero":"0","candidatura_total_votos_casilla":"0","candidatura_total_votos_anticipados":"0","candidatura_total_votos_porcentaje":"0.0000","candidatura_nombre":"PAN-PRI-PRD-PRS-PHBCS","candidatura_logo":"\/emblemas\/PAN-PRI-PRD-PRS-PHBCS.jpeg","seleccionado":false},{"candidato_id":53,"candidato_nombre":"Shanel","candidato_apellidos":"Volkman","candidato_foto_url":"\/candidatos\/avatar-persona.svg","candidatura_total_votos_numero":"0","candidatura_total_votos_casilla":"0","candidatura_total_votos_anticipados":"0","candidatura_total_votos_porcentaje":"0.0000","candidatura_nombre":"PVEM","candidatura_logo":"\/emblemas\/PVEM.jpeg","seleccionado":false},{"candidato_id":90,"candidato_nombre":"Garland","candidato_apellidos":"Kemmer","candidato_foto_url":"\/candidatos\/avatar-persona.svg","candidatura_total_votos_numero":"0","candidatura_total_votos_casilla":"0","candidatura_total_votos_anticipados":"0","candidatura_total_votos_porcentaje":"0.0000","candidatura_nombre":"MC","candidatura_logo":"\/emblemas\/MC.jpeg","seleccionado":false},{"candidato_id":477,"candidato_nombre":"Hassie","candidato_apellidos":"Kirlin","candidato_foto_url":"\/candidatos\/avatar-persona.svg","candidatura_total_votos_numero":"0","candidatura_total_votos_casilla":"0","candidatura_total_votos_anticipados":"0","candidatura_total_votos_porcentaje":"0.0000","candidatura_nombre":"BCSC","candidatura_logo":"\/emblemas\/BCSC.jpeg","seleccionado":false},{"candidato_id":139,"candidato_nombre":"Lowell","candidato_apellidos":"Hintz","candidato_foto_url":"\/candidatos\/avatar-persona.svg","candidatura_total_votos_numero":"0","candidatura_total_votos_casilla":"0","candidatura_total_votos_anticipados":"0","candidatura_total_votos_porcentaje":"0.0000","candidatura_nombre":"PNABCS","candidatura_logo":"\/emblemas\/PNABCS.jpeg","seleccionado":false},{"candidato_id":46,"candidato_nombre":"Pablo","candidato_apellidos":"Deckow","candidato_foto_url":"\/candidatos\/avatar-persona.svg","candidatura_total_votos_numero":"0","candidatura_total_votos_casilla":"0","candidatura_total_votos_anticipados":"0","candidatura_total_votos_porcentaje":"0.0000","candidatura_nombre":"PES","candidatura_logo":"\/emblemas\/PES.png","seleccionado":false},{"candidato_id":697,"candidato_nombre":"Laurine","candidato_apellidos":"Pollich","candidato_foto_url":"\/candidatos\/avatar-persona.svg","candidatura_total_votos_numero":"0","candidatura_total_votos_casilla":"0","candidatura_total_votos_anticipados":"0","candidatura_total_votos_porcentaje":"0.0000","candidatura_nombre":"RSP","candidatura_logo":"\/emblemas\/RSP.jpeg","seleccionado":false},{"candidato_id":1001,"candidato_nombre":"Savion","candidato_apellidos":"Sporer","candidato_foto_url":"\/candidatos\/avatar-persona.svg","candidatura_total_votos_numero":"0","candidatura_total_votos_casilla":"0","candidatura_total_votos_anticipados":"0","candidatura_total_votos_porcentaje":"0.0000","candidatura_nombre":"FXM","candidatura_logo":"\/emblemas\/FXM.jpg","seleccionado":false},{"candidato_id":1016,"candidato_nombre":"Nayeli","candidato_apellidos":"Heller","candidato_foto_url":"\/candidatos\/avatar-persona.svg","candidatura_total_votos_numero":"0","candidatura_total_votos_casilla":"0","candidatura_total_votos_anticipados":"0","candidatura_total_votos_porcentaje":"0.0000","candidatura_nombre":"CAND_IND_4","candidatura_logo":"\/emblemas\/CAND_IND_4.jpeg","seleccionado":false},{"candidato_id":39,"candidato_nombre":"Dejah","candidato_apellidos":"Pouros","candidato_foto_url":"\/candidatos\/avatar-persona.svg","candidatura_total_votos_numero":"0","candidatura_total_votos_casilla":"0","candidatura_total_votos_anticipados":"0","candidatura_total_votos_porcentaje":"0.0000","candidatura_nombre":"PT-MORENA","candidatura_logo":"\/emblemas\/PT-MORENA.jpeg","seleccionado":false}]},{"distrito_id":"16","candidato_id_con_mayor_numero_votos":0,"mayor_numero_votos_numero":0,"datos_candidaturas":[{"candidato_id":188,"candidato_nombre":"Gia","candidato_apellidos":"Fadel","candidato_foto_url":"\/candidatos\/avatar-persona.svg","candidatura_total_votos_numero":"0","candidatura_total_votos_casilla":"0","candidatura_total_votos_anticipados":"0","candidatura_total_votos_porcentaje":"0.0000","candidatura_nombre":"PAN-PRI-PRD-PRS-PHBCS","candidatura_logo":"\/emblemas\/PAN-PRI-PRD-PRS-PHBCS.jpeg","seleccionado":false},{"candidato_id":53,"candidato_nombre":"Shanel","candidato_apellidos":"Volkman","candidato_foto_url":"\/candidatos\/avatar-persona.svg","candidatura_total_votos_numero":"0","candidatura_total_votos_casilla":"0","candidatura_total_votos_anticipados":"0","candidatura_total_votos_porcentaje":"0.0000","candidatura_nombre":"PVEM","candidatura_logo":"\/emblemas\/PVEM.jpeg","seleccionado":false},{"candidato_id":90,"candidato_nombre":"Garland","candidato_apellidos":"Kemmer","candidato_foto_url":"\/candidatos\/avatar-persona.svg","candidatura_total_votos_numero":"0","candidatura_total_votos_casilla":"0","candidatura_total_votos_anticipados":"0","candidatura_total_votos_porcentaje":"0.0000","candidatura_nombre":"MC","candidatura_logo":"\/emblemas\/MC.jpeg","seleccionado":false},{"candidato_id":477,"candidato_nombre":"Hassie","candidato_apellidos":"Kirlin","candidato_foto_url":"\/candidatos\/avatar-persona.svg","candidatura_total_votos_numero":"0","candidatura_total_votos_casilla":"0","candidatura_total_votos_anticipados":"0","candidatura_total_votos_porcentaje":"0.0000","candidatura_nombre":"BCSC","candidatura_logo":"\/emblemas\/BCSC.jpeg","seleccionado":false},{"candidato_id":139,"candidato_nombre":"Lowell","candidato_apellidos":"Hintz","candidato_foto_url":"\/candidatos\/avatar-persona.svg","candidatura_total_votos_numero":"0","candidatura_total_votos_casilla":"0","candidatura_total_votos_anticipados":"0","candidatura_total_votos_porcentaje":"0.0000","candidatura_nombre":"PNABCS","candidatura_logo":"\/emblemas\/PNABCS.jpeg","seleccionado":false},{"candidato_id":46,"candidato_nombre":"Pablo","candidato_apellidos":"Deckow","candidato_foto_url":"\/candidatos\/avatar-persona.svg","candidatura_total_votos_numero":"0","candidatura_total_votos_casilla":"0","candidatura_total_votos_anticipados":"0","candidatura_total_votos_porcentaje":"0.0000","candidatura_nombre":"PES","candidatura_logo":"\/emblemas\/PES.png","seleccionado":false},{"candidato_id":697,"candidato_nombre":"Laurine","candidato_apellidos":"Pollich","candidato_foto_url":"\/candidatos\/avatar-persona.svg","candidatura_total_votos_numero":"0","candidatura_total_votos_casilla":"0","candidatura_total_votos_anticipados":"0","candidatura_total_votos_porcentaje":"0.0000","candidatura_nombre":"RSP","candidatura_logo":"\/emblemas\/RSP.jpeg","seleccionado":false},{"candidato_id":1001,"candidato_nombre":"Savion","candidato_apellidos":"Sporer","candidato_foto_url":"\/candidatos\/avatar-persona.svg","candidatura_total_votos_numero":"0","candidatura_total_votos_casilla":"0","candidatura_total_votos_anticipados":"0","candidatura_total_votos_porcentaje":"0.0000","candidatura_nombre":"FXM","candidatura_logo":"\/emblemas\/FXM.jpg","seleccionado":false},{"candidato_id":1016,"candidato_nombre":"Nayeli","candidato_apellidos":"Heller","candidato_foto_url":"\/candidatos\/avatar-persona.svg","candidatura_total_votos_numero":"0","candidatura_total_votos_casilla":"0","candidatura_total_votos_anticipados":"0","candidatura_total_votos_porcentaje":"0.0000","candidatura_nombre":"CAND_IND_4","candidatura_logo":"\/emblemas\/CAND_IND_4.jpeg","seleccionado":false},{"candidato_id":39,"candidato_nombre":"Dejah","candidato_apellidos":"Pouros","candidato_foto_url":"\/candidatos\/avatar-persona.svg","candidatura_total_votos_numero":"0","candidatura_total_votos_casilla":"0","candidatura_total_votos_anticipados":"0","candidatura_total_votos_porcentaje":"0.0000","candidatura_nombre":"PT-MORENA","candidatura_logo":"\/emblemas\/PT-MORENA.jpeg","seleccionado":false}]}]}