{"fecha_utimo_corte":"27 Enero 2024","hora_local":"22:38 h UTC-7","tipo_eleccion":"Gubernatura","nombre_archivo_json":"gubernatura_distribucion_votos_por_partido_politico_nivel_distrito.json","distritos":[{"distrito_id":"1","datos_partidos":[{"partido_id":1,"partido_nombre":"PAN-PRI-PRD-PRS-PHBCS","partido_logo":"\/emblemas\/PAN-PRI-PRD-PRS-PHBCS.jpeg","partido_votos_via_individual_numero":"sin dato","partido_votos_via_coalicion_numero":"Sin Coalici\u00f3n","partido_votos_total_numero":"0"},{"partido_id":5,"partido_nombre":"PT","partido_logo":"\/emblemas\/PT.jpeg","partido_votos_via_individual_numero":"sin dato","partido_votos_via_coalicion_numero":"sin dato","partido_votos_total_numero":"0"},{"partido_id":6,"partido_nombre":"PVEM","partido_logo":"\/emblemas\/PVEM.jpeg","partido_votos_via_individual_numero":"sin dato","partido_votos_via_coalicion_numero":"Sin Coalici\u00f3n","partido_votos_total_numero":"0"},{"partido_id":7,"partido_nombre":"MC","partido_logo":"\/emblemas\/MC.jpeg","partido_votos_via_individual_numero":"sin dato","partido_votos_via_coalicion_numero":"Sin Coalici\u00f3n","partido_votos_total_numero":"0"},{"partido_id":9,"partido_nombre":"MORENA","partido_logo":"\/emblemas\/MORENA.jpeg","partido_votos_via_individual_numero":"sin dato","partido_votos_via_coalicion_numero":"sin dato","partido_votos_total_numero":"0"},{"partido_id":11,"partido_nombre":"BCSC","partido_logo":"\/emblemas\/BCSC.jpeg","partido_votos_via_individual_numero":"sin dato","partido_votos_via_coalicion_numero":"Sin Coalici\u00f3n","partido_votos_total_numero":"0"},{"partido_id":12,"partido_nombre":"PNABCS","partido_logo":"\/emblemas\/PNABCS.jpeg","partido_votos_via_individual_numero":"sin dato","partido_votos_via_coalicion_numero":"Sin Coalici\u00f3n","partido_votos_total_numero":"0"},{"partido_id":13,"partido_nombre":"PES","partido_logo":"\/emblemas\/PES.png","partido_votos_via_individual_numero":"sin dato","partido_votos_via_coalicion_numero":"Sin Coalici\u00f3n","partido_votos_total_numero":"0"},{"partido_id":14,"partido_nombre":"RSP","partido_logo":"\/emblemas\/RSP.jpeg","partido_votos_via_individual_numero":"sin dato","partido_votos_via_coalicion_numero":"Sin Coalici\u00f3n","partido_votos_total_numero":"0"},{"partido_id":15,"partido_nombre":"FXM","partido_logo":"\/emblemas\/FXM.jpg","partido_votos_via_individual_numero":"sin dato","partido_votos_via_coalicion_numero":"Sin Coalici\u00f3n","partido_votos_total_numero":"0"},{"partido_id":19,"partido_nombre":"CAND_IND_4","partido_logo":"\/emblemas\/CAND_IND_4.jpeg","partido_votos_via_individual_numero":"sin dato","partido_votos_via_coalicion_numero":"Sin Coalici\u00f3n","partido_votos_total_numero":"0"}]},{"distrito_id":"2","datos_partidos":[{"partido_id":1,"partido_nombre":"PAN-PRI-PRD-PRS-PHBCS","partido_logo":"\/emblemas\/PAN-PRI-PRD-PRS-PHBCS.jpeg","partido_votos_via_individual_numero":"sin dato","partido_votos_via_coalicion_numero":"Sin Coalici\u00f3n","partido_votos_total_numero":"0"},{"partido_id":5,"partido_nombre":"PT","partido_logo":"\/emblemas\/PT.jpeg","partido_votos_via_individual_numero":"sin dato","partido_votos_via_coalicion_numero":"sin dato","partido_votos_total_numero":"0"},{"partido_id":6,"partido_nombre":"PVEM","partido_logo":"\/emblemas\/PVEM.jpeg","partido_votos_via_individual_numero":"sin dato","partido_votos_via_coalicion_numero":"Sin Coalici\u00f3n","partido_votos_total_numero":"0"},{"partido_id":7,"partido_nombre":"MC","partido_logo":"\/emblemas\/MC.jpeg","partido_votos_via_individual_numero":"sin dato","partido_votos_via_coalicion_numero":"Sin Coalici\u00f3n","partido_votos_total_numero":"0"},{"partido_id":9,"partido_nombre":"MORENA","partido_logo":"\/emblemas\/MORENA.jpeg","partido_votos_via_individual_numero":"sin dato","partido_votos_via_coalicion_numero":"sin dato","partido_votos_total_numero":"0"},{"partido_id":11,"partido_nombre":"BCSC","partido_logo":"\/emblemas\/BCSC.jpeg","partido_votos_via_individual_numero":"sin dato","partido_votos_via_coalicion_numero":"Sin Coalici\u00f3n","partido_votos_total_numero":"0"},{"partido_id":12,"partido_nombre":"PNABCS","partido_logo":"\/emblemas\/PNABCS.jpeg","partido_votos_via_individual_numero":"sin dato","partido_votos_via_coalicion_numero":"Sin Coalici\u00f3n","partido_votos_total_numero":"0"},{"partido_id":13,"partido_nombre":"PES","partido_logo":"\/emblemas\/PES.png","partido_votos_via_individual_numero":"sin dato","partido_votos_via_coalicion_numero":"Sin Coalici\u00f3n","partido_votos_total_numero":"0"},{"partido_id":14,"partido_nombre":"RSP","partido_logo":"\/emblemas\/RSP.jpeg","partido_votos_via_individual_numero":"sin dato","partido_votos_via_coalicion_numero":"Sin Coalici\u00f3n","partido_votos_total_numero":"0"},{"partido_id":15,"partido_nombre":"FXM","partido_logo":"\/emblemas\/FXM.jpg","partido_votos_via_individual_numero":"sin dato","partido_votos_via_coalicion_numero":"Sin Coalici\u00f3n","partido_votos_total_numero":"0"},{"partido_id":19,"partido_nombre":"CAND_IND_4","partido_logo":"\/emblemas\/CAND_IND_4.jpeg","partido_votos_via_individual_numero":"sin dato","partido_votos_via_coalicion_numero":"Sin Coalici\u00f3n","partido_votos_total_numero":"0"}]},{"distrito_id":"3","datos_partidos":[{"partido_id":1,"partido_nombre":"PAN-PRI-PRD-PRS-PHBCS","partido_logo":"\/emblemas\/PAN-PRI-PRD-PRS-PHBCS.jpeg","partido_votos_via_individual_numero":"sin dato","partido_votos_via_coalicion_numero":"Sin Coalici\u00f3n","partido_votos_total_numero":"0"},{"partido_id":5,"partido_nombre":"PT","partido_logo":"\/emblemas\/PT.jpeg","partido_votos_via_individual_numero":"sin dato","partido_votos_via_coalicion_numero":"sin dato","partido_votos_total_numero":"0"},{"partido_id":6,"partido_nombre":"PVEM","partido_logo":"\/emblemas\/PVEM.jpeg","partido_votos_via_individual_numero":"sin dato","partido_votos_via_coalicion_numero":"Sin Coalici\u00f3n","partido_votos_total_numero":"0"},{"partido_id":7,"partido_nombre":"MC","partido_logo":"\/emblemas\/MC.jpeg","partido_votos_via_individual_numero":"sin dato","partido_votos_via_coalicion_numero":"Sin Coalici\u00f3n","partido_votos_total_numero":"0"},{"partido_id":9,"partido_nombre":"MORENA","partido_logo":"\/emblemas\/MORENA.jpeg","partido_votos_via_individual_numero":"sin dato","partido_votos_via_coalicion_numero":"sin dato","partido_votos_total_numero":"0"},{"partido_id":11,"partido_nombre":"BCSC","partido_logo":"\/emblemas\/BCSC.jpeg","partido_votos_via_individual_numero":"sin dato","partido_votos_via_coalicion_numero":"Sin Coalici\u00f3n","partido_votos_total_numero":"0"},{"partido_id":12,"partido_nombre":"PNABCS","partido_logo":"\/emblemas\/PNABCS.jpeg","partido_votos_via_individual_numero":"sin dato","partido_votos_via_coalicion_numero":"Sin Coalici\u00f3n","partido_votos_total_numero":"0"},{"partido_id":13,"partido_nombre":"PES","partido_logo":"\/emblemas\/PES.png","partido_votos_via_individual_numero":"sin dato","partido_votos_via_coalicion_numero":"Sin Coalici\u00f3n","partido_votos_total_numero":"0"},{"partido_id":14,"partido_nombre":"RSP","partido_logo":"\/emblemas\/RSP.jpeg","partido_votos_via_individual_numero":"sin dato","partido_votos_via_coalicion_numero":"Sin Coalici\u00f3n","partido_votos_total_numero":"0"},{"partido_id":15,"partido_nombre":"FXM","partido_logo":"\/emblemas\/FXM.jpg","partido_votos_via_individual_numero":"sin dato","partido_votos_via_coalicion_numero":"Sin Coalici\u00f3n","partido_votos_total_numero":"0"},{"partido_id":19,"partido_nombre":"CAND_IND_4","partido_logo":"\/emblemas\/CAND_IND_4.jpeg","partido_votos_via_individual_numero":"sin dato","partido_votos_via_coalicion_numero":"Sin Coalici\u00f3n","partido_votos_total_numero":"0"}]},{"distrito_id":"4","datos_partidos":[{"partido_id":1,"partido_nombre":"PAN-PRI-PRD-PRS-PHBCS","partido_logo":"\/emblemas\/PAN-PRI-PRD-PRS-PHBCS.jpeg","partido_votos_via_individual_numero":"sin dato","partido_votos_via_coalicion_numero":"Sin Coalici\u00f3n","partido_votos_total_numero":"0"},{"partido_id":5,"partido_nombre":"PT","partido_logo":"\/emblemas\/PT.jpeg","partido_votos_via_individual_numero":"sin dato","partido_votos_via_coalicion_numero":"sin dato","partido_votos_total_numero":"0"},{"partido_id":6,"partido_nombre":"PVEM","partido_logo":"\/emblemas\/PVEM.jpeg","partido_votos_via_individual_numero":"sin dato","partido_votos_via_coalicion_numero":"Sin Coalici\u00f3n","partido_votos_total_numero":"0"},{"partido_id":7,"partido_nombre":"MC","partido_logo":"\/emblemas\/MC.jpeg","partido_votos_via_individual_numero":"sin dato","partido_votos_via_coalicion_numero":"Sin Coalici\u00f3n","partido_votos_total_numero":"0"},{"partido_id":9,"partido_nombre":"MORENA","partido_logo":"\/emblemas\/MORENA.jpeg","partido_votos_via_individual_numero":"sin dato","partido_votos_via_coalicion_numero":"sin dato","partido_votos_total_numero":"0"},{"partido_id":11,"partido_nombre":"BCSC","partido_logo":"\/emblemas\/BCSC.jpeg","partido_votos_via_individual_numero":"sin dato","partido_votos_via_coalicion_numero":"Sin Coalici\u00f3n","partido_votos_total_numero":"0"},{"partido_id":12,"partido_nombre":"PNABCS","partido_logo":"\/emblemas\/PNABCS.jpeg","partido_votos_via_individual_numero":"sin dato","partido_votos_via_coalicion_numero":"Sin Coalici\u00f3n","partido_votos_total_numero":"0"},{"partido_id":13,"partido_nombre":"PES","partido_logo":"\/emblemas\/PES.png","partido_votos_via_individual_numero":"sin dato","partido_votos_via_coalicion_numero":"Sin Coalici\u00f3n","partido_votos_total_numero":"0"},{"partido_id":14,"partido_nombre":"RSP","partido_logo":"\/emblemas\/RSP.jpeg","partido_votos_via_individual_numero":"sin dato","partido_votos_via_coalicion_numero":"Sin Coalici\u00f3n","partido_votos_total_numero":"0"},{"partido_id":15,"partido_nombre":"FXM","partido_logo":"\/emblemas\/FXM.jpg","partido_votos_via_individual_numero":"sin dato","partido_votos_via_coalicion_numero":"Sin Coalici\u00f3n","partido_votos_total_numero":"0"},{"partido_id":19,"partido_nombre":"CAND_IND_4","partido_logo":"\/emblemas\/CAND_IND_4.jpeg","partido_votos_via_individual_numero":"sin dato","partido_votos_via_coalicion_numero":"Sin Coalici\u00f3n","partido_votos_total_numero":"0"}]},{"distrito_id":"5","datos_partidos":[{"partido_id":1,"partido_nombre":"PAN-PRI-PRD-PRS-PHBCS","partido_logo":"\/emblemas\/PAN-PRI-PRD-PRS-PHBCS.jpeg","partido_votos_via_individual_numero":"sin dato","partido_votos_via_coalicion_numero":"Sin Coalici\u00f3n","partido_votos_total_numero":"0"},{"partido_id":5,"partido_nombre":"PT","partido_logo":"\/emblemas\/PT.jpeg","partido_votos_via_individual_numero":"sin dato","partido_votos_via_coalicion_numero":"sin dato","partido_votos_total_numero":"0"},{"partido_id":6,"partido_nombre":"PVEM","partido_logo":"\/emblemas\/PVEM.jpeg","partido_votos_via_individual_numero":"sin dato","partido_votos_via_coalicion_numero":"Sin Coalici\u00f3n","partido_votos_total_numero":"0"},{"partido_id":7,"partido_nombre":"MC","partido_logo":"\/emblemas\/MC.jpeg","partido_votos_via_individual_numero":"sin dato","partido_votos_via_coalicion_numero":"Sin Coalici\u00f3n","partido_votos_total_numero":"0"},{"partido_id":9,"partido_nombre":"MORENA","partido_logo":"\/emblemas\/MORENA.jpeg","partido_votos_via_individual_numero":"sin dato","partido_votos_via_coalicion_numero":"sin dato","partido_votos_total_numero":"0"},{"partido_id":11,"partido_nombre":"BCSC","partido_logo":"\/emblemas\/BCSC.jpeg","partido_votos_via_individual_numero":"sin dato","partido_votos_via_coalicion_numero":"Sin Coalici\u00f3n","partido_votos_total_numero":"0"},{"partido_id":12,"partido_nombre":"PNABCS","partido_logo":"\/emblemas\/PNABCS.jpeg","partido_votos_via_individual_numero":"sin dato","partido_votos_via_coalicion_numero":"Sin Coalici\u00f3n","partido_votos_total_numero":"0"},{"partido_id":13,"partido_nombre":"PES","partido_logo":"\/emblemas\/PES.png","partido_votos_via_individual_numero":"sin dato","partido_votos_via_coalicion_numero":"Sin Coalici\u00f3n","partido_votos_total_numero":"0"},{"partido_id":14,"partido_nombre":"RSP","partido_logo":"\/emblemas\/RSP.jpeg","partido_votos_via_individual_numero":"sin dato","partido_votos_via_coalicion_numero":"Sin Coalici\u00f3n","partido_votos_total_numero":"0"},{"partido_id":15,"partido_nombre":"FXM","partido_logo":"\/emblemas\/FXM.jpg","partido_votos_via_individual_numero":"sin dato","partido_votos_via_coalicion_numero":"Sin Coalici\u00f3n","partido_votos_total_numero":"0"},{"partido_id":19,"partido_nombre":"CAND_IND_4","partido_logo":"\/emblemas\/CAND_IND_4.jpeg","partido_votos_via_individual_numero":"sin dato","partido_votos_via_coalicion_numero":"Sin Coalici\u00f3n","partido_votos_total_numero":"0"}]},{"distrito_id":"6","datos_partidos":[{"partido_id":1,"partido_nombre":"PAN-PRI-PRD-PRS-PHBCS","partido_logo":"\/emblemas\/PAN-PRI-PRD-PRS-PHBCS.jpeg","partido_votos_via_individual_numero":"sin dato","partido_votos_via_coalicion_numero":"Sin Coalici\u00f3n","partido_votos_total_numero":"0"},{"partido_id":5,"partido_nombre":"PT","partido_logo":"\/emblemas\/PT.jpeg","partido_votos_via_individual_numero":"sin dato","partido_votos_via_coalicion_numero":"sin dato","partido_votos_total_numero":"0"},{"partido_id":6,"partido_nombre":"PVEM","partido_logo":"\/emblemas\/PVEM.jpeg","partido_votos_via_individual_numero":"sin dato","partido_votos_via_coalicion_numero":"Sin Coalici\u00f3n","partido_votos_total_numero":"0"},{"partido_id":7,"partido_nombre":"MC","partido_logo":"\/emblemas\/MC.jpeg","partido_votos_via_individual_numero":"sin dato","partido_votos_via_coalicion_numero":"Sin Coalici\u00f3n","partido_votos_total_numero":"0"},{"partido_id":9,"partido_nombre":"MORENA","partido_logo":"\/emblemas\/MORENA.jpeg","partido_votos_via_individual_numero":"sin dato","partido_votos_via_coalicion_numero":"sin dato","partido_votos_total_numero":"0"},{"partido_id":11,"partido_nombre":"BCSC","partido_logo":"\/emblemas\/BCSC.jpeg","partido_votos_via_individual_numero":"sin dato","partido_votos_via_coalicion_numero":"Sin Coalici\u00f3n","partido_votos_total_numero":"0"},{"partido_id":12,"partido_nombre":"PNABCS","partido_logo":"\/emblemas\/PNABCS.jpeg","partido_votos_via_individual_numero":"sin dato","partido_votos_via_coalicion_numero":"Sin Coalici\u00f3n","partido_votos_total_numero":"0"},{"partido_id":13,"partido_nombre":"PES","partido_logo":"\/emblemas\/PES.png","partido_votos_via_individual_numero":"sin dato","partido_votos_via_coalicion_numero":"Sin Coalici\u00f3n","partido_votos_total_numero":"0"},{"partido_id":14,"partido_nombre":"RSP","partido_logo":"\/emblemas\/RSP.jpeg","partido_votos_via_individual_numero":"sin dato","partido_votos_via_coalicion_numero":"Sin Coalici\u00f3n","partido_votos_total_numero":"0"},{"partido_id":15,"partido_nombre":"FXM","partido_logo":"\/emblemas\/FXM.jpg","partido_votos_via_individual_numero":"sin dato","partido_votos_via_coalicion_numero":"Sin Coalici\u00f3n","partido_votos_total_numero":"0"},{"partido_id":19,"partido_nombre":"CAND_IND_4","partido_logo":"\/emblemas\/CAND_IND_4.jpeg","partido_votos_via_individual_numero":"sin dato","partido_votos_via_coalicion_numero":"Sin Coalici\u00f3n","partido_votos_total_numero":"0"}]},{"distrito_id":"7","datos_partidos":[{"partido_id":1,"partido_nombre":"PAN-PRI-PRD-PRS-PHBCS","partido_logo":"\/emblemas\/PAN-PRI-PRD-PRS-PHBCS.jpeg","partido_votos_via_individual_numero":"sin dato","partido_votos_via_coalicion_numero":"Sin Coalici\u00f3n","partido_votos_total_numero":"0"},{"partido_id":5,"partido_nombre":"PT","partido_logo":"\/emblemas\/PT.jpeg","partido_votos_via_individual_numero":"sin dato","partido_votos_via_coalicion_numero":"sin dato","partido_votos_total_numero":"0"},{"partido_id":6,"partido_nombre":"PVEM","partido_logo":"\/emblemas\/PVEM.jpeg","partido_votos_via_individual_numero":"sin dato","partido_votos_via_coalicion_numero":"Sin Coalici\u00f3n","partido_votos_total_numero":"0"},{"partido_id":7,"partido_nombre":"MC","partido_logo":"\/emblemas\/MC.jpeg","partido_votos_via_individual_numero":"sin dato","partido_votos_via_coalicion_numero":"Sin Coalici\u00f3n","partido_votos_total_numero":"0"},{"partido_id":9,"partido_nombre":"MORENA","partido_logo":"\/emblemas\/MORENA.jpeg","partido_votos_via_individual_numero":"sin dato","partido_votos_via_coalicion_numero":"sin dato","partido_votos_total_numero":"0"},{"partido_id":11,"partido_nombre":"BCSC","partido_logo":"\/emblemas\/BCSC.jpeg","partido_votos_via_individual_numero":"sin dato","partido_votos_via_coalicion_numero":"Sin Coalici\u00f3n","partido_votos_total_numero":"0"},{"partido_id":12,"partido_nombre":"PNABCS","partido_logo":"\/emblemas\/PNABCS.jpeg","partido_votos_via_individual_numero":"sin dato","partido_votos_via_coalicion_numero":"Sin Coalici\u00f3n","partido_votos_total_numero":"0"},{"partido_id":13,"partido_nombre":"PES","partido_logo":"\/emblemas\/PES.png","partido_votos_via_individual_numero":"sin dato","partido_votos_via_coalicion_numero":"Sin Coalici\u00f3n","partido_votos_total_numero":"0"},{"partido_id":14,"partido_nombre":"RSP","partido_logo":"\/emblemas\/RSP.jpeg","partido_votos_via_individual_numero":"sin dato","partido_votos_via_coalicion_numero":"Sin Coalici\u00f3n","partido_votos_total_numero":"0"},{"partido_id":15,"partido_nombre":"FXM","partido_logo":"\/emblemas\/FXM.jpg","partido_votos_via_individual_numero":"sin dato","partido_votos_via_coalicion_numero":"Sin Coalici\u00f3n","partido_votos_total_numero":"0"},{"partido_id":19,"partido_nombre":"CAND_IND_4","partido_logo":"\/emblemas\/CAND_IND_4.jpeg","partido_votos_via_individual_numero":"sin dato","partido_votos_via_coalicion_numero":"Sin Coalici\u00f3n","partido_votos_total_numero":"0"}]},{"distrito_id":"8","datos_partidos":[{"partido_id":1,"partido_nombre":"PAN-PRI-PRD-PRS-PHBCS","partido_logo":"\/emblemas\/PAN-PRI-PRD-PRS-PHBCS.jpeg","partido_votos_via_individual_numero":"sin dato","partido_votos_via_coalicion_numero":"Sin Coalici\u00f3n","partido_votos_total_numero":"0"},{"partido_id":5,"partido_nombre":"PT","partido_logo":"\/emblemas\/PT.jpeg","partido_votos_via_individual_numero":"sin dato","partido_votos_via_coalicion_numero":"sin dato","partido_votos_total_numero":"0"},{"partido_id":6,"partido_nombre":"PVEM","partido_logo":"\/emblemas\/PVEM.jpeg","partido_votos_via_individual_numero":"sin dato","partido_votos_via_coalicion_numero":"Sin Coalici\u00f3n","partido_votos_total_numero":"0"},{"partido_id":7,"partido_nombre":"MC","partido_logo":"\/emblemas\/MC.jpeg","partido_votos_via_individual_numero":"sin dato","partido_votos_via_coalicion_numero":"Sin Coalici\u00f3n","partido_votos_total_numero":"0"},{"partido_id":9,"partido_nombre":"MORENA","partido_logo":"\/emblemas\/MORENA.jpeg","partido_votos_via_individual_numero":"sin dato","partido_votos_via_coalicion_numero":"sin dato","partido_votos_total_numero":"0"},{"partido_id":11,"partido_nombre":"BCSC","partido_logo":"\/emblemas\/BCSC.jpeg","partido_votos_via_individual_numero":"sin dato","partido_votos_via_coalicion_numero":"Sin Coalici\u00f3n","partido_votos_total_numero":"0"},{"partido_id":12,"partido_nombre":"PNABCS","partido_logo":"\/emblemas\/PNABCS.jpeg","partido_votos_via_individual_numero":"sin dato","partido_votos_via_coalicion_numero":"Sin Coalici\u00f3n","partido_votos_total_numero":"0"},{"partido_id":13,"partido_nombre":"PES","partido_logo":"\/emblemas\/PES.png","partido_votos_via_individual_numero":"sin dato","partido_votos_via_coalicion_numero":"Sin Coalici\u00f3n","partido_votos_total_numero":"0"},{"partido_id":14,"partido_nombre":"RSP","partido_logo":"\/emblemas\/RSP.jpeg","partido_votos_via_individual_numero":"sin dato","partido_votos_via_coalicion_numero":"Sin Coalici\u00f3n","partido_votos_total_numero":"0"},{"partido_id":15,"partido_nombre":"FXM","partido_logo":"\/emblemas\/FXM.jpg","partido_votos_via_individual_numero":"sin dato","partido_votos_via_coalicion_numero":"Sin Coalici\u00f3n","partido_votos_total_numero":"0"},{"partido_id":19,"partido_nombre":"CAND_IND_4","partido_logo":"\/emblemas\/CAND_IND_4.jpeg","partido_votos_via_individual_numero":"sin dato","partido_votos_via_coalicion_numero":"Sin Coalici\u00f3n","partido_votos_total_numero":"0"}]},{"distrito_id":"9","datos_partidos":[{"partido_id":1,"partido_nombre":"PAN-PRI-PRD-PRS-PHBCS","partido_logo":"\/emblemas\/PAN-PRI-PRD-PRS-PHBCS.jpeg","partido_votos_via_individual_numero":"sin dato","partido_votos_via_coalicion_numero":"Sin Coalici\u00f3n","partido_votos_total_numero":"0"},{"partido_id":5,"partido_nombre":"PT","partido_logo":"\/emblemas\/PT.jpeg","partido_votos_via_individual_numero":"sin dato","partido_votos_via_coalicion_numero":"sin dato","partido_votos_total_numero":"0"},{"partido_id":6,"partido_nombre":"PVEM","partido_logo":"\/emblemas\/PVEM.jpeg","partido_votos_via_individual_numero":"sin dato","partido_votos_via_coalicion_numero":"Sin Coalici\u00f3n","partido_votos_total_numero":"0"},{"partido_id":7,"partido_nombre":"MC","partido_logo":"\/emblemas\/MC.jpeg","partido_votos_via_individual_numero":"sin dato","partido_votos_via_coalicion_numero":"Sin Coalici\u00f3n","partido_votos_total_numero":"0"},{"partido_id":9,"partido_nombre":"MORENA","partido_logo":"\/emblemas\/MORENA.jpeg","partido_votos_via_individual_numero":"sin dato","partido_votos_via_coalicion_numero":"sin dato","partido_votos_total_numero":"0"},{"partido_id":11,"partido_nombre":"BCSC","partido_logo":"\/emblemas\/BCSC.jpeg","partido_votos_via_individual_numero":"sin dato","partido_votos_via_coalicion_numero":"Sin Coalici\u00f3n","partido_votos_total_numero":"0"},{"partido_id":12,"partido_nombre":"PNABCS","partido_logo":"\/emblemas\/PNABCS.jpeg","partido_votos_via_individual_numero":"sin dato","partido_votos_via_coalicion_numero":"Sin Coalici\u00f3n","partido_votos_total_numero":"0"},{"partido_id":13,"partido_nombre":"PES","partido_logo":"\/emblemas\/PES.png","partido_votos_via_individual_numero":"sin dato","partido_votos_via_coalicion_numero":"Sin Coalici\u00f3n","partido_votos_total_numero":"0"},{"partido_id":14,"partido_nombre":"RSP","partido_logo":"\/emblemas\/RSP.jpeg","partido_votos_via_individual_numero":"sin dato","partido_votos_via_coalicion_numero":"Sin Coalici\u00f3n","partido_votos_total_numero":"0"},{"partido_id":15,"partido_nombre":"FXM","partido_logo":"\/emblemas\/FXM.jpg","partido_votos_via_individual_numero":"sin dato","partido_votos_via_coalicion_numero":"Sin Coalici\u00f3n","partido_votos_total_numero":"0"},{"partido_id":19,"partido_nombre":"CAND_IND_4","partido_logo":"\/emblemas\/CAND_IND_4.jpeg","partido_votos_via_individual_numero":"sin dato","partido_votos_via_coalicion_numero":"Sin Coalici\u00f3n","partido_votos_total_numero":"0"}]},{"distrito_id":"10","datos_partidos":[{"partido_id":1,"partido_nombre":"PAN-PRI-PRD-PRS-PHBCS","partido_logo":"\/emblemas\/PAN-PRI-PRD-PRS-PHBCS.jpeg","partido_votos_via_individual_numero":"sin dato","partido_votos_via_coalicion_numero":"Sin Coalici\u00f3n","partido_votos_total_numero":"0"},{"partido_id":5,"partido_nombre":"PT","partido_logo":"\/emblemas\/PT.jpeg","partido_votos_via_individual_numero":"sin dato","partido_votos_via_coalicion_numero":"sin dato","partido_votos_total_numero":"0"},{"partido_id":6,"partido_nombre":"PVEM","partido_logo":"\/emblemas\/PVEM.jpeg","partido_votos_via_individual_numero":"sin dato","partido_votos_via_coalicion_numero":"Sin Coalici\u00f3n","partido_votos_total_numero":"0"},{"partido_id":7,"partido_nombre":"MC","partido_logo":"\/emblemas\/MC.jpeg","partido_votos_via_individual_numero":"sin dato","partido_votos_via_coalicion_numero":"Sin Coalici\u00f3n","partido_votos_total_numero":"0"},{"partido_id":9,"partido_nombre":"MORENA","partido_logo":"\/emblemas\/MORENA.jpeg","partido_votos_via_individual_numero":"sin dato","partido_votos_via_coalicion_numero":"sin dato","partido_votos_total_numero":"0"},{"partido_id":11,"partido_nombre":"BCSC","partido_logo":"\/emblemas\/BCSC.jpeg","partido_votos_via_individual_numero":"sin dato","partido_votos_via_coalicion_numero":"Sin Coalici\u00f3n","partido_votos_total_numero":"0"},{"partido_id":12,"partido_nombre":"PNABCS","partido_logo":"\/emblemas\/PNABCS.jpeg","partido_votos_via_individual_numero":"sin dato","partido_votos_via_coalicion_numero":"Sin Coalici\u00f3n","partido_votos_total_numero":"0"},{"partido_id":13,"partido_nombre":"PES","partido_logo":"\/emblemas\/PES.png","partido_votos_via_individual_numero":"sin dato","partido_votos_via_coalicion_numero":"Sin Coalici\u00f3n","partido_votos_total_numero":"0"},{"partido_id":14,"partido_nombre":"RSP","partido_logo":"\/emblemas\/RSP.jpeg","partido_votos_via_individual_numero":"sin dato","partido_votos_via_coalicion_numero":"Sin Coalici\u00f3n","partido_votos_total_numero":"0"},{"partido_id":15,"partido_nombre":"FXM","partido_logo":"\/emblemas\/FXM.jpg","partido_votos_via_individual_numero":"sin dato","partido_votos_via_coalicion_numero":"Sin Coalici\u00f3n","partido_votos_total_numero":"0"},{"partido_id":19,"partido_nombre":"CAND_IND_4","partido_logo":"\/emblemas\/CAND_IND_4.jpeg","partido_votos_via_individual_numero":"sin dato","partido_votos_via_coalicion_numero":"Sin Coalici\u00f3n","partido_votos_total_numero":"0"}]},{"distrito_id":"11","datos_partidos":[{"partido_id":1,"partido_nombre":"PAN-PRI-PRD-PRS-PHBCS","partido_logo":"\/emblemas\/PAN-PRI-PRD-PRS-PHBCS.jpeg","partido_votos_via_individual_numero":"sin dato","partido_votos_via_coalicion_numero":"Sin Coalici\u00f3n","partido_votos_total_numero":"0"},{"partido_id":5,"partido_nombre":"PT","partido_logo":"\/emblemas\/PT.jpeg","partido_votos_via_individual_numero":"sin dato","partido_votos_via_coalicion_numero":"sin dato","partido_votos_total_numero":"0"},{"partido_id":6,"partido_nombre":"PVEM","partido_logo":"\/emblemas\/PVEM.jpeg","partido_votos_via_individual_numero":"sin dato","partido_votos_via_coalicion_numero":"Sin Coalici\u00f3n","partido_votos_total_numero":"0"},{"partido_id":7,"partido_nombre":"MC","partido_logo":"\/emblemas\/MC.jpeg","partido_votos_via_individual_numero":"sin dato","partido_votos_via_coalicion_numero":"Sin Coalici\u00f3n","partido_votos_total_numero":"0"},{"partido_id":9,"partido_nombre":"MORENA","partido_logo":"\/emblemas\/MORENA.jpeg","partido_votos_via_individual_numero":"sin dato","partido_votos_via_coalicion_numero":"sin dato","partido_votos_total_numero":"0"},{"partido_id":11,"partido_nombre":"BCSC","partido_logo":"\/emblemas\/BCSC.jpeg","partido_votos_via_individual_numero":"sin dato","partido_votos_via_coalicion_numero":"Sin Coalici\u00f3n","partido_votos_total_numero":"0"},{"partido_id":12,"partido_nombre":"PNABCS","partido_logo":"\/emblemas\/PNABCS.jpeg","partido_votos_via_individual_numero":"sin dato","partido_votos_via_coalicion_numero":"Sin Coalici\u00f3n","partido_votos_total_numero":"0"},{"partido_id":13,"partido_nombre":"PES","partido_logo":"\/emblemas\/PES.png","partido_votos_via_individual_numero":"sin dato","partido_votos_via_coalicion_numero":"Sin Coalici\u00f3n","partido_votos_total_numero":"0"},{"partido_id":14,"partido_nombre":"RSP","partido_logo":"\/emblemas\/RSP.jpeg","partido_votos_via_individual_numero":"sin dato","partido_votos_via_coalicion_numero":"Sin Coalici\u00f3n","partido_votos_total_numero":"0"},{"partido_id":15,"partido_nombre":"FXM","partido_logo":"\/emblemas\/FXM.jpg","partido_votos_via_individual_numero":"sin dato","partido_votos_via_coalicion_numero":"Sin Coalici\u00f3n","partido_votos_total_numero":"0"},{"partido_id":19,"partido_nombre":"CAND_IND_4","partido_logo":"\/emblemas\/CAND_IND_4.jpeg","partido_votos_via_individual_numero":"sin dato","partido_votos_via_coalicion_numero":"Sin Coalici\u00f3n","partido_votos_total_numero":"0"}]},{"distrito_id":"12","datos_partidos":[{"partido_id":1,"partido_nombre":"PAN-PRI-PRD-PRS-PHBCS","partido_logo":"\/emblemas\/PAN-PRI-PRD-PRS-PHBCS.jpeg","partido_votos_via_individual_numero":"sin dato","partido_votos_via_coalicion_numero":"Sin Coalici\u00f3n","partido_votos_total_numero":"0"},{"partido_id":5,"partido_nombre":"PT","partido_logo":"\/emblemas\/PT.jpeg","partido_votos_via_individual_numero":"sin dato","partido_votos_via_coalicion_numero":"sin dato","partido_votos_total_numero":"0"},{"partido_id":6,"partido_nombre":"PVEM","partido_logo":"\/emblemas\/PVEM.jpeg","partido_votos_via_individual_numero":"sin dato","partido_votos_via_coalicion_numero":"Sin Coalici\u00f3n","partido_votos_total_numero":"0"},{"partido_id":7,"partido_nombre":"MC","partido_logo":"\/emblemas\/MC.jpeg","partido_votos_via_individual_numero":"sin dato","partido_votos_via_coalicion_numero":"Sin Coalici\u00f3n","partido_votos_total_numero":"0"},{"partido_id":9,"partido_nombre":"MORENA","partido_logo":"\/emblemas\/MORENA.jpeg","partido_votos_via_individual_numero":"sin dato","partido_votos_via_coalicion_numero":"sin dato","partido_votos_total_numero":"0"},{"partido_id":11,"partido_nombre":"BCSC","partido_logo":"\/emblemas\/BCSC.jpeg","partido_votos_via_individual_numero":"sin dato","partido_votos_via_coalicion_numero":"Sin Coalici\u00f3n","partido_votos_total_numero":"0"},{"partido_id":12,"partido_nombre":"PNABCS","partido_logo":"\/emblemas\/PNABCS.jpeg","partido_votos_via_individual_numero":"sin dato","partido_votos_via_coalicion_numero":"Sin Coalici\u00f3n","partido_votos_total_numero":"0"},{"partido_id":13,"partido_nombre":"PES","partido_logo":"\/emblemas\/PES.png","partido_votos_via_individual_numero":"sin dato","partido_votos_via_coalicion_numero":"Sin Coalici\u00f3n","partido_votos_total_numero":"0"},{"partido_id":14,"partido_nombre":"RSP","partido_logo":"\/emblemas\/RSP.jpeg","partido_votos_via_individual_numero":"sin dato","partido_votos_via_coalicion_numero":"Sin Coalici\u00f3n","partido_votos_total_numero":"0"},{"partido_id":15,"partido_nombre":"FXM","partido_logo":"\/emblemas\/FXM.jpg","partido_votos_via_individual_numero":"sin dato","partido_votos_via_coalicion_numero":"Sin Coalici\u00f3n","partido_votos_total_numero":"0"},{"partido_id":19,"partido_nombre":"CAND_IND_4","partido_logo":"\/emblemas\/CAND_IND_4.jpeg","partido_votos_via_individual_numero":"sin dato","partido_votos_via_coalicion_numero":"Sin Coalici\u00f3n","partido_votos_total_numero":"0"}]},{"distrito_id":"13","datos_partidos":[{"partido_id":1,"partido_nombre":"PAN-PRI-PRD-PRS-PHBCS","partido_logo":"\/emblemas\/PAN-PRI-PRD-PRS-PHBCS.jpeg","partido_votos_via_individual_numero":"sin dato","partido_votos_via_coalicion_numero":"Sin Coalici\u00f3n","partido_votos_total_numero":"0"},{"partido_id":5,"partido_nombre":"PT","partido_logo":"\/emblemas\/PT.jpeg","partido_votos_via_individual_numero":"sin dato","partido_votos_via_coalicion_numero":"sin dato","partido_votos_total_numero":"0"},{"partido_id":6,"partido_nombre":"PVEM","partido_logo":"\/emblemas\/PVEM.jpeg","partido_votos_via_individual_numero":"sin dato","partido_votos_via_coalicion_numero":"Sin Coalici\u00f3n","partido_votos_total_numero":"0"},{"partido_id":7,"partido_nombre":"MC","partido_logo":"\/emblemas\/MC.jpeg","partido_votos_via_individual_numero":"sin dato","partido_votos_via_coalicion_numero":"Sin Coalici\u00f3n","partido_votos_total_numero":"0"},{"partido_id":9,"partido_nombre":"MORENA","partido_logo":"\/emblemas\/MORENA.jpeg","partido_votos_via_individual_numero":"sin dato","partido_votos_via_coalicion_numero":"sin dato","partido_votos_total_numero":"0"},{"partido_id":11,"partido_nombre":"BCSC","partido_logo":"\/emblemas\/BCSC.jpeg","partido_votos_via_individual_numero":"sin dato","partido_votos_via_coalicion_numero":"Sin Coalici\u00f3n","partido_votos_total_numero":"0"},{"partido_id":12,"partido_nombre":"PNABCS","partido_logo":"\/emblemas\/PNABCS.jpeg","partido_votos_via_individual_numero":"sin dato","partido_votos_via_coalicion_numero":"Sin Coalici\u00f3n","partido_votos_total_numero":"0"},{"partido_id":13,"partido_nombre":"PES","partido_logo":"\/emblemas\/PES.png","partido_votos_via_individual_numero":"sin dato","partido_votos_via_coalicion_numero":"Sin Coalici\u00f3n","partido_votos_total_numero":"0"},{"partido_id":14,"partido_nombre":"RSP","partido_logo":"\/emblemas\/RSP.jpeg","partido_votos_via_individual_numero":"sin dato","partido_votos_via_coalicion_numero":"Sin Coalici\u00f3n","partido_votos_total_numero":"0"},{"partido_id":15,"partido_nombre":"FXM","partido_logo":"\/emblemas\/FXM.jpg","partido_votos_via_individual_numero":"sin dato","partido_votos_via_coalicion_numero":"Sin Coalici\u00f3n","partido_votos_total_numero":"0"},{"partido_id":19,"partido_nombre":"CAND_IND_4","partido_logo":"\/emblemas\/CAND_IND_4.jpeg","partido_votos_via_individual_numero":"sin dato","partido_votos_via_coalicion_numero":"Sin Coalici\u00f3n","partido_votos_total_numero":"0"}]},{"distrito_id":"14","datos_partidos":[{"partido_id":1,"partido_nombre":"PAN-PRI-PRD-PRS-PHBCS","partido_logo":"\/emblemas\/PAN-PRI-PRD-PRS-PHBCS.jpeg","partido_votos_via_individual_numero":"sin dato","partido_votos_via_coalicion_numero":"Sin Coalici\u00f3n","partido_votos_total_numero":"0"},{"partido_id":5,"partido_nombre":"PT","partido_logo":"\/emblemas\/PT.jpeg","partido_votos_via_individual_numero":"sin dato","partido_votos_via_coalicion_numero":"sin dato","partido_votos_total_numero":"0"},{"partido_id":6,"partido_nombre":"PVEM","partido_logo":"\/emblemas\/PVEM.jpeg","partido_votos_via_individual_numero":"sin dato","partido_votos_via_coalicion_numero":"Sin Coalici\u00f3n","partido_votos_total_numero":"0"},{"partido_id":7,"partido_nombre":"MC","partido_logo":"\/emblemas\/MC.jpeg","partido_votos_via_individual_numero":"sin dato","partido_votos_via_coalicion_numero":"Sin Coalici\u00f3n","partido_votos_total_numero":"0"},{"partido_id":9,"partido_nombre":"MORENA","partido_logo":"\/emblemas\/MORENA.jpeg","partido_votos_via_individual_numero":"sin dato","partido_votos_via_coalicion_numero":"sin dato","partido_votos_total_numero":"0"},{"partido_id":11,"partido_nombre":"BCSC","partido_logo":"\/emblemas\/BCSC.jpeg","partido_votos_via_individual_numero":"sin dato","partido_votos_via_coalicion_numero":"Sin Coalici\u00f3n","partido_votos_total_numero":"0"},{"partido_id":12,"partido_nombre":"PNABCS","partido_logo":"\/emblemas\/PNABCS.jpeg","partido_votos_via_individual_numero":"sin dato","partido_votos_via_coalicion_numero":"Sin Coalici\u00f3n","partido_votos_total_numero":"0"},{"partido_id":13,"partido_nombre":"PES","partido_logo":"\/emblemas\/PES.png","partido_votos_via_individual_numero":"sin dato","partido_votos_via_coalicion_numero":"Sin Coalici\u00f3n","partido_votos_total_numero":"0"},{"partido_id":14,"partido_nombre":"RSP","partido_logo":"\/emblemas\/RSP.jpeg","partido_votos_via_individual_numero":"sin dato","partido_votos_via_coalicion_numero":"Sin Coalici\u00f3n","partido_votos_total_numero":"0"},{"partido_id":15,"partido_nombre":"FXM","partido_logo":"\/emblemas\/FXM.jpg","partido_votos_via_individual_numero":"sin dato","partido_votos_via_coalicion_numero":"Sin Coalici\u00f3n","partido_votos_total_numero":"0"},{"partido_id":19,"partido_nombre":"CAND_IND_4","partido_logo":"\/emblemas\/CAND_IND_4.jpeg","partido_votos_via_individual_numero":"sin dato","partido_votos_via_coalicion_numero":"Sin Coalici\u00f3n","partido_votos_total_numero":"0"}]},{"distrito_id":"15","datos_partidos":[{"partido_id":1,"partido_nombre":"PAN-PRI-PRD-PRS-PHBCS","partido_logo":"\/emblemas\/PAN-PRI-PRD-PRS-PHBCS.jpeg","partido_votos_via_individual_numero":"sin dato","partido_votos_via_coalicion_numero":"Sin Coalici\u00f3n","partido_votos_total_numero":"0"},{"partido_id":5,"partido_nombre":"PT","partido_logo":"\/emblemas\/PT.jpeg","partido_votos_via_individual_numero":"sin dato","partido_votos_via_coalicion_numero":"sin dato","partido_votos_total_numero":"0"},{"partido_id":6,"partido_nombre":"PVEM","partido_logo":"\/emblemas\/PVEM.jpeg","partido_votos_via_individual_numero":"sin dato","partido_votos_via_coalicion_numero":"Sin Coalici\u00f3n","partido_votos_total_numero":"0"},{"partido_id":7,"partido_nombre":"MC","partido_logo":"\/emblemas\/MC.jpeg","partido_votos_via_individual_numero":"sin dato","partido_votos_via_coalicion_numero":"Sin Coalici\u00f3n","partido_votos_total_numero":"0"},{"partido_id":9,"partido_nombre":"MORENA","partido_logo":"\/emblemas\/MORENA.jpeg","partido_votos_via_individual_numero":"sin dato","partido_votos_via_coalicion_numero":"sin dato","partido_votos_total_numero":"0"},{"partido_id":11,"partido_nombre":"BCSC","partido_logo":"\/emblemas\/BCSC.jpeg","partido_votos_via_individual_numero":"sin dato","partido_votos_via_coalicion_numero":"Sin Coalici\u00f3n","partido_votos_total_numero":"0"},{"partido_id":12,"partido_nombre":"PNABCS","partido_logo":"\/emblemas\/PNABCS.jpeg","partido_votos_via_individual_numero":"sin dato","partido_votos_via_coalicion_numero":"Sin Coalici\u00f3n","partido_votos_total_numero":"0"},{"partido_id":13,"partido_nombre":"PES","partido_logo":"\/emblemas\/PES.png","partido_votos_via_individual_numero":"sin dato","partido_votos_via_coalicion_numero":"Sin Coalici\u00f3n","partido_votos_total_numero":"0"},{"partido_id":14,"partido_nombre":"RSP","partido_logo":"\/emblemas\/RSP.jpeg","partido_votos_via_individual_numero":"sin dato","partido_votos_via_coalicion_numero":"Sin Coalici\u00f3n","partido_votos_total_numero":"0"},{"partido_id":15,"partido_nombre":"FXM","partido_logo":"\/emblemas\/FXM.jpg","partido_votos_via_individual_numero":"sin dato","partido_votos_via_coalicion_numero":"Sin Coalici\u00f3n","partido_votos_total_numero":"0"},{"partido_id":19,"partido_nombre":"CAND_IND_4","partido_logo":"\/emblemas\/CAND_IND_4.jpeg","partido_votos_via_individual_numero":"sin dato","partido_votos_via_coalicion_numero":"Sin Coalici\u00f3n","partido_votos_total_numero":"0"}]},{"distrito_id":"16","datos_partidos":[{"partido_id":1,"partido_nombre":"PAN-PRI-PRD-PRS-PHBCS","partido_logo":"\/emblemas\/PAN-PRI-PRD-PRS-PHBCS.jpeg","partido_votos_via_individual_numero":"sin dato","partido_votos_via_coalicion_numero":"Sin Coalici\u00f3n","partido_votos_total_numero":"0"},{"partido_id":5,"partido_nombre":"PT","partido_logo":"\/emblemas\/PT.jpeg","partido_votos_via_individual_numero":"sin dato","partido_votos_via_coalicion_numero":"sin dato","partido_votos_total_numero":"0"},{"partido_id":6,"partido_nombre":"PVEM","partido_logo":"\/emblemas\/PVEM.jpeg","partido_votos_via_individual_numero":"sin dato","partido_votos_via_coalicion_numero":"Sin Coalici\u00f3n","partido_votos_total_numero":"0"},{"partido_id":7,"partido_nombre":"MC","partido_logo":"\/emblemas\/MC.jpeg","partido_votos_via_individual_numero":"sin dato","partido_votos_via_coalicion_numero":"Sin Coalici\u00f3n","partido_votos_total_numero":"0"},{"partido_id":9,"partido_nombre":"MORENA","partido_logo":"\/emblemas\/MORENA.jpeg","partido_votos_via_individual_numero":"sin dato","partido_votos_via_coalicion_numero":"sin dato","partido_votos_total_numero":"0"},{"partido_id":11,"partido_nombre":"BCSC","partido_logo":"\/emblemas\/BCSC.jpeg","partido_votos_via_individual_numero":"sin dato","partido_votos_via_coalicion_numero":"Sin Coalici\u00f3n","partido_votos_total_numero":"0"},{"partido_id":12,"partido_nombre":"PNABCS","partido_logo":"\/emblemas\/PNABCS.jpeg","partido_votos_via_individual_numero":"sin dato","partido_votos_via_coalicion_numero":"Sin Coalici\u00f3n","partido_votos_total_numero":"0"},{"partido_id":13,"partido_nombre":"PES","partido_logo":"\/emblemas\/PES.png","partido_votos_via_individual_numero":"sin dato","partido_votos_via_coalicion_numero":"Sin Coalici\u00f3n","partido_votos_total_numero":"0"},{"partido_id":14,"partido_nombre":"RSP","partido_logo":"\/emblemas\/RSP.jpeg","partido_votos_via_individual_numero":"sin dato","partido_votos_via_coalicion_numero":"Sin Coalici\u00f3n","partido_votos_total_numero":"0"},{"partido_id":15,"partido_nombre":"FXM","partido_logo":"\/emblemas\/FXM.jpg","partido_votos_via_individual_numero":"sin dato","partido_votos_via_coalicion_numero":"Sin Coalici\u00f3n","partido_votos_total_numero":"0"},{"partido_id":19,"partido_nombre":"CAND_IND_4","partido_logo":"\/emblemas\/CAND_IND_4.jpeg","partido_votos_via_individual_numero":"sin dato","partido_votos_via_coalicion_numero":"Sin Coalici\u00f3n","partido_votos_total_numero":"0"}]}]}