{"fecha_ultimo_corte":"27 Enero 2024","hora_local":"22:38 h UTC-7","tipo_eleccion":"Gubernatura","nombre_archivo_json":"gubernatura_votos_por_casilla_del_extranjero_vista_tarjetas.json","datos_nombres_columnas":[{"candidatura_id":1,"candidatura_nombre":"PAN-PRI-PRD-PRS-PHBCS","candidatura_logo":"\/emblemas\/PAN-PRI-PRD-PRS-PHBCS.jpeg"},{"candidatura_id":14,"candidatura_nombre":"RSP","candidatura_logo":"\/emblemas\/RSP.jpeg"},{"candidatura_id":5,"candidatura_nombre":"PT","candidatura_logo":"\/emblemas\/PT.jpeg"},{"candidatura_id":6,"candidatura_nombre":"PVEM","candidatura_logo":"\/emblemas\/PVEM.jpeg"},{"candidatura_id":7,"candidatura_nombre":"MC","candidatura_logo":"\/emblemas\/MC.jpeg"},{"candidatura_id":9,"candidatura_nombre":"MORENA","candidatura_logo":"\/emblemas\/MORENA.jpeg"},{"candidatura_id":11,"candidatura_nombre":"BCSC","candidatura_logo":"\/emblemas\/BCSC.jpeg"},{"candidatura_id":12,"candidatura_nombre":"PNABCS","candidatura_logo":"\/emblemas\/PNABCS.jpeg"},{"candidatura_id":13,"candidatura_nombre":"PES","candidatura_logo":"\/emblemas\/PES.jpeg"},{"candidatura_id":15,"candidatura_nombre":"FXM","candidatura_logo":"\/emblemas\/FXM.jpeg"},{"candidatura_id":19,"candidatura_nombre":"CAND_IND_4","candidatura_logo":"\/emblemas\/CAND_IND_4.jpeg"},{"candidatura_id":20,"candidatura_nombre":"PT-MORENA","candidatura_logo":"\/emblemas\/PT-MORENA.jpeg"}],"datos_casillas":[{"casilla_tipo":"Extranjero","casilla_descripcion":"184 Extranjero","acta_id":"","datos_votos":[{"candidatura_id":1,"candidatura_nombre":"PAN-PRI-PRD-PRS-PHBCS","candidatura_votos_cantidad":"0","candidatura_votos_porcentaje":"0.0000","candidatura_logo":"\/emblemas\/PAN-PRI-PRD-PRS-PHBCS.jpeg"},{"candidatura_id":14,"candidatura_nombre":"RSP","candidatura_votos_cantidad":"0","candidatura_votos_porcentaje":"0.0000","candidatura_logo":"\/emblemas\/RSP.jpeg"},{"candidatura_id":5,"candidatura_nombre":"PT","candidatura_votos_cantidad":"0","candidatura_votos_porcentaje":"0.0000","candidatura_logo":"\/emblemas\/PT.jpeg"},{"candidatura_id":6,"candidatura_nombre":"PVEM","candidatura_votos_cantidad":"0","candidatura_votos_porcentaje":"0.0000","candidatura_logo":"\/emblemas\/PVEM.jpeg"},{"candidatura_id":7,"candidatura_nombre":"MC","candidatura_votos_cantidad":"0","candidatura_votos_porcentaje":"0.0000","candidatura_logo":"\/emblemas\/MC.jpeg"},{"candidatura_id":9,"candidatura_nombre":"MORENA","candidatura_votos_cantidad":"0","candidatura_votos_porcentaje":"0.0000","candidatura_logo":"\/emblemas\/MORENA.jpeg"},{"candidatura_id":11,"candidatura_nombre":"BCSC","candidatura_votos_cantidad":"0","candidatura_votos_porcentaje":"0.0000","candidatura_logo":"\/emblemas\/BCSC.jpeg"},{"candidatura_id":12,"candidatura_nombre":"PNABCS","candidatura_votos_cantidad":"0","candidatura_votos_porcentaje":"0.0000","candidatura_logo":"\/emblemas\/PNABCS.jpeg"},{"candidatura_id":13,"candidatura_nombre":"PES","candidatura_votos_cantidad":"0","candidatura_votos_porcentaje":"0.0000","candidatura_logo":"\/emblemas\/PES.jpeg"},{"candidatura_id":15,"candidatura_nombre":"FXM","candidatura_votos_cantidad":"0","candidatura_votos_porcentaje":"0.0000","candidatura_logo":"\/emblemas\/FXM.jpeg"},{"candidatura_id":19,"candidatura_nombre":"CAND_IND_4","candidatura_votos_cantidad":"0","candidatura_votos_porcentaje":"0.0000","candidatura_logo":"\/emblemas\/CAND_IND_4.jpeg"},{"candidatura_id":20,"candidatura_nombre":"PT-MORENA","candidatura_votos_cantidad":"0","candidatura_votos_porcentaje":"0.0000","candidatura_logo":"\/emblemas\/PT-MORENA.jpeg"}]}]}