{"fecha_ultimo_corte":"27 Enero 2024","hora_local":"22:38 h UTC-7","tipo_eleccion":"Gubernatura","nombre_archivo_json":"gubernatura_resumen_votacion_nivel_distrito.json","distritos":[{"distrito_id":"1","total_votos_acumulados_numero":"0","total_votos_acumulados_porcentaje":"0.0000","total_votos_candidatura_noregistrada_numero":"0","total_votos_candidatura_noregistrada_porcentaje":"0.0000","total_votos_nulos_numero":"0","total_votos_nulos_porcentaje":"0.0000","total_votos_general_numero":"0","total_votos_general_porcentaje":"0.0000"},{"distrito_id":"2","total_votos_acumulados_numero":"0","total_votos_acumulados_porcentaje":"0.0000","total_votos_candidatura_noregistrada_numero":"0","total_votos_candidatura_noregistrada_porcentaje":"0.0000","total_votos_nulos_numero":"0","total_votos_nulos_porcentaje":"0.0000","total_votos_general_numero":"0","total_votos_general_porcentaje":"0.0000"},{"distrito_id":"3","total_votos_acumulados_numero":"0","total_votos_acumulados_porcentaje":"0.0000","total_votos_candidatura_noregistrada_numero":"0","total_votos_candidatura_noregistrada_porcentaje":"0.0000","total_votos_nulos_numero":"0","total_votos_nulos_porcentaje":"0.0000","total_votos_general_numero":"0","total_votos_general_porcentaje":"0.0000"},{"distrito_id":"4","total_votos_acumulados_numero":"0","total_votos_acumulados_porcentaje":"0.0000","total_votos_candidatura_noregistrada_numero":"0","total_votos_candidatura_noregistrada_porcentaje":"0.0000","total_votos_nulos_numero":"0","total_votos_nulos_porcentaje":"0.0000","total_votos_general_numero":"0","total_votos_general_porcentaje":"0.0000"},{"distrito_id":"5","total_votos_acumulados_numero":"0","total_votos_acumulados_porcentaje":"0.0000","total_votos_candidatura_noregistrada_numero":"0","total_votos_candidatura_noregistrada_porcentaje":"0.0000","total_votos_nulos_numero":"0","total_votos_nulos_porcentaje":"0.0000","total_votos_general_numero":"0","total_votos_general_porcentaje":"0.0000"},{"distrito_id":"6","total_votos_acumulados_numero":"0","total_votos_acumulados_porcentaje":"0.0000","total_votos_candidatura_noregistrada_numero":"0","total_votos_candidatura_noregistrada_porcentaje":"0.0000","total_votos_nulos_numero":"0","total_votos_nulos_porcentaje":"0.0000","total_votos_general_numero":"0","total_votos_general_porcentaje":"0.0000"},{"distrito_id":"7","total_votos_acumulados_numero":"0","total_votos_acumulados_porcentaje":"0.0000","total_votos_candidatura_noregistrada_numero":"0","total_votos_candidatura_noregistrada_porcentaje":"0.0000","total_votos_nulos_numero":"0","total_votos_nulos_porcentaje":"0.0000","total_votos_general_numero":"0","total_votos_general_porcentaje":"0.0000"},{"distrito_id":"8","total_votos_acumulados_numero":"0","total_votos_acumulados_porcentaje":"0.0000","total_votos_candidatura_noregistrada_numero":"0","total_votos_candidatura_noregistrada_porcentaje":"0.0000","total_votos_nulos_numero":"0","total_votos_nulos_porcentaje":"0.0000","total_votos_general_numero":"0","total_votos_general_porcentaje":"0.0000"},{"distrito_id":"9","total_votos_acumulados_numero":"0","total_votos_acumulados_porcentaje":"0.0000","total_votos_candidatura_noregistrada_numero":"0","total_votos_candidatura_noregistrada_porcentaje":"0.0000","total_votos_nulos_numero":"0","total_votos_nulos_porcentaje":"0.0000","total_votos_general_numero":"0","total_votos_general_porcentaje":"0.0000"},{"distrito_id":"10","total_votos_acumulados_numero":"0","total_votos_acumulados_porcentaje":"0.0000","total_votos_candidatura_noregistrada_numero":"0","total_votos_candidatura_noregistrada_porcentaje":"0.0000","total_votos_nulos_numero":"0","total_votos_nulos_porcentaje":"0.0000","total_votos_general_numero":"0","total_votos_general_porcentaje":"0.0000"},{"distrito_id":"11","total_votos_acumulados_numero":"0","total_votos_acumulados_porcentaje":"0.0000","total_votos_candidatura_noregistrada_numero":"0","total_votos_candidatura_noregistrada_porcentaje":"0.0000","total_votos_nulos_numero":"0","total_votos_nulos_porcentaje":"0.0000","total_votos_general_numero":"0","total_votos_general_porcentaje":"0.0000"},{"distrito_id":"12","total_votos_acumulados_numero":"0","total_votos_acumulados_porcentaje":"0.0000","total_votos_candidatura_noregistrada_numero":"0","total_votos_candidatura_noregistrada_porcentaje":"0.0000","total_votos_nulos_numero":"0","total_votos_nulos_porcentaje":"0.0000","total_votos_general_numero":"0","total_votos_general_porcentaje":"0.0000"},{"distrito_id":"13","total_votos_acumulados_numero":"0","total_votos_acumulados_porcentaje":"0.0000","total_votos_candidatura_noregistrada_numero":"0","total_votos_candidatura_noregistrada_porcentaje":"0.0000","total_votos_nulos_numero":"0","total_votos_nulos_porcentaje":"0.0000","total_votos_general_numero":"0","total_votos_general_porcentaje":"0.0000"},{"distrito_id":"14","total_votos_acumulados_numero":"0","total_votos_acumulados_porcentaje":"0.0000","total_votos_candidatura_noregistrada_numero":"0","total_votos_candidatura_noregistrada_porcentaje":"0.0000","total_votos_nulos_numero":"0","total_votos_nulos_porcentaje":"0.0000","total_votos_general_numero":"0","total_votos_general_porcentaje":"0.0000"},{"distrito_id":"15","total_votos_acumulados_numero":"0","total_votos_acumulados_porcentaje":"0.0000","total_votos_candidatura_noregistrada_numero":"0","total_votos_candidatura_noregistrada_porcentaje":"0.0000","total_votos_nulos_numero":"0","total_votos_nulos_porcentaje":"0.0000","total_votos_general_numero":"0","total_votos_general_porcentaje":"0.0000"},{"distrito_id":"16","total_votos_acumulados_numero":"0","total_votos_acumulados_porcentaje":"0.0000","total_votos_candidatura_noregistrada_numero":"0","total_votos_candidatura_noregistrada_porcentaje":"0.0000","total_votos_nulos_numero":"0","total_votos_nulos_porcentaje":"0.0000","total_votos_general_numero":"0","total_votos_general_porcentaje":"0.0000"}]}