{"fecha_utimo_corte":"27 Enero 2024","hora_local":"22:38 h UTC-7","tipo_eleccion":"Gubernatura","nombre_archivo_json":"gubernatura_votos_candidaturas_vista_graficas_nivel_entidad.json","candidato_id_con_mayor_numero_votos":0,"mayor_numero_votos_numero":0,"datos_candidatos":[{"candidato_id":188,"candidato_nombre":"Gia","candidato_apellidos":"Fadel","candidato_foto_url":"\/candidatos\/avatar-persona.svg","candidatura_total_votos_general_numero":"0","candidatura_total_votos_general_porcentaje":"0.0000","candidatura_total_votos_entidad_numero":"0","candidatura_total_votos_extranjero_numero":"0","candidatura_nombre":"PAN-PRI-PRD-PRS-PHBCS","candidatura_logo":"\/emblemas\/PAN-PRI-PRD-PRS-PHBCS.jpeg","candidatura_color":"#003D92"},{"candidato_id":53,"candidato_nombre":"Shanel","candidato_apellidos":"Volkman","candidato_foto_url":"\/candidatos\/avatar-persona.svg","candidatura_total_votos_general_numero":"0","candidatura_total_votos_general_porcentaje":"0.0000","candidatura_total_votos_entidad_numero":"0","candidatura_total_votos_extranjero_numero":"0","candidatura_nombre":"PVEM","candidatura_logo":"\/emblemas\/PVEM.jpeg","candidatura_color":"#2B7621"},{"candidato_id":90,"candidato_nombre":"Garland","candidato_apellidos":"Kemmer","candidato_foto_url":"\/candidatos\/avatar-persona.svg","candidatura_total_votos_general_numero":"0","candidatura_total_votos_general_porcentaje":"0.0000","candidatura_total_votos_entidad_numero":"0","candidatura_total_votos_extranjero_numero":"0","candidatura_nombre":"MC","candidatura_logo":"\/emblemas\/MC.jpeg","candidatura_color":"#FF6D00"},{"candidato_id":477,"candidato_nombre":"Hassie","candidato_apellidos":"Kirlin","candidato_foto_url":"\/candidatos\/avatar-persona.svg","candidatura_total_votos_general_numero":"0","candidatura_total_votos_general_porcentaje":"0.0000","candidatura_total_votos_entidad_numero":"0","candidatura_total_votos_extranjero_numero":"0","candidatura_nombre":"BCSC","candidatura_logo":"\/emblemas\/BCSC.jpeg","candidatura_color":"#80D291"},{"candidato_id":139,"candidato_nombre":"Lowell","candidato_apellidos":"Hintz","candidato_foto_url":"\/candidatos\/avatar-persona.svg","candidatura_total_votos_general_numero":"0","candidatura_total_votos_general_porcentaje":"0.0000","candidatura_total_votos_entidad_numero":"0","candidatura_total_votos_extranjero_numero":"0","candidatura_nombre":"PNABCS","candidatura_logo":"\/emblemas\/PNABCS.jpeg","candidatura_color":"#329FAE"},{"candidato_id":46,"candidato_nombre":"Pablo","candidato_apellidos":"Deckow","candidato_foto_url":"\/candidatos\/avatar-persona.svg","candidatura_total_votos_general_numero":"0","candidatura_total_votos_general_porcentaje":"0.0000","candidatura_total_votos_entidad_numero":"0","candidatura_total_votos_extranjero_numero":"0","candidatura_nombre":"PES","candidatura_logo":"\/emblemas\/PES.png","candidatura_color":"#924F9D"},{"candidato_id":697,"candidato_nombre":"Laurine","candidato_apellidos":"Pollich","candidato_foto_url":"\/candidatos\/avatar-persona.svg","candidatura_total_votos_general_numero":"0","candidatura_total_votos_general_porcentaje":"0.0000","candidatura_total_votos_entidad_numero":"0","candidatura_total_votos_extranjero_numero":"0","candidatura_nombre":"RSP","candidatura_logo":"\/emblemas\/RSP.jpeg","candidatura_color":"#39454D"},{"candidato_id":1001,"candidato_nombre":"Savion","candidato_apellidos":"Sporer","candidato_foto_url":"\/candidatos\/avatar-persona.svg","candidatura_total_votos_general_numero":"0","candidatura_total_votos_general_porcentaje":"0.0000","candidatura_total_votos_entidad_numero":"0","candidatura_total_votos_extranjero_numero":"0","candidatura_nombre":"FXM","candidatura_logo":"\/emblemas\/FXM.jpg","candidatura_color":"#DCAE6A"},{"candidato_id":1016,"candidato_nombre":"Nayeli","candidato_apellidos":"Heller","candidato_foto_url":"\/candidatos\/avatar-persona.svg","candidatura_total_votos_general_numero":"0","candidatura_total_votos_general_porcentaje":"0.0000","candidatura_total_votos_entidad_numero":"0","candidatura_total_votos_extranjero_numero":"0","candidatura_nombre":"CAND_IND_4","candidatura_logo":"\/emblemas\/CAND_IND_4.jpeg","candidatura_color":"#AB88A5"},{"candidato_id":39,"candidato_nombre":"Dejah","candidato_apellidos":"Pouros","candidato_foto_url":"\/candidatos\/avatar-persona.svg","candidatura_total_votos_general_numero":"0","candidatura_total_votos_general_porcentaje":"0.0000","candidatura_total_votos_entidad_numero":"0","candidatura_total_votos_extranjero_numero":"0","candidatura_nombre":"PT-MORENA","candidatura_logo":"\/emblemas\/PT-MORENA.jpeg","candidatura_color":"#651C32"}]}