{"fecha_utimo_corte":"27 Enero 2024","hora_local":"22:38 h UTC-7","tipo_eleccion":"Gubernatura","nombre_archivo_json":"Gubernatura_distribucion_votos_candidaturas_nivel_distrito.json","distritos":[{"distrito_id":"1","datos_candidatos":[{"candidato_id":7,"candidato_nombre":"Gia","candidato_apellidos":"Fadel","candidato_foto_url":"\/candidatos\/avatar-persona.svg","candidatura_nombre":"PAN-PRI-PRD-PRS-PHBCS","candidatura_total_votos_numero":null,"datos_votos":[{"logo_integrante":"\/emblemas\/PAN-PRI-PRD-PRS-PHBCS.jpeg","nombre_integrante":"Gia","votos_integrante":null}]},{"candidato_id":23,"candidato_nombre":"Shanel","candidato_apellidos":"Volkman","candidato_foto_url":"\/candidatos\/avatar-persona.svg","candidatura_nombre":"PVEM","candidatura_total_votos_numero":null,"datos_votos":[{"logo_integrante":"\/emblemas\/PVEM.jpeg","nombre_integrante":"Shanel","votos_integrante":null}]},{"candidato_id":39,"candidato_nombre":"Garland","candidato_apellidos":"Kemmer","candidato_foto_url":"\/candidatos\/avatar-persona.svg","candidatura_nombre":"MC","candidatura_total_votos_numero":null,"datos_votos":[{"logo_integrante":"\/emblemas\/MC.jpeg","nombre_integrante":"Garland","votos_integrante":null}]},{"candidato_id":55,"candidato_nombre":"Hassie","candidato_apellidos":"Kirlin","candidato_foto_url":"\/candidatos\/avatar-persona.svg","candidatura_nombre":"BCSC","candidatura_total_votos_numero":null,"datos_votos":[{"logo_integrante":"\/emblemas\/BCSC.jpeg","nombre_integrante":"Hassie","votos_integrante":null}]},{"candidato_id":71,"candidato_nombre":"Lowell","candidato_apellidos":"Hintz","candidato_foto_url":"\/candidatos\/avatar-persona.svg","candidatura_nombre":"PNABCS","candidatura_total_votos_numero":null,"datos_votos":[{"logo_integrante":"\/emblemas\/PNABCS.jpeg","nombre_integrante":"Lowell","votos_integrante":null}]},{"candidato_id":87,"candidato_nombre":"Pablo","candidato_apellidos":"Deckow","candidato_foto_url":"\/candidatos\/avatar-persona.svg","candidatura_nombre":"PES","candidatura_total_votos_numero":null,"datos_votos":[{"logo_integrante":"\/emblemas\/PES.png","nombre_integrante":"Pablo","votos_integrante":null}]},{"candidato_id":103,"candidato_nombre":"Laurine","candidato_apellidos":"Pollich","candidato_foto_url":"\/candidatos\/avatar-persona.svg","candidatura_nombre":"RSP","candidatura_total_votos_numero":null,"datos_votos":[{"logo_integrante":"\/emblemas\/RSP.jpeg","nombre_integrante":"Laurine","votos_integrante":null}]},{"candidato_id":119,"candidato_nombre":"Savion","candidato_apellidos":"Sporer","candidato_foto_url":"\/candidatos\/avatar-persona.svg","candidatura_nombre":"FXM","candidatura_total_votos_numero":null,"datos_votos":[{"logo_integrante":"\/emblemas\/FXM.jpg","nombre_integrante":"Savion","votos_integrante":null}]},{"candidato_id":135,"candidato_nombre":"Nayeli","candidato_apellidos":"Heller","candidato_foto_url":"\/candidatos\/avatar-persona.svg","candidatura_nombre":"CAND_IND_4","candidatura_total_votos_numero":null,"datos_votos":[{"logo_integrante":"\/emblemas\/CAND_IND_4.jpeg","nombre_integrante":"Nayeli","votos_integrante":null}]},{"candidato_id":151,"candidato_nombre":"Dejah","candidato_apellidos":"Pouros","candidato_foto_url":"\/candidatos\/avatar-persona.svg","candidatura_nombre":"PT-MORENA","candidatura_total_votos_numero":null,"datos_votos":[{"logo_integrante":"\/emblemas\/PT-MORENA.jpeg","nombre_integrante":"PT-MORENA","votos_integrante":null},{"logo_integrante":"\/emblemas\/PT.jpeg","nombre_integrante":"PT","votos_integrante":null},{"logo_integrante":"\/emblemas\/MORENA.jpeg","nombre_integrante":"MORENA","votos_integrante":null}]}]},{"distrito_id":"2","datos_candidatos":[{"candidato_id":16,"candidato_nombre":"Gia","candidato_apellidos":"Fadel","candidato_foto_url":"\/candidatos\/avatar-persona.svg","candidatura_nombre":"PAN-PRI-PRD-PRS-PHBCS","candidatura_total_votos_numero":null,"datos_votos":[{"logo_integrante":"\/emblemas\/PAN-PRI-PRD-PRS-PHBCS.jpeg","nombre_integrante":"Gia","votos_integrante":null}]},{"candidato_id":32,"candidato_nombre":"Shanel","candidato_apellidos":"Volkman","candidato_foto_url":"\/candidatos\/avatar-persona.svg","candidatura_nombre":"PVEM","candidatura_total_votos_numero":null,"datos_votos":[{"logo_integrante":"\/emblemas\/PVEM.jpeg","nombre_integrante":"Shanel","votos_integrante":null}]},{"candidato_id":48,"candidato_nombre":"Garland","candidato_apellidos":"Kemmer","candidato_foto_url":"\/candidatos\/avatar-persona.svg","candidatura_nombre":"MC","candidatura_total_votos_numero":null,"datos_votos":[{"logo_integrante":"\/emblemas\/MC.jpeg","nombre_integrante":"Garland","votos_integrante":null}]},{"candidato_id":64,"candidato_nombre":"Hassie","candidato_apellidos":"Kirlin","candidato_foto_url":"\/candidatos\/avatar-persona.svg","candidatura_nombre":"BCSC","candidatura_total_votos_numero":null,"datos_votos":[{"logo_integrante":"\/emblemas\/BCSC.jpeg","nombre_integrante":"Hassie","votos_integrante":null}]},{"candidato_id":80,"candidato_nombre":"Lowell","candidato_apellidos":"Hintz","candidato_foto_url":"\/candidatos\/avatar-persona.svg","candidatura_nombre":"PNABCS","candidatura_total_votos_numero":null,"datos_votos":[{"logo_integrante":"\/emblemas\/PNABCS.jpeg","nombre_integrante":"Lowell","votos_integrante":null}]},{"candidato_id":96,"candidato_nombre":"Pablo","candidato_apellidos":"Deckow","candidato_foto_url":"\/candidatos\/avatar-persona.svg","candidatura_nombre":"PES","candidatura_total_votos_numero":null,"datos_votos":[{"logo_integrante":"\/emblemas\/PES.png","nombre_integrante":"Pablo","votos_integrante":null}]},{"candidato_id":112,"candidato_nombre":"Laurine","candidato_apellidos":"Pollich","candidato_foto_url":"\/candidatos\/avatar-persona.svg","candidatura_nombre":"RSP","candidatura_total_votos_numero":null,"datos_votos":[{"logo_integrante":"\/emblemas\/RSP.jpeg","nombre_integrante":"Laurine","votos_integrante":null}]},{"candidato_id":128,"candidato_nombre":"Savion","candidato_apellidos":"Sporer","candidato_foto_url":"\/candidatos\/avatar-persona.svg","candidatura_nombre":"FXM","candidatura_total_votos_numero":null,"datos_votos":[{"logo_integrante":"\/emblemas\/FXM.jpg","nombre_integrante":"Savion","votos_integrante":null}]},{"candidato_id":144,"candidato_nombre":"Nayeli","candidato_apellidos":"Heller","candidato_foto_url":"\/candidatos\/avatar-persona.svg","candidatura_nombre":"CAND_IND_4","candidatura_total_votos_numero":null,"datos_votos":[{"logo_integrante":"\/emblemas\/CAND_IND_4.jpeg","nombre_integrante":"Nayeli","votos_integrante":null}]},{"candidato_id":160,"candidato_nombre":"Dejah","candidato_apellidos":"Pouros","candidato_foto_url":"\/candidatos\/avatar-persona.svg","candidatura_nombre":"PT-MORENA","candidatura_total_votos_numero":null,"datos_votos":[{"logo_integrante":"\/emblemas\/PT-MORENA.jpeg","nombre_integrante":"PT-MORENA","votos_integrante":null},{"logo_integrante":"\/emblemas\/PT.jpeg","nombre_integrante":"PT","votos_integrante":null},{"logo_integrante":"\/emblemas\/MORENA.jpeg","nombre_integrante":"MORENA","votos_integrante":null}]}]},{"distrito_id":"3","datos_candidatos":[{"candidato_id":9,"candidato_nombre":"Gia","candidato_apellidos":"Fadel","candidato_foto_url":"\/candidatos\/avatar-persona.svg","candidatura_nombre":"PAN-PRI-PRD-PRS-PHBCS","candidatura_total_votos_numero":null,"datos_votos":[{"logo_integrante":"\/emblemas\/PAN-PRI-PRD-PRS-PHBCS.jpeg","nombre_integrante":"Gia","votos_integrante":null}]},{"candidato_id":25,"candidato_nombre":"Shanel","candidato_apellidos":"Volkman","candidato_foto_url":"\/candidatos\/avatar-persona.svg","candidatura_nombre":"PVEM","candidatura_total_votos_numero":null,"datos_votos":[{"logo_integrante":"\/emblemas\/PVEM.jpeg","nombre_integrante":"Shanel","votos_integrante":null}]},{"candidato_id":41,"candidato_nombre":"Garland","candidato_apellidos":"Kemmer","candidato_foto_url":"\/candidatos\/avatar-persona.svg","candidatura_nombre":"MC","candidatura_total_votos_numero":null,"datos_votos":[{"logo_integrante":"\/emblemas\/MC.jpeg","nombre_integrante":"Garland","votos_integrante":null}]},{"candidato_id":57,"candidato_nombre":"Hassie","candidato_apellidos":"Kirlin","candidato_foto_url":"\/candidatos\/avatar-persona.svg","candidatura_nombre":"BCSC","candidatura_total_votos_numero":null,"datos_votos":[{"logo_integrante":"\/emblemas\/BCSC.jpeg","nombre_integrante":"Hassie","votos_integrante":null}]},{"candidato_id":73,"candidato_nombre":"Lowell","candidato_apellidos":"Hintz","candidato_foto_url":"\/candidatos\/avatar-persona.svg","candidatura_nombre":"PNABCS","candidatura_total_votos_numero":null,"datos_votos":[{"logo_integrante":"\/emblemas\/PNABCS.jpeg","nombre_integrante":"Lowell","votos_integrante":null}]},{"candidato_id":89,"candidato_nombre":"Pablo","candidato_apellidos":"Deckow","candidato_foto_url":"\/candidatos\/avatar-persona.svg","candidatura_nombre":"PES","candidatura_total_votos_numero":null,"datos_votos":[{"logo_integrante":"\/emblemas\/PES.png","nombre_integrante":"Pablo","votos_integrante":null}]},{"candidato_id":105,"candidato_nombre":"Laurine","candidato_apellidos":"Pollich","candidato_foto_url":"\/candidatos\/avatar-persona.svg","candidatura_nombre":"RSP","candidatura_total_votos_numero":null,"datos_votos":[{"logo_integrante":"\/emblemas\/RSP.jpeg","nombre_integrante":"Laurine","votos_integrante":null}]},{"candidato_id":121,"candidato_nombre":"Savion","candidato_apellidos":"Sporer","candidato_foto_url":"\/candidatos\/avatar-persona.svg","candidatura_nombre":"FXM","candidatura_total_votos_numero":null,"datos_votos":[{"logo_integrante":"\/emblemas\/FXM.jpg","nombre_integrante":"Savion","votos_integrante":null}]},{"candidato_id":137,"candidato_nombre":"Nayeli","candidato_apellidos":"Heller","candidato_foto_url":"\/candidatos\/avatar-persona.svg","candidatura_nombre":"CAND_IND_4","candidatura_total_votos_numero":null,"datos_votos":[{"logo_integrante":"\/emblemas\/CAND_IND_4.jpeg","nombre_integrante":"Nayeli","votos_integrante":null}]},{"candidato_id":153,"candidato_nombre":"Dejah","candidato_apellidos":"Pouros","candidato_foto_url":"\/candidatos\/avatar-persona.svg","candidatura_nombre":"PT-MORENA","candidatura_total_votos_numero":null,"datos_votos":[{"logo_integrante":"\/emblemas\/PT-MORENA.jpeg","nombre_integrante":"PT-MORENA","votos_integrante":null},{"logo_integrante":"\/emblemas\/PT.jpeg","nombre_integrante":"PT","votos_integrante":null},{"logo_integrante":"\/emblemas\/MORENA.jpeg","nombre_integrante":"MORENA","votos_integrante":null}]}]},{"distrito_id":"4","datos_candidatos":[{"candidato_id":2,"candidato_nombre":"Gia","candidato_apellidos":"Fadel","candidato_foto_url":"\/candidatos\/avatar-persona.svg","candidatura_nombre":"PAN-PRI-PRD-PRS-PHBCS","candidatura_total_votos_numero":null,"datos_votos":[{"logo_integrante":"\/emblemas\/PAN-PRI-PRD-PRS-PHBCS.jpeg","nombre_integrante":"Gia","votos_integrante":null}]},{"candidato_id":18,"candidato_nombre":"Shanel","candidato_apellidos":"Volkman","candidato_foto_url":"\/candidatos\/avatar-persona.svg","candidatura_nombre":"PVEM","candidatura_total_votos_numero":null,"datos_votos":[{"logo_integrante":"\/emblemas\/PVEM.jpeg","nombre_integrante":"Shanel","votos_integrante":null}]},{"candidato_id":34,"candidato_nombre":"Garland","candidato_apellidos":"Kemmer","candidato_foto_url":"\/candidatos\/avatar-persona.svg","candidatura_nombre":"MC","candidatura_total_votos_numero":null,"datos_votos":[{"logo_integrante":"\/emblemas\/MC.jpeg","nombre_integrante":"Garland","votos_integrante":null}]},{"candidato_id":50,"candidato_nombre":"Hassie","candidato_apellidos":"Kirlin","candidato_foto_url":"\/candidatos\/avatar-persona.svg","candidatura_nombre":"BCSC","candidatura_total_votos_numero":null,"datos_votos":[{"logo_integrante":"\/emblemas\/BCSC.jpeg","nombre_integrante":"Hassie","votos_integrante":null}]},{"candidato_id":66,"candidato_nombre":"Lowell","candidato_apellidos":"Hintz","candidato_foto_url":"\/candidatos\/avatar-persona.svg","candidatura_nombre":"PNABCS","candidatura_total_votos_numero":null,"datos_votos":[{"logo_integrante":"\/emblemas\/PNABCS.jpeg","nombre_integrante":"Lowell","votos_integrante":null}]},{"candidato_id":82,"candidato_nombre":"Pablo","candidato_apellidos":"Deckow","candidato_foto_url":"\/candidatos\/avatar-persona.svg","candidatura_nombre":"PES","candidatura_total_votos_numero":null,"datos_votos":[{"logo_integrante":"\/emblemas\/PES.png","nombre_integrante":"Pablo","votos_integrante":null}]},{"candidato_id":98,"candidato_nombre":"Laurine","candidato_apellidos":"Pollich","candidato_foto_url":"\/candidatos\/avatar-persona.svg","candidatura_nombre":"RSP","candidatura_total_votos_numero":null,"datos_votos":[{"logo_integrante":"\/emblemas\/RSP.jpeg","nombre_integrante":"Laurine","votos_integrante":null}]},{"candidato_id":114,"candidato_nombre":"Savion","candidato_apellidos":"Sporer","candidato_foto_url":"\/candidatos\/avatar-persona.svg","candidatura_nombre":"FXM","candidatura_total_votos_numero":null,"datos_votos":[{"logo_integrante":"\/emblemas\/FXM.jpg","nombre_integrante":"Savion","votos_integrante":null}]},{"candidato_id":130,"candidato_nombre":"Nayeli","candidato_apellidos":"Heller","candidato_foto_url":"\/candidatos\/avatar-persona.svg","candidatura_nombre":"CAND_IND_4","candidatura_total_votos_numero":null,"datos_votos":[{"logo_integrante":"\/emblemas\/CAND_IND_4.jpeg","nombre_integrante":"Nayeli","votos_integrante":null}]},{"candidato_id":146,"candidato_nombre":"Dejah","candidato_apellidos":"Pouros","candidato_foto_url":"\/candidatos\/avatar-persona.svg","candidatura_nombre":"PT-MORENA","candidatura_total_votos_numero":null,"datos_votos":[{"logo_integrante":"\/emblemas\/PT-MORENA.jpeg","nombre_integrante":"PT-MORENA","votos_integrante":null},{"logo_integrante":"\/emblemas\/PT.jpeg","nombre_integrante":"PT","votos_integrante":null},{"logo_integrante":"\/emblemas\/MORENA.jpeg","nombre_integrante":"MORENA","votos_integrante":null}]}]},{"distrito_id":"5","datos_candidatos":[{"candidato_id":11,"candidato_nombre":"Gia","candidato_apellidos":"Fadel","candidato_foto_url":"\/candidatos\/avatar-persona.svg","candidatura_nombre":"PAN-PRI-PRD-PRS-PHBCS","candidatura_total_votos_numero":null,"datos_votos":[{"logo_integrante":"\/emblemas\/PAN-PRI-PRD-PRS-PHBCS.jpeg","nombre_integrante":"Gia","votos_integrante":null}]},{"candidato_id":27,"candidato_nombre":"Shanel","candidato_apellidos":"Volkman","candidato_foto_url":"\/candidatos\/avatar-persona.svg","candidatura_nombre":"PVEM","candidatura_total_votos_numero":null,"datos_votos":[{"logo_integrante":"\/emblemas\/PVEM.jpeg","nombre_integrante":"Shanel","votos_integrante":null}]},{"candidato_id":43,"candidato_nombre":"Garland","candidato_apellidos":"Kemmer","candidato_foto_url":"\/candidatos\/avatar-persona.svg","candidatura_nombre":"MC","candidatura_total_votos_numero":null,"datos_votos":[{"logo_integrante":"\/emblemas\/MC.jpeg","nombre_integrante":"Garland","votos_integrante":null}]},{"candidato_id":59,"candidato_nombre":"Hassie","candidato_apellidos":"Kirlin","candidato_foto_url":"\/candidatos\/avatar-persona.svg","candidatura_nombre":"BCSC","candidatura_total_votos_numero":null,"datos_votos":[{"logo_integrante":"\/emblemas\/BCSC.jpeg","nombre_integrante":"Hassie","votos_integrante":null}]},{"candidato_id":75,"candidato_nombre":"Lowell","candidato_apellidos":"Hintz","candidato_foto_url":"\/candidatos\/avatar-persona.svg","candidatura_nombre":"PNABCS","candidatura_total_votos_numero":null,"datos_votos":[{"logo_integrante":"\/emblemas\/PNABCS.jpeg","nombre_integrante":"Lowell","votos_integrante":null}]},{"candidato_id":91,"candidato_nombre":"Pablo","candidato_apellidos":"Deckow","candidato_foto_url":"\/candidatos\/avatar-persona.svg","candidatura_nombre":"PES","candidatura_total_votos_numero":null,"datos_votos":[{"logo_integrante":"\/emblemas\/PES.png","nombre_integrante":"Pablo","votos_integrante":null}]},{"candidato_id":107,"candidato_nombre":"Laurine","candidato_apellidos":"Pollich","candidato_foto_url":"\/candidatos\/avatar-persona.svg","candidatura_nombre":"RSP","candidatura_total_votos_numero":null,"datos_votos":[{"logo_integrante":"\/emblemas\/RSP.jpeg","nombre_integrante":"Laurine","votos_integrante":null}]},{"candidato_id":123,"candidato_nombre":"Savion","candidato_apellidos":"Sporer","candidato_foto_url":"\/candidatos\/avatar-persona.svg","candidatura_nombre":"FXM","candidatura_total_votos_numero":null,"datos_votos":[{"logo_integrante":"\/emblemas\/FXM.jpg","nombre_integrante":"Savion","votos_integrante":null}]},{"candidato_id":139,"candidato_nombre":"Nayeli","candidato_apellidos":"Heller","candidato_foto_url":"\/candidatos\/avatar-persona.svg","candidatura_nombre":"CAND_IND_4","candidatura_total_votos_numero":null,"datos_votos":[{"logo_integrante":"\/emblemas\/CAND_IND_4.jpeg","nombre_integrante":"Nayeli","votos_integrante":null}]},{"candidato_id":155,"candidato_nombre":"Dejah","candidato_apellidos":"Pouros","candidato_foto_url":"\/candidatos\/avatar-persona.svg","candidatura_nombre":"PT-MORENA","candidatura_total_votos_numero":null,"datos_votos":[{"logo_integrante":"\/emblemas\/PT-MORENA.jpeg","nombre_integrante":"PT-MORENA","votos_integrante":null},{"logo_integrante":"\/emblemas\/PT.jpeg","nombre_integrante":"PT","votos_integrante":null},{"logo_integrante":"\/emblemas\/MORENA.jpeg","nombre_integrante":"MORENA","votos_integrante":null}]}]},{"distrito_id":"6","datos_candidatos":[{"candidato_id":4,"candidato_nombre":"Gia","candidato_apellidos":"Fadel","candidato_foto_url":"\/candidatos\/avatar-persona.svg","candidatura_nombre":"PAN-PRI-PRD-PRS-PHBCS","candidatura_total_votos_numero":null,"datos_votos":[{"logo_integrante":"\/emblemas\/PAN-PRI-PRD-PRS-PHBCS.jpeg","nombre_integrante":"Gia","votos_integrante":null}]},{"candidato_id":20,"candidato_nombre":"Shanel","candidato_apellidos":"Volkman","candidato_foto_url":"\/candidatos\/avatar-persona.svg","candidatura_nombre":"PVEM","candidatura_total_votos_numero":null,"datos_votos":[{"logo_integrante":"\/emblemas\/PVEM.jpeg","nombre_integrante":"Shanel","votos_integrante":null}]},{"candidato_id":36,"candidato_nombre":"Garland","candidato_apellidos":"Kemmer","candidato_foto_url":"\/candidatos\/avatar-persona.svg","candidatura_nombre":"MC","candidatura_total_votos_numero":null,"datos_votos":[{"logo_integrante":"\/emblemas\/MC.jpeg","nombre_integrante":"Garland","votos_integrante":null}]},{"candidato_id":52,"candidato_nombre":"Hassie","candidato_apellidos":"Kirlin","candidato_foto_url":"\/candidatos\/avatar-persona.svg","candidatura_nombre":"BCSC","candidatura_total_votos_numero":null,"datos_votos":[{"logo_integrante":"\/emblemas\/BCSC.jpeg","nombre_integrante":"Hassie","votos_integrante":null}]},{"candidato_id":68,"candidato_nombre":"Lowell","candidato_apellidos":"Hintz","candidato_foto_url":"\/candidatos\/avatar-persona.svg","candidatura_nombre":"PNABCS","candidatura_total_votos_numero":null,"datos_votos":[{"logo_integrante":"\/emblemas\/PNABCS.jpeg","nombre_integrante":"Lowell","votos_integrante":null}]},{"candidato_id":84,"candidato_nombre":"Pablo","candidato_apellidos":"Deckow","candidato_foto_url":"\/candidatos\/avatar-persona.svg","candidatura_nombre":"PES","candidatura_total_votos_numero":null,"datos_votos":[{"logo_integrante":"\/emblemas\/PES.png","nombre_integrante":"Pablo","votos_integrante":null}]},{"candidato_id":100,"candidato_nombre":"Laurine","candidato_apellidos":"Pollich","candidato_foto_url":"\/candidatos\/avatar-persona.svg","candidatura_nombre":"RSP","candidatura_total_votos_numero":null,"datos_votos":[{"logo_integrante":"\/emblemas\/RSP.jpeg","nombre_integrante":"Laurine","votos_integrante":null}]},{"candidato_id":116,"candidato_nombre":"Savion","candidato_apellidos":"Sporer","candidato_foto_url":"\/candidatos\/avatar-persona.svg","candidatura_nombre":"FXM","candidatura_total_votos_numero":null,"datos_votos":[{"logo_integrante":"\/emblemas\/FXM.jpg","nombre_integrante":"Savion","votos_integrante":null}]},{"candidato_id":132,"candidato_nombre":"Nayeli","candidato_apellidos":"Heller","candidato_foto_url":"\/candidatos\/avatar-persona.svg","candidatura_nombre":"CAND_IND_4","candidatura_total_votos_numero":null,"datos_votos":[{"logo_integrante":"\/emblemas\/CAND_IND_4.jpeg","nombre_integrante":"Nayeli","votos_integrante":null}]},{"candidato_id":148,"candidato_nombre":"Dejah","candidato_apellidos":"Pouros","candidato_foto_url":"\/candidatos\/avatar-persona.svg","candidatura_nombre":"PT-MORENA","candidatura_total_votos_numero":null,"datos_votos":[{"logo_integrante":"\/emblemas\/PT-MORENA.jpeg","nombre_integrante":"PT-MORENA","votos_integrante":null},{"logo_integrante":"\/emblemas\/PT.jpeg","nombre_integrante":"PT","votos_integrante":null},{"logo_integrante":"\/emblemas\/MORENA.jpeg","nombre_integrante":"MORENA","votos_integrante":null}]}]},{"distrito_id":"7","datos_candidatos":[{"candidato_id":13,"candidato_nombre":"Gia","candidato_apellidos":"Fadel","candidato_foto_url":"\/candidatos\/avatar-persona.svg","candidatura_nombre":"PAN-PRI-PRD-PRS-PHBCS","candidatura_total_votos_numero":null,"datos_votos":[{"logo_integrante":"\/emblemas\/PAN-PRI-PRD-PRS-PHBCS.jpeg","nombre_integrante":"Gia","votos_integrante":null}]},{"candidato_id":29,"candidato_nombre":"Shanel","candidato_apellidos":"Volkman","candidato_foto_url":"\/candidatos\/avatar-persona.svg","candidatura_nombre":"PVEM","candidatura_total_votos_numero":null,"datos_votos":[{"logo_integrante":"\/emblemas\/PVEM.jpeg","nombre_integrante":"Shanel","votos_integrante":null}]},{"candidato_id":45,"candidato_nombre":"Garland","candidato_apellidos":"Kemmer","candidato_foto_url":"\/candidatos\/avatar-persona.svg","candidatura_nombre":"MC","candidatura_total_votos_numero":null,"datos_votos":[{"logo_integrante":"\/emblemas\/MC.jpeg","nombre_integrante":"Garland","votos_integrante":null}]},{"candidato_id":61,"candidato_nombre":"Hassie","candidato_apellidos":"Kirlin","candidato_foto_url":"\/candidatos\/avatar-persona.svg","candidatura_nombre":"BCSC","candidatura_total_votos_numero":null,"datos_votos":[{"logo_integrante":"\/emblemas\/BCSC.jpeg","nombre_integrante":"Hassie","votos_integrante":null}]},{"candidato_id":77,"candidato_nombre":"Lowell","candidato_apellidos":"Hintz","candidato_foto_url":"\/candidatos\/avatar-persona.svg","candidatura_nombre":"PNABCS","candidatura_total_votos_numero":null,"datos_votos":[{"logo_integrante":"\/emblemas\/PNABCS.jpeg","nombre_integrante":"Lowell","votos_integrante":null}]},{"candidato_id":93,"candidato_nombre":"Pablo","candidato_apellidos":"Deckow","candidato_foto_url":"\/candidatos\/avatar-persona.svg","candidatura_nombre":"PES","candidatura_total_votos_numero":null,"datos_votos":[{"logo_integrante":"\/emblemas\/PES.png","nombre_integrante":"Pablo","votos_integrante":null}]},{"candidato_id":109,"candidato_nombre":"Laurine","candidato_apellidos":"Pollich","candidato_foto_url":"\/candidatos\/avatar-persona.svg","candidatura_nombre":"RSP","candidatura_total_votos_numero":null,"datos_votos":[{"logo_integrante":"\/emblemas\/RSP.jpeg","nombre_integrante":"Laurine","votos_integrante":null}]},{"candidato_id":125,"candidato_nombre":"Savion","candidato_apellidos":"Sporer","candidato_foto_url":"\/candidatos\/avatar-persona.svg","candidatura_nombre":"FXM","candidatura_total_votos_numero":null,"datos_votos":[{"logo_integrante":"\/emblemas\/FXM.jpg","nombre_integrante":"Savion","votos_integrante":null}]},{"candidato_id":141,"candidato_nombre":"Nayeli","candidato_apellidos":"Heller","candidato_foto_url":"\/candidatos\/avatar-persona.svg","candidatura_nombre":"CAND_IND_4","candidatura_total_votos_numero":null,"datos_votos":[{"logo_integrante":"\/emblemas\/CAND_IND_4.jpeg","nombre_integrante":"Nayeli","votos_integrante":null}]},{"candidato_id":157,"candidato_nombre":"Dejah","candidato_apellidos":"Pouros","candidato_foto_url":"\/candidatos\/avatar-persona.svg","candidatura_nombre":"PT-MORENA","candidatura_total_votos_numero":null,"datos_votos":[{"logo_integrante":"\/emblemas\/PT-MORENA.jpeg","nombre_integrante":"PT-MORENA","votos_integrante":null},{"logo_integrante":"\/emblemas\/PT.jpeg","nombre_integrante":"PT","votos_integrante":null},{"logo_integrante":"\/emblemas\/MORENA.jpeg","nombre_integrante":"MORENA","votos_integrante":null}]}]},{"distrito_id":"8","datos_candidatos":[{"candidato_id":6,"candidato_nombre":"Gia","candidato_apellidos":"Fadel","candidato_foto_url":"\/candidatos\/avatar-persona.svg","candidatura_nombre":"PAN-PRI-PRD-PRS-PHBCS","candidatura_total_votos_numero":null,"datos_votos":[{"logo_integrante":"\/emblemas\/PAN-PRI-PRD-PRS-PHBCS.jpeg","nombre_integrante":"Gia","votos_integrante":null}]},{"candidato_id":22,"candidato_nombre":"Shanel","candidato_apellidos":"Volkman","candidato_foto_url":"\/candidatos\/avatar-persona.svg","candidatura_nombre":"PVEM","candidatura_total_votos_numero":null,"datos_votos":[{"logo_integrante":"\/emblemas\/PVEM.jpeg","nombre_integrante":"Shanel","votos_integrante":null}]},{"candidato_id":38,"candidato_nombre":"Garland","candidato_apellidos":"Kemmer","candidato_foto_url":"\/candidatos\/avatar-persona.svg","candidatura_nombre":"MC","candidatura_total_votos_numero":null,"datos_votos":[{"logo_integrante":"\/emblemas\/MC.jpeg","nombre_integrante":"Garland","votos_integrante":null}]},{"candidato_id":54,"candidato_nombre":"Hassie","candidato_apellidos":"Kirlin","candidato_foto_url":"\/candidatos\/avatar-persona.svg","candidatura_nombre":"BCSC","candidatura_total_votos_numero":null,"datos_votos":[{"logo_integrante":"\/emblemas\/BCSC.jpeg","nombre_integrante":"Hassie","votos_integrante":null}]},{"candidato_id":70,"candidato_nombre":"Lowell","candidato_apellidos":"Hintz","candidato_foto_url":"\/candidatos\/avatar-persona.svg","candidatura_nombre":"PNABCS","candidatura_total_votos_numero":null,"datos_votos":[{"logo_integrante":"\/emblemas\/PNABCS.jpeg","nombre_integrante":"Lowell","votos_integrante":null}]},{"candidato_id":86,"candidato_nombre":"Pablo","candidato_apellidos":"Deckow","candidato_foto_url":"\/candidatos\/avatar-persona.svg","candidatura_nombre":"PES","candidatura_total_votos_numero":null,"datos_votos":[{"logo_integrante":"\/emblemas\/PES.png","nombre_integrante":"Pablo","votos_integrante":null}]},{"candidato_id":102,"candidato_nombre":"Laurine","candidato_apellidos":"Pollich","candidato_foto_url":"\/candidatos\/avatar-persona.svg","candidatura_nombre":"RSP","candidatura_total_votos_numero":null,"datos_votos":[{"logo_integrante":"\/emblemas\/RSP.jpeg","nombre_integrante":"Laurine","votos_integrante":null}]},{"candidato_id":118,"candidato_nombre":"Savion","candidato_apellidos":"Sporer","candidato_foto_url":"\/candidatos\/avatar-persona.svg","candidatura_nombre":"FXM","candidatura_total_votos_numero":null,"datos_votos":[{"logo_integrante":"\/emblemas\/FXM.jpg","nombre_integrante":"Savion","votos_integrante":null}]},{"candidato_id":134,"candidato_nombre":"Nayeli","candidato_apellidos":"Heller","candidato_foto_url":"\/candidatos\/avatar-persona.svg","candidatura_nombre":"CAND_IND_4","candidatura_total_votos_numero":null,"datos_votos":[{"logo_integrante":"\/emblemas\/CAND_IND_4.jpeg","nombre_integrante":"Nayeli","votos_integrante":null}]},{"candidato_id":150,"candidato_nombre":"Dejah","candidato_apellidos":"Pouros","candidato_foto_url":"\/candidatos\/avatar-persona.svg","candidatura_nombre":"PT-MORENA","candidatura_total_votos_numero":null,"datos_votos":[{"logo_integrante":"\/emblemas\/PT-MORENA.jpeg","nombre_integrante":"PT-MORENA","votos_integrante":null},{"logo_integrante":"\/emblemas\/PT.jpeg","nombre_integrante":"PT","votos_integrante":null},{"logo_integrante":"\/emblemas\/MORENA.jpeg","nombre_integrante":"MORENA","votos_integrante":null}]}]},{"distrito_id":"9","datos_candidatos":[{"candidato_id":15,"candidato_nombre":"Gia","candidato_apellidos":"Fadel","candidato_foto_url":"\/candidatos\/avatar-persona.svg","candidatura_nombre":"PAN-PRI-PRD-PRS-PHBCS","candidatura_total_votos_numero":null,"datos_votos":[{"logo_integrante":"\/emblemas\/PAN-PRI-PRD-PRS-PHBCS.jpeg","nombre_integrante":"Gia","votos_integrante":null}]},{"candidato_id":31,"candidato_nombre":"Shanel","candidato_apellidos":"Volkman","candidato_foto_url":"\/candidatos\/avatar-persona.svg","candidatura_nombre":"PVEM","candidatura_total_votos_numero":null,"datos_votos":[{"logo_integrante":"\/emblemas\/PVEM.jpeg","nombre_integrante":"Shanel","votos_integrante":null}]},{"candidato_id":47,"candidato_nombre":"Garland","candidato_apellidos":"Kemmer","candidato_foto_url":"\/candidatos\/avatar-persona.svg","candidatura_nombre":"MC","candidatura_total_votos_numero":null,"datos_votos":[{"logo_integrante":"\/emblemas\/MC.jpeg","nombre_integrante":"Garland","votos_integrante":null}]},{"candidato_id":63,"candidato_nombre":"Hassie","candidato_apellidos":"Kirlin","candidato_foto_url":"\/candidatos\/avatar-persona.svg","candidatura_nombre":"BCSC","candidatura_total_votos_numero":null,"datos_votos":[{"logo_integrante":"\/emblemas\/BCSC.jpeg","nombre_integrante":"Hassie","votos_integrante":null}]},{"candidato_id":79,"candidato_nombre":"Lowell","candidato_apellidos":"Hintz","candidato_foto_url":"\/candidatos\/avatar-persona.svg","candidatura_nombre":"PNABCS","candidatura_total_votos_numero":null,"datos_votos":[{"logo_integrante":"\/emblemas\/PNABCS.jpeg","nombre_integrante":"Lowell","votos_integrante":null}]},{"candidato_id":95,"candidato_nombre":"Pablo","candidato_apellidos":"Deckow","candidato_foto_url":"\/candidatos\/avatar-persona.svg","candidatura_nombre":"PES","candidatura_total_votos_numero":null,"datos_votos":[{"logo_integrante":"\/emblemas\/PES.png","nombre_integrante":"Pablo","votos_integrante":null}]},{"candidato_id":111,"candidato_nombre":"Laurine","candidato_apellidos":"Pollich","candidato_foto_url":"\/candidatos\/avatar-persona.svg","candidatura_nombre":"RSP","candidatura_total_votos_numero":null,"datos_votos":[{"logo_integrante":"\/emblemas\/RSP.jpeg","nombre_integrante":"Laurine","votos_integrante":null}]},{"candidato_id":127,"candidato_nombre":"Savion","candidato_apellidos":"Sporer","candidato_foto_url":"\/candidatos\/avatar-persona.svg","candidatura_nombre":"FXM","candidatura_total_votos_numero":null,"datos_votos":[{"logo_integrante":"\/emblemas\/FXM.jpg","nombre_integrante":"Savion","votos_integrante":null}]},{"candidato_id":143,"candidato_nombre":"Nayeli","candidato_apellidos":"Heller","candidato_foto_url":"\/candidatos\/avatar-persona.svg","candidatura_nombre":"CAND_IND_4","candidatura_total_votos_numero":null,"datos_votos":[{"logo_integrante":"\/emblemas\/CAND_IND_4.jpeg","nombre_integrante":"Nayeli","votos_integrante":null}]},{"candidato_id":159,"candidato_nombre":"Dejah","candidato_apellidos":"Pouros","candidato_foto_url":"\/candidatos\/avatar-persona.svg","candidatura_nombre":"PT-MORENA","candidatura_total_votos_numero":null,"datos_votos":[{"logo_integrante":"\/emblemas\/PT-MORENA.jpeg","nombre_integrante":"PT-MORENA","votos_integrante":null},{"logo_integrante":"\/emblemas\/PT.jpeg","nombre_integrante":"PT","votos_integrante":null},{"logo_integrante":"\/emblemas\/MORENA.jpeg","nombre_integrante":"MORENA","votos_integrante":null}]}]},{"distrito_id":"10","datos_candidatos":[{"candidato_id":8,"candidato_nombre":"Gia","candidato_apellidos":"Fadel","candidato_foto_url":"\/candidatos\/avatar-persona.svg","candidatura_nombre":"PAN-PRI-PRD-PRS-PHBCS","candidatura_total_votos_numero":null,"datos_votos":[{"logo_integrante":"\/emblemas\/PAN-PRI-PRD-PRS-PHBCS.jpeg","nombre_integrante":"Gia","votos_integrante":null}]},{"candidato_id":24,"candidato_nombre":"Shanel","candidato_apellidos":"Volkman","candidato_foto_url":"\/candidatos\/avatar-persona.svg","candidatura_nombre":"PVEM","candidatura_total_votos_numero":null,"datos_votos":[{"logo_integrante":"\/emblemas\/PVEM.jpeg","nombre_integrante":"Shanel","votos_integrante":null}]},{"candidato_id":40,"candidato_nombre":"Garland","candidato_apellidos":"Kemmer","candidato_foto_url":"\/candidatos\/avatar-persona.svg","candidatura_nombre":"MC","candidatura_total_votos_numero":null,"datos_votos":[{"logo_integrante":"\/emblemas\/MC.jpeg","nombre_integrante":"Garland","votos_integrante":null}]},{"candidato_id":56,"candidato_nombre":"Hassie","candidato_apellidos":"Kirlin","candidato_foto_url":"\/candidatos\/avatar-persona.svg","candidatura_nombre":"BCSC","candidatura_total_votos_numero":null,"datos_votos":[{"logo_integrante":"\/emblemas\/BCSC.jpeg","nombre_integrante":"Hassie","votos_integrante":null}]},{"candidato_id":72,"candidato_nombre":"Lowell","candidato_apellidos":"Hintz","candidato_foto_url":"\/candidatos\/avatar-persona.svg","candidatura_nombre":"PNABCS","candidatura_total_votos_numero":null,"datos_votos":[{"logo_integrante":"\/emblemas\/PNABCS.jpeg","nombre_integrante":"Lowell","votos_integrante":null}]},{"candidato_id":88,"candidato_nombre":"Pablo","candidato_apellidos":"Deckow","candidato_foto_url":"\/candidatos\/avatar-persona.svg","candidatura_nombre":"PES","candidatura_total_votos_numero":null,"datos_votos":[{"logo_integrante":"\/emblemas\/PES.png","nombre_integrante":"Pablo","votos_integrante":null}]},{"datos_votos":[]},{"candidato_id":120,"candidato_nombre":"Savion","candidato_apellidos":"Sporer","candidato_foto_url":"\/candidatos\/avatar-persona.svg","candidatura_nombre":"FXM","candidatura_total_votos_numero":null,"datos_votos":[{"logo_integrante":"\/emblemas\/FXM.jpg","nombre_integrante":"Savion","votos_integrante":null}]},{"candidato_id":136,"candidato_nombre":"Nayeli","candidato_apellidos":"Heller","candidato_foto_url":"\/candidatos\/avatar-persona.svg","candidatura_nombre":"CAND_IND_4","candidatura_total_votos_numero":null,"datos_votos":[{"logo_integrante":"\/emblemas\/CAND_IND_4.jpeg","nombre_integrante":"Nayeli","votos_integrante":null}]},{"candidato_id":152,"candidato_nombre":"Dejah","candidato_apellidos":"Pouros","candidato_foto_url":"\/candidatos\/avatar-persona.svg","candidatura_nombre":"PT-MORENA","candidatura_total_votos_numero":null,"datos_votos":[{"logo_integrante":"\/emblemas\/PT-MORENA.jpeg","nombre_integrante":"PT-MORENA","votos_integrante":null},{"logo_integrante":"\/emblemas\/PT.jpeg","nombre_integrante":"PT","votos_integrante":null},{"logo_integrante":"\/emblemas\/MORENA.jpeg","nombre_integrante":"MORENA","votos_integrante":null}]}]},{"distrito_id":"11","datos_candidatos":[{"candidato_id":1,"candidato_nombre":"Gia","candidato_apellidos":"Fadel","candidato_foto_url":"\/candidatos\/avatar-persona.svg","candidatura_nombre":"PAN-PRI-PRD-PRS-PHBCS","candidatura_total_votos_numero":null,"datos_votos":[{"logo_integrante":"\/emblemas\/PAN-PRI-PRD-PRS-PHBCS.jpeg","nombre_integrante":"Gia","votos_integrante":null}]},{"candidato_id":17,"candidato_nombre":"Shanel","candidato_apellidos":"Volkman","candidato_foto_url":"\/candidatos\/avatar-persona.svg","candidatura_nombre":"PVEM","candidatura_total_votos_numero":null,"datos_votos":[{"logo_integrante":"\/emblemas\/PVEM.jpeg","nombre_integrante":"Shanel","votos_integrante":null}]},{"candidato_id":33,"candidato_nombre":"Garland","candidato_apellidos":"Kemmer","candidato_foto_url":"\/candidatos\/avatar-persona.svg","candidatura_nombre":"MC","candidatura_total_votos_numero":null,"datos_votos":[{"logo_integrante":"\/emblemas\/MC.jpeg","nombre_integrante":"Garland","votos_integrante":null}]},{"candidato_id":49,"candidato_nombre":"Hassie","candidato_apellidos":"Kirlin","candidato_foto_url":"\/candidatos\/avatar-persona.svg","candidatura_nombre":"BCSC","candidatura_total_votos_numero":null,"datos_votos":[{"logo_integrante":"\/emblemas\/BCSC.jpeg","nombre_integrante":"Hassie","votos_integrante":null}]},{"candidato_id":65,"candidato_nombre":"Lowell","candidato_apellidos":"Hintz","candidato_foto_url":"\/candidatos\/avatar-persona.svg","candidatura_nombre":"PNABCS","candidatura_total_votos_numero":null,"datos_votos":[{"logo_integrante":"\/emblemas\/PNABCS.jpeg","nombre_integrante":"Lowell","votos_integrante":null}]},{"candidato_id":81,"candidato_nombre":"Pablo","candidato_apellidos":"Deckow","candidato_foto_url":"\/candidatos\/avatar-persona.svg","candidatura_nombre":"PES","candidatura_total_votos_numero":null,"datos_votos":[{"logo_integrante":"\/emblemas\/PES.png","nombre_integrante":"Pablo","votos_integrante":null}]},{"candidato_id":97,"candidato_nombre":"Laurine","candidato_apellidos":"Pollich","candidato_foto_url":"\/candidatos\/avatar-persona.svg","candidatura_nombre":"RSP","candidatura_total_votos_numero":null,"datos_votos":[{"logo_integrante":"\/emblemas\/RSP.jpeg","nombre_integrante":"Laurine","votos_integrante":null}]},{"candidato_id":113,"candidato_nombre":"Savion","candidato_apellidos":"Sporer","candidato_foto_url":"\/candidatos\/avatar-persona.svg","candidatura_nombre":"FXM","candidatura_total_votos_numero":null,"datos_votos":[{"logo_integrante":"\/emblemas\/FXM.jpg","nombre_integrante":"Savion","votos_integrante":null}]},{"candidato_id":129,"candidato_nombre":"Nayeli","candidato_apellidos":"Heller","candidato_foto_url":"\/candidatos\/avatar-persona.svg","candidatura_nombre":"CAND_IND_4","candidatura_total_votos_numero":null,"datos_votos":[{"logo_integrante":"\/emblemas\/CAND_IND_4.jpeg","nombre_integrante":"Nayeli","votos_integrante":null}]},{"candidato_id":145,"candidato_nombre":"Dejah","candidato_apellidos":"Pouros","candidato_foto_url":"\/candidatos\/avatar-persona.svg","candidatura_nombre":"PT-MORENA","candidatura_total_votos_numero":null,"datos_votos":[{"logo_integrante":"\/emblemas\/PT-MORENA.jpeg","nombre_integrante":"PT-MORENA","votos_integrante":null},{"logo_integrante":"\/emblemas\/PT.jpeg","nombre_integrante":"PT","votos_integrante":null},{"logo_integrante":"\/emblemas\/MORENA.jpeg","nombre_integrante":"MORENA","votos_integrante":null}]}]},{"distrito_id":"12","datos_candidatos":[{"candidato_id":10,"candidato_nombre":"Gia","candidato_apellidos":"Fadel","candidato_foto_url":"\/candidatos\/avatar-persona.svg","candidatura_nombre":"PAN-PRI-PRD-PRS-PHBCS","candidatura_total_votos_numero":null,"datos_votos":[{"logo_integrante":"\/emblemas\/PAN-PRI-PRD-PRS-PHBCS.jpeg","nombre_integrante":"Gia","votos_integrante":null}]},{"candidato_id":26,"candidato_nombre":"Shanel","candidato_apellidos":"Volkman","candidato_foto_url":"\/candidatos\/avatar-persona.svg","candidatura_nombre":"PVEM","candidatura_total_votos_numero":null,"datos_votos":[{"logo_integrante":"\/emblemas\/PVEM.jpeg","nombre_integrante":"Shanel","votos_integrante":null}]},{"candidato_id":42,"candidato_nombre":"Garland","candidato_apellidos":"Kemmer","candidato_foto_url":"\/candidatos\/avatar-persona.svg","candidatura_nombre":"MC","candidatura_total_votos_numero":null,"datos_votos":[{"logo_integrante":"\/emblemas\/MC.jpeg","nombre_integrante":"Garland","votos_integrante":null}]},{"candidato_id":58,"candidato_nombre":"Hassie","candidato_apellidos":"Kirlin","candidato_foto_url":"\/candidatos\/avatar-persona.svg","candidatura_nombre":"BCSC","candidatura_total_votos_numero":null,"datos_votos":[{"logo_integrante":"\/emblemas\/BCSC.jpeg","nombre_integrante":"Hassie","votos_integrante":null}]},{"candidato_id":74,"candidato_nombre":"Lowell","candidato_apellidos":"Hintz","candidato_foto_url":"\/candidatos\/avatar-persona.svg","candidatura_nombre":"PNABCS","candidatura_total_votos_numero":null,"datos_votos":[{"logo_integrante":"\/emblemas\/PNABCS.jpeg","nombre_integrante":"Lowell","votos_integrante":null}]},{"candidato_id":90,"candidato_nombre":"Pablo","candidato_apellidos":"Deckow","candidato_foto_url":"\/candidatos\/avatar-persona.svg","candidatura_nombre":"PES","candidatura_total_votos_numero":null,"datos_votos":[{"logo_integrante":"\/emblemas\/PES.png","nombre_integrante":"Pablo","votos_integrante":null}]},{"candidato_id":106,"candidato_nombre":"Laurine","candidato_apellidos":"Pollich","candidato_foto_url":"\/candidatos\/avatar-persona.svg","candidatura_nombre":"RSP","candidatura_total_votos_numero":null,"datos_votos":[{"logo_integrante":"\/emblemas\/RSP.jpeg","nombre_integrante":"Laurine","votos_integrante":null}]},{"candidato_id":122,"candidato_nombre":"Savion","candidato_apellidos":"Sporer","candidato_foto_url":"\/candidatos\/avatar-persona.svg","candidatura_nombre":"FXM","candidatura_total_votos_numero":null,"datos_votos":[{"logo_integrante":"\/emblemas\/FXM.jpg","nombre_integrante":"Savion","votos_integrante":null}]},{"candidato_id":138,"candidato_nombre":"Nayeli","candidato_apellidos":"Heller","candidato_foto_url":"\/candidatos\/avatar-persona.svg","candidatura_nombre":"CAND_IND_4","candidatura_total_votos_numero":null,"datos_votos":[{"logo_integrante":"\/emblemas\/CAND_IND_4.jpeg","nombre_integrante":"Nayeli","votos_integrante":null}]},{"candidato_id":154,"candidato_nombre":"Dejah","candidato_apellidos":"Pouros","candidato_foto_url":"\/candidatos\/avatar-persona.svg","candidatura_nombre":"PT-MORENA","candidatura_total_votos_numero":null,"datos_votos":[{"logo_integrante":"\/emblemas\/PT-MORENA.jpeg","nombre_integrante":"PT-MORENA","votos_integrante":null},{"logo_integrante":"\/emblemas\/PT.jpeg","nombre_integrante":"PT","votos_integrante":null},{"logo_integrante":"\/emblemas\/MORENA.jpeg","nombre_integrante":"MORENA","votos_integrante":null}]}]},{"distrito_id":"13","datos_candidatos":[{"candidato_id":3,"candidato_nombre":"Gia","candidato_apellidos":"Fadel","candidato_foto_url":"\/candidatos\/avatar-persona.svg","candidatura_nombre":"PAN-PRI-PRD-PRS-PHBCS","candidatura_total_votos_numero":null,"datos_votos":[{"logo_integrante":"\/emblemas\/PAN-PRI-PRD-PRS-PHBCS.jpeg","nombre_integrante":"Gia","votos_integrante":null}]},{"candidato_id":19,"candidato_nombre":"Shanel","candidato_apellidos":"Volkman","candidato_foto_url":"\/candidatos\/avatar-persona.svg","candidatura_nombre":"PVEM","candidatura_total_votos_numero":null,"datos_votos":[{"logo_integrante":"\/emblemas\/PVEM.jpeg","nombre_integrante":"Shanel","votos_integrante":null}]},{"candidato_id":35,"candidato_nombre":"Garland","candidato_apellidos":"Kemmer","candidato_foto_url":"\/candidatos\/avatar-persona.svg","candidatura_nombre":"MC","candidatura_total_votos_numero":null,"datos_votos":[{"logo_integrante":"\/emblemas\/MC.jpeg","nombre_integrante":"Garland","votos_integrante":null}]},{"candidato_id":51,"candidato_nombre":"Hassie","candidato_apellidos":"Kirlin","candidato_foto_url":"\/candidatos\/avatar-persona.svg","candidatura_nombre":"BCSC","candidatura_total_votos_numero":null,"datos_votos":[{"logo_integrante":"\/emblemas\/BCSC.jpeg","nombre_integrante":"Hassie","votos_integrante":null}]},{"candidato_id":67,"candidato_nombre":"Lowell","candidato_apellidos":"Hintz","candidato_foto_url":"\/candidatos\/avatar-persona.svg","candidatura_nombre":"PNABCS","candidatura_total_votos_numero":null,"datos_votos":[{"logo_integrante":"\/emblemas\/PNABCS.jpeg","nombre_integrante":"Lowell","votos_integrante":null}]},{"candidato_id":83,"candidato_nombre":"Pablo","candidato_apellidos":"Deckow","candidato_foto_url":"\/candidatos\/avatar-persona.svg","candidatura_nombre":"PES","candidatura_total_votos_numero":null,"datos_votos":[{"logo_integrante":"\/emblemas\/PES.png","nombre_integrante":"Pablo","votos_integrante":null}]},{"candidato_id":99,"candidato_nombre":"Laurine","candidato_apellidos":"Pollich","candidato_foto_url":"\/candidatos\/avatar-persona.svg","candidatura_nombre":"RSP","candidatura_total_votos_numero":null,"datos_votos":[{"logo_integrante":"\/emblemas\/RSP.jpeg","nombre_integrante":"Laurine","votos_integrante":null}]},{"candidato_id":115,"candidato_nombre":"Savion","candidato_apellidos":"Sporer","candidato_foto_url":"\/candidatos\/avatar-persona.svg","candidatura_nombre":"FXM","candidatura_total_votos_numero":null,"datos_votos":[{"logo_integrante":"\/emblemas\/FXM.jpg","nombre_integrante":"Savion","votos_integrante":null}]},{"candidato_id":131,"candidato_nombre":"Nayeli","candidato_apellidos":"Heller","candidato_foto_url":"\/candidatos\/avatar-persona.svg","candidatura_nombre":"CAND_IND_4","candidatura_total_votos_numero":null,"datos_votos":[{"logo_integrante":"\/emblemas\/CAND_IND_4.jpeg","nombre_integrante":"Nayeli","votos_integrante":null}]},{"candidato_id":147,"candidato_nombre":"Dejah","candidato_apellidos":"Pouros","candidato_foto_url":"\/candidatos\/avatar-persona.svg","candidatura_nombre":"PT-MORENA","candidatura_total_votos_numero":null,"datos_votos":[{"logo_integrante":"\/emblemas\/PT-MORENA.jpeg","nombre_integrante":"PT-MORENA","votos_integrante":null},{"logo_integrante":"\/emblemas\/PT.jpeg","nombre_integrante":"PT","votos_integrante":null},{"logo_integrante":"\/emblemas\/MORENA.jpeg","nombre_integrante":"MORENA","votos_integrante":null}]}]},{"distrito_id":"14","datos_candidatos":[{"candidato_id":12,"candidato_nombre":"Gia","candidato_apellidos":"Fadel","candidato_foto_url":"\/candidatos\/avatar-persona.svg","candidatura_nombre":"PAN-PRI-PRD-PRS-PHBCS","candidatura_total_votos_numero":null,"datos_votos":[{"logo_integrante":"\/emblemas\/PAN-PRI-PRD-PRS-PHBCS.jpeg","nombre_integrante":"Gia","votos_integrante":null}]},{"candidato_id":28,"candidato_nombre":"Shanel","candidato_apellidos":"Volkman","candidato_foto_url":"\/candidatos\/avatar-persona.svg","candidatura_nombre":"PVEM","candidatura_total_votos_numero":null,"datos_votos":[{"logo_integrante":"\/emblemas\/PVEM.jpeg","nombre_integrante":"Shanel","votos_integrante":null}]},{"candidato_id":44,"candidato_nombre":"Garland","candidato_apellidos":"Kemmer","candidato_foto_url":"\/candidatos\/avatar-persona.svg","candidatura_nombre":"MC","candidatura_total_votos_numero":null,"datos_votos":[{"logo_integrante":"\/emblemas\/MC.jpeg","nombre_integrante":"Garland","votos_integrante":null}]},{"candidato_id":60,"candidato_nombre":"Hassie","candidato_apellidos":"Kirlin","candidato_foto_url":"\/candidatos\/avatar-persona.svg","candidatura_nombre":"BCSC","candidatura_total_votos_numero":null,"datos_votos":[{"logo_integrante":"\/emblemas\/BCSC.jpeg","nombre_integrante":"Hassie","votos_integrante":null}]},{"candidato_id":76,"candidato_nombre":"Lowell","candidato_apellidos":"Hintz","candidato_foto_url":"\/candidatos\/avatar-persona.svg","candidatura_nombre":"PNABCS","candidatura_total_votos_numero":null,"datos_votos":[{"logo_integrante":"\/emblemas\/PNABCS.jpeg","nombre_integrante":"Lowell","votos_integrante":null}]},{"candidato_id":92,"candidato_nombre":"Pablo","candidato_apellidos":"Deckow","candidato_foto_url":"\/candidatos\/avatar-persona.svg","candidatura_nombre":"PES","candidatura_total_votos_numero":null,"datos_votos":[{"logo_integrante":"\/emblemas\/PES.png","nombre_integrante":"Pablo","votos_integrante":null}]},{"candidato_id":108,"candidato_nombre":"Laurine","candidato_apellidos":"Pollich","candidato_foto_url":"\/candidatos\/avatar-persona.svg","candidatura_nombre":"RSP","candidatura_total_votos_numero":null,"datos_votos":[{"logo_integrante":"\/emblemas\/RSP.jpeg","nombre_integrante":"Laurine","votos_integrante":null}]},{"candidato_id":124,"candidato_nombre":"Savion","candidato_apellidos":"Sporer","candidato_foto_url":"\/candidatos\/avatar-persona.svg","candidatura_nombre":"FXM","candidatura_total_votos_numero":null,"datos_votos":[{"logo_integrante":"\/emblemas\/FXM.jpg","nombre_integrante":"Savion","votos_integrante":null}]},{"candidato_id":140,"candidato_nombre":"Nayeli","candidato_apellidos":"Heller","candidato_foto_url":"\/candidatos\/avatar-persona.svg","candidatura_nombre":"CAND_IND_4","candidatura_total_votos_numero":null,"datos_votos":[{"logo_integrante":"\/emblemas\/CAND_IND_4.jpeg","nombre_integrante":"Nayeli","votos_integrante":null}]},{"candidato_id":156,"candidato_nombre":"Dejah","candidato_apellidos":"Pouros","candidato_foto_url":"\/candidatos\/avatar-persona.svg","candidatura_nombre":"PT-MORENA","candidatura_total_votos_numero":null,"datos_votos":[{"logo_integrante":"\/emblemas\/PT-MORENA.jpeg","nombre_integrante":"PT-MORENA","votos_integrante":null},{"logo_integrante":"\/emblemas\/PT.jpeg","nombre_integrante":"PT","votos_integrante":null},{"logo_integrante":"\/emblemas\/MORENA.jpeg","nombre_integrante":"MORENA","votos_integrante":null}]}]},{"distrito_id":"15","datos_candidatos":[{"candidato_id":5,"candidato_nombre":"Gia","candidato_apellidos":"Fadel","candidato_foto_url":"\/candidatos\/avatar-persona.svg","candidatura_nombre":"PAN-PRI-PRD-PRS-PHBCS","candidatura_total_votos_numero":null,"datos_votos":[{"logo_integrante":"\/emblemas\/PAN-PRI-PRD-PRS-PHBCS.jpeg","nombre_integrante":"Gia","votos_integrante":null}]},{"candidato_id":21,"candidato_nombre":"Shanel","candidato_apellidos":"Volkman","candidato_foto_url":"\/candidatos\/avatar-persona.svg","candidatura_nombre":"PVEM","candidatura_total_votos_numero":null,"datos_votos":[{"logo_integrante":"\/emblemas\/PVEM.jpeg","nombre_integrante":"Shanel","votos_integrante":null}]},{"candidato_id":37,"candidato_nombre":"Garland","candidato_apellidos":"Kemmer","candidato_foto_url":"\/candidatos\/avatar-persona.svg","candidatura_nombre":"MC","candidatura_total_votos_numero":null,"datos_votos":[{"logo_integrante":"\/emblemas\/MC.jpeg","nombre_integrante":"Garland","votos_integrante":null}]},{"candidato_id":53,"candidato_nombre":"Hassie","candidato_apellidos":"Kirlin","candidato_foto_url":"\/candidatos\/avatar-persona.svg","candidatura_nombre":"BCSC","candidatura_total_votos_numero":null,"datos_votos":[{"logo_integrante":"\/emblemas\/BCSC.jpeg","nombre_integrante":"Hassie","votos_integrante":null}]},{"candidato_id":69,"candidato_nombre":"Lowell","candidato_apellidos":"Hintz","candidato_foto_url":"\/candidatos\/avatar-persona.svg","candidatura_nombre":"PNABCS","candidatura_total_votos_numero":null,"datos_votos":[{"logo_integrante":"\/emblemas\/PNABCS.jpeg","nombre_integrante":"Lowell","votos_integrante":null}]},{"candidato_id":85,"candidato_nombre":"Pablo","candidato_apellidos":"Deckow","candidato_foto_url":"\/candidatos\/avatar-persona.svg","candidatura_nombre":"PES","candidatura_total_votos_numero":null,"datos_votos":[{"logo_integrante":"\/emblemas\/PES.png","nombre_integrante":"Pablo","votos_integrante":null}]},{"candidato_id":101,"candidato_nombre":"Laurine","candidato_apellidos":"Pollich","candidato_foto_url":"\/candidatos\/avatar-persona.svg","candidatura_nombre":"RSP","candidatura_total_votos_numero":null,"datos_votos":[{"logo_integrante":"\/emblemas\/RSP.jpeg","nombre_integrante":"Laurine","votos_integrante":null}]},{"candidato_id":117,"candidato_nombre":"Savion","candidato_apellidos":"Sporer","candidato_foto_url":"\/candidatos\/avatar-persona.svg","candidatura_nombre":"FXM","candidatura_total_votos_numero":null,"datos_votos":[{"logo_integrante":"\/emblemas\/FXM.jpg","nombre_integrante":"Savion","votos_integrante":null}]},{"candidato_id":133,"candidato_nombre":"Nayeli","candidato_apellidos":"Heller","candidato_foto_url":"\/candidatos\/avatar-persona.svg","candidatura_nombre":"CAND_IND_4","candidatura_total_votos_numero":null,"datos_votos":[{"logo_integrante":"\/emblemas\/CAND_IND_4.jpeg","nombre_integrante":"Nayeli","votos_integrante":null}]},{"candidato_id":149,"candidato_nombre":"Dejah","candidato_apellidos":"Pouros","candidato_foto_url":"\/candidatos\/avatar-persona.svg","candidatura_nombre":"PT-MORENA","candidatura_total_votos_numero":null,"datos_votos":[{"logo_integrante":"\/emblemas\/PT-MORENA.jpeg","nombre_integrante":"PT-MORENA","votos_integrante":null},{"logo_integrante":"\/emblemas\/PT.jpeg","nombre_integrante":"PT","votos_integrante":null},{"logo_integrante":"\/emblemas\/MORENA.jpeg","nombre_integrante":"MORENA","votos_integrante":null}]}]},{"distrito_id":"16","datos_candidatos":[{"candidato_id":14,"candidato_nombre":"Gia","candidato_apellidos":"Fadel","candidato_foto_url":"\/candidatos\/avatar-persona.svg","candidatura_nombre":"PAN-PRI-PRD-PRS-PHBCS","candidatura_total_votos_numero":null,"datos_votos":[{"logo_integrante":"\/emblemas\/PAN-PRI-PRD-PRS-PHBCS.jpeg","nombre_integrante":"Gia","votos_integrante":null}]},{"candidato_id":30,"candidato_nombre":"Shanel","candidato_apellidos":"Volkman","candidato_foto_url":"\/candidatos\/avatar-persona.svg","candidatura_nombre":"PVEM","candidatura_total_votos_numero":null,"datos_votos":[{"logo_integrante":"\/emblemas\/PVEM.jpeg","nombre_integrante":"Shanel","votos_integrante":null}]},{"candidato_id":46,"candidato_nombre":"Garland","candidato_apellidos":"Kemmer","candidato_foto_url":"\/candidatos\/avatar-persona.svg","candidatura_nombre":"MC","candidatura_total_votos_numero":null,"datos_votos":[{"logo_integrante":"\/emblemas\/MC.jpeg","nombre_integrante":"Garland","votos_integrante":null}]},{"candidato_id":62,"candidato_nombre":"Hassie","candidato_apellidos":"Kirlin","candidato_foto_url":"\/candidatos\/avatar-persona.svg","candidatura_nombre":"BCSC","candidatura_total_votos_numero":null,"datos_votos":[{"logo_integrante":"\/emblemas\/BCSC.jpeg","nombre_integrante":"Hassie","votos_integrante":null}]},{"candidato_id":78,"candidato_nombre":"Lowell","candidato_apellidos":"Hintz","candidato_foto_url":"\/candidatos\/avatar-persona.svg","candidatura_nombre":"PNABCS","candidatura_total_votos_numero":null,"datos_votos":[{"logo_integrante":"\/emblemas\/PNABCS.jpeg","nombre_integrante":"Lowell","votos_integrante":null}]},{"candidato_id":94,"candidato_nombre":"Pablo","candidato_apellidos":"Deckow","candidato_foto_url":"\/candidatos\/avatar-persona.svg","candidatura_nombre":"PES","candidatura_total_votos_numero":null,"datos_votos":[{"logo_integrante":"\/emblemas\/PES.png","nombre_integrante":"Pablo","votos_integrante":null}]},{"candidato_id":110,"candidato_nombre":"Laurine","candidato_apellidos":"Pollich","candidato_foto_url":"\/candidatos\/avatar-persona.svg","candidatura_nombre":"RSP","candidatura_total_votos_numero":null,"datos_votos":[{"logo_integrante":"\/emblemas\/RSP.jpeg","nombre_integrante":"Laurine","votos_integrante":null}]},{"candidato_id":126,"candidato_nombre":"Savion","candidato_apellidos":"Sporer","candidato_foto_url":"\/candidatos\/avatar-persona.svg","candidatura_nombre":"FXM","candidatura_total_votos_numero":null,"datos_votos":[{"logo_integrante":"\/emblemas\/FXM.jpg","nombre_integrante":"Savion","votos_integrante":null}]},{"candidato_id":142,"candidato_nombre":"Nayeli","candidato_apellidos":"Heller","candidato_foto_url":"\/candidatos\/avatar-persona.svg","candidatura_nombre":"CAND_IND_4","candidatura_total_votos_numero":null,"datos_votos":[{"logo_integrante":"\/emblemas\/CAND_IND_4.jpeg","nombre_integrante":"Nayeli","votos_integrante":null}]},{"candidato_id":158,"candidato_nombre":"Dejah","candidato_apellidos":"Pouros","candidato_foto_url":"\/candidatos\/avatar-persona.svg","candidatura_nombre":"PT-MORENA","candidatura_total_votos_numero":null,"datos_votos":[{"logo_integrante":"\/emblemas\/PT-MORENA.jpeg","nombre_integrante":"PT-MORENA","votos_integrante":null},{"logo_integrante":"\/emblemas\/PT.jpeg","nombre_integrante":"PT","votos_integrante":null},{"logo_integrante":"\/emblemas\/MORENA.jpeg","nombre_integrante":"MORENA","votos_integrante":null}]}]}]}