{"fecha_ultimo_corte":"27 Enero 2024","hora_local":"22:38 h UTC-7","tipo_eleccion":"Gubernatura","nombre_archivo_json":"gubernatura_resumen_por_casillas_del_extranjero.json","dato_casilla":[{"casilla_tipo":"Extranjero","casilla_descripcion":"184 Extranjero","acta_id":"","votos_acumulados_numero":"0","votos_acumulados_porcentaje":"0.0000","candidaturas_no_registradas_numero":"0","candidaturas_no_registradas_porcentaje":"0.0000","nulos_numero":"0","nulos_porcentaje":"0.0000","total_numero":"0","total_porcentaje":"0.0000"}]}