{"fecha_utimo_corte":"27 Enero 2024","hora_local":"22:38 h UTC-7","tipo_eleccion":"Gubernatura","nombre_archivo_json":"gubernatura_votos_partido_politicos_vista_tarjetas_nivel_distrito.json","distritos":[{"distrito_id":"1","partidos":[{"partido_id":1,"partido_nombre":"PAN-PRI-PRD-PRS-PHBCS","partido_logo":null,"partido_total_votos_entidad_numero":"0","partido_total_votos_entidad_porcentaje":"0.0000","seleccionado":false},{"partido_id":5,"partido_nombre":"PT","partido_logo":null,"partido_total_votos_entidad_numero":"0","partido_total_votos_entidad_porcentaje":"0.0000","seleccionado":false},{"partido_id":6,"partido_nombre":"PVEM","partido_logo":null,"partido_total_votos_entidad_numero":"0","partido_total_votos_entidad_porcentaje":"0.0000","seleccionado":false},{"partido_id":7,"partido_nombre":"MC","partido_logo":null,"partido_total_votos_entidad_numero":"0","partido_total_votos_entidad_porcentaje":"0.0000","seleccionado":false},{"partido_id":9,"partido_nombre":"MORENA","partido_logo":null,"partido_total_votos_entidad_numero":"0","partido_total_votos_entidad_porcentaje":"0.0000","seleccionado":false},{"partido_id":11,"partido_nombre":"BCSC","partido_logo":null,"partido_total_votos_entidad_numero":"0","partido_total_votos_entidad_porcentaje":"0.0000","seleccionado":false},{"partido_id":12,"partido_nombre":"PNABCS","partido_logo":null,"partido_total_votos_entidad_numero":"0","partido_total_votos_entidad_porcentaje":"0.0000","seleccionado":false},{"partido_id":13,"partido_nombre":"PES","partido_logo":null,"partido_total_votos_entidad_numero":"0","partido_total_votos_entidad_porcentaje":"0.0000","seleccionado":false},{"partido_id":14,"partido_nombre":"RSP","partido_logo":null,"partido_total_votos_entidad_numero":"0","partido_total_votos_entidad_porcentaje":"0.0000","seleccionado":false},{"partido_id":15,"partido_nombre":"FXM","partido_logo":null,"partido_total_votos_entidad_numero":"0","partido_total_votos_entidad_porcentaje":"0.0000","seleccionado":false},{"partido_id":19,"partido_nombre":"CAND_IND_4","partido_logo":null,"partido_total_votos_entidad_numero":"0","partido_total_votos_entidad_porcentaje":"0.0000","seleccionado":false}]},{"distrito_id":"2","partidos":[{"partido_id":1,"partido_nombre":"PAN-PRI-PRD-PRS-PHBCS","partido_logo":null,"partido_total_votos_entidad_numero":"0","partido_total_votos_entidad_porcentaje":"0.0000","seleccionado":false},{"partido_id":5,"partido_nombre":"PT","partido_logo":null,"partido_total_votos_entidad_numero":"0","partido_total_votos_entidad_porcentaje":"0.0000","seleccionado":false},{"partido_id":6,"partido_nombre":"PVEM","partido_logo":null,"partido_total_votos_entidad_numero":"0","partido_total_votos_entidad_porcentaje":"0.0000","seleccionado":false},{"partido_id":7,"partido_nombre":"MC","partido_logo":null,"partido_total_votos_entidad_numero":"0","partido_total_votos_entidad_porcentaje":"0.0000","seleccionado":false},{"partido_id":9,"partido_nombre":"MORENA","partido_logo":null,"partido_total_votos_entidad_numero":"0","partido_total_votos_entidad_porcentaje":"0.0000","seleccionado":false},{"partido_id":11,"partido_nombre":"BCSC","partido_logo":null,"partido_total_votos_entidad_numero":"0","partido_total_votos_entidad_porcentaje":"0.0000","seleccionado":false},{"partido_id":12,"partido_nombre":"PNABCS","partido_logo":null,"partido_total_votos_entidad_numero":"0","partido_total_votos_entidad_porcentaje":"0.0000","seleccionado":false},{"partido_id":13,"partido_nombre":"PES","partido_logo":null,"partido_total_votos_entidad_numero":"0","partido_total_votos_entidad_porcentaje":"0.0000","seleccionado":false},{"partido_id":14,"partido_nombre":"RSP","partido_logo":null,"partido_total_votos_entidad_numero":"0","partido_total_votos_entidad_porcentaje":"0.0000","seleccionado":false},{"partido_id":15,"partido_nombre":"FXM","partido_logo":null,"partido_total_votos_entidad_numero":"0","partido_total_votos_entidad_porcentaje":"0.0000","seleccionado":false},{"partido_id":19,"partido_nombre":"CAND_IND_4","partido_logo":null,"partido_total_votos_entidad_numero":"0","partido_total_votos_entidad_porcentaje":"0.0000","seleccionado":false}]},{"distrito_id":"3","partidos":[{"partido_id":1,"partido_nombre":"PAN-PRI-PRD-PRS-PHBCS","partido_logo":null,"partido_total_votos_entidad_numero":"0","partido_total_votos_entidad_porcentaje":"0.0000","seleccionado":false},{"partido_id":5,"partido_nombre":"PT","partido_logo":null,"partido_total_votos_entidad_numero":"0","partido_total_votos_entidad_porcentaje":"0.0000","seleccionado":false},{"partido_id":6,"partido_nombre":"PVEM","partido_logo":null,"partido_total_votos_entidad_numero":"0","partido_total_votos_entidad_porcentaje":"0.0000","seleccionado":false},{"partido_id":7,"partido_nombre":"MC","partido_logo":null,"partido_total_votos_entidad_numero":"0","partido_total_votos_entidad_porcentaje":"0.0000","seleccionado":false},{"partido_id":9,"partido_nombre":"MORENA","partido_logo":null,"partido_total_votos_entidad_numero":"0","partido_total_votos_entidad_porcentaje":"0.0000","seleccionado":false},{"partido_id":11,"partido_nombre":"BCSC","partido_logo":null,"partido_total_votos_entidad_numero":"0","partido_total_votos_entidad_porcentaje":"0.0000","seleccionado":false},{"partido_id":12,"partido_nombre":"PNABCS","partido_logo":null,"partido_total_votos_entidad_numero":"0","partido_total_votos_entidad_porcentaje":"0.0000","seleccionado":false},{"partido_id":13,"partido_nombre":"PES","partido_logo":null,"partido_total_votos_entidad_numero":"0","partido_total_votos_entidad_porcentaje":"0.0000","seleccionado":false},{"partido_id":14,"partido_nombre":"RSP","partido_logo":null,"partido_total_votos_entidad_numero":"0","partido_total_votos_entidad_porcentaje":"0.0000","seleccionado":false},{"partido_id":15,"partido_nombre":"FXM","partido_logo":null,"partido_total_votos_entidad_numero":"0","partido_total_votos_entidad_porcentaje":"0.0000","seleccionado":false},{"partido_id":19,"partido_nombre":"CAND_IND_4","partido_logo":null,"partido_total_votos_entidad_numero":"0","partido_total_votos_entidad_porcentaje":"0.0000","seleccionado":false}]},{"distrito_id":"4","partidos":[{"partido_id":1,"partido_nombre":"PAN-PRI-PRD-PRS-PHBCS","partido_logo":null,"partido_total_votos_entidad_numero":"0","partido_total_votos_entidad_porcentaje":"0.0000","seleccionado":false},{"partido_id":5,"partido_nombre":"PT","partido_logo":null,"partido_total_votos_entidad_numero":"0","partido_total_votos_entidad_porcentaje":"0.0000","seleccionado":false},{"partido_id":6,"partido_nombre":"PVEM","partido_logo":null,"partido_total_votos_entidad_numero":"0","partido_total_votos_entidad_porcentaje":"0.0000","seleccionado":false},{"partido_id":7,"partido_nombre":"MC","partido_logo":null,"partido_total_votos_entidad_numero":"0","partido_total_votos_entidad_porcentaje":"0.0000","seleccionado":false},{"partido_id":9,"partido_nombre":"MORENA","partido_logo":null,"partido_total_votos_entidad_numero":"0","partido_total_votos_entidad_porcentaje":"0.0000","seleccionado":false},{"partido_id":11,"partido_nombre":"BCSC","partido_logo":null,"partido_total_votos_entidad_numero":"0","partido_total_votos_entidad_porcentaje":"0.0000","seleccionado":false},{"partido_id":12,"partido_nombre":"PNABCS","partido_logo":null,"partido_total_votos_entidad_numero":"0","partido_total_votos_entidad_porcentaje":"0.0000","seleccionado":false},{"partido_id":13,"partido_nombre":"PES","partido_logo":null,"partido_total_votos_entidad_numero":"0","partido_total_votos_entidad_porcentaje":"0.0000","seleccionado":false},{"partido_id":14,"partido_nombre":"RSP","partido_logo":null,"partido_total_votos_entidad_numero":"0","partido_total_votos_entidad_porcentaje":"0.0000","seleccionado":false},{"partido_id":15,"partido_nombre":"FXM","partido_logo":null,"partido_total_votos_entidad_numero":"0","partido_total_votos_entidad_porcentaje":"0.0000","seleccionado":false},{"partido_id":19,"partido_nombre":"CAND_IND_4","partido_logo":null,"partido_total_votos_entidad_numero":"0","partido_total_votos_entidad_porcentaje":"0.0000","seleccionado":false}]},{"distrito_id":"5","partidos":[{"partido_id":1,"partido_nombre":"PAN-PRI-PRD-PRS-PHBCS","partido_logo":null,"partido_total_votos_entidad_numero":"0","partido_total_votos_entidad_porcentaje":"0.0000","seleccionado":false},{"partido_id":5,"partido_nombre":"PT","partido_logo":null,"partido_total_votos_entidad_numero":"0","partido_total_votos_entidad_porcentaje":"0.0000","seleccionado":false},{"partido_id":6,"partido_nombre":"PVEM","partido_logo":null,"partido_total_votos_entidad_numero":"0","partido_total_votos_entidad_porcentaje":"0.0000","seleccionado":false},{"partido_id":7,"partido_nombre":"MC","partido_logo":null,"partido_total_votos_entidad_numero":"0","partido_total_votos_entidad_porcentaje":"0.0000","seleccionado":false},{"partido_id":9,"partido_nombre":"MORENA","partido_logo":null,"partido_total_votos_entidad_numero":"0","partido_total_votos_entidad_porcentaje":"0.0000","seleccionado":false},{"partido_id":11,"partido_nombre":"BCSC","partido_logo":null,"partido_total_votos_entidad_numero":"0","partido_total_votos_entidad_porcentaje":"0.0000","seleccionado":false},{"partido_id":12,"partido_nombre":"PNABCS","partido_logo":null,"partido_total_votos_entidad_numero":"0","partido_total_votos_entidad_porcentaje":"0.0000","seleccionado":false},{"partido_id":13,"partido_nombre":"PES","partido_logo":null,"partido_total_votos_entidad_numero":"0","partido_total_votos_entidad_porcentaje":"0.0000","seleccionado":false},{"partido_id":14,"partido_nombre":"RSP","partido_logo":null,"partido_total_votos_entidad_numero":"0","partido_total_votos_entidad_porcentaje":"0.0000","seleccionado":false},{"partido_id":15,"partido_nombre":"FXM","partido_logo":null,"partido_total_votos_entidad_numero":"0","partido_total_votos_entidad_porcentaje":"0.0000","seleccionado":false},{"partido_id":19,"partido_nombre":"CAND_IND_4","partido_logo":null,"partido_total_votos_entidad_numero":"0","partido_total_votos_entidad_porcentaje":"0.0000","seleccionado":false}]},{"distrito_id":"6","partidos":[{"partido_id":1,"partido_nombre":"PAN-PRI-PRD-PRS-PHBCS","partido_logo":null,"partido_total_votos_entidad_numero":"0","partido_total_votos_entidad_porcentaje":"0.0000","seleccionado":false},{"partido_id":5,"partido_nombre":"PT","partido_logo":null,"partido_total_votos_entidad_numero":"0","partido_total_votos_entidad_porcentaje":"0.0000","seleccionado":false},{"partido_id":6,"partido_nombre":"PVEM","partido_logo":null,"partido_total_votos_entidad_numero":"0","partido_total_votos_entidad_porcentaje":"0.0000","seleccionado":false},{"partido_id":7,"partido_nombre":"MC","partido_logo":null,"partido_total_votos_entidad_numero":"0","partido_total_votos_entidad_porcentaje":"0.0000","seleccionado":false},{"partido_id":9,"partido_nombre":"MORENA","partido_logo":null,"partido_total_votos_entidad_numero":"0","partido_total_votos_entidad_porcentaje":"0.0000","seleccionado":false},{"partido_id":11,"partido_nombre":"BCSC","partido_logo":null,"partido_total_votos_entidad_numero":"0","partido_total_votos_entidad_porcentaje":"0.0000","seleccionado":false},{"partido_id":12,"partido_nombre":"PNABCS","partido_logo":null,"partido_total_votos_entidad_numero":"0","partido_total_votos_entidad_porcentaje":"0.0000","seleccionado":false},{"partido_id":13,"partido_nombre":"PES","partido_logo":null,"partido_total_votos_entidad_numero":"0","partido_total_votos_entidad_porcentaje":"0.0000","seleccionado":false},{"partido_id":14,"partido_nombre":"RSP","partido_logo":null,"partido_total_votos_entidad_numero":"0","partido_total_votos_entidad_porcentaje":"0.0000","seleccionado":false},{"partido_id":15,"partido_nombre":"FXM","partido_logo":null,"partido_total_votos_entidad_numero":"0","partido_total_votos_entidad_porcentaje":"0.0000","seleccionado":false},{"partido_id":19,"partido_nombre":"CAND_IND_4","partido_logo":null,"partido_total_votos_entidad_numero":"0","partido_total_votos_entidad_porcentaje":"0.0000","seleccionado":false}]},{"distrito_id":"7","partidos":[{"partido_id":1,"partido_nombre":"PAN-PRI-PRD-PRS-PHBCS","partido_logo":null,"partido_total_votos_entidad_numero":"0","partido_total_votos_entidad_porcentaje":"0.0000","seleccionado":false},{"partido_id":5,"partido_nombre":"PT","partido_logo":null,"partido_total_votos_entidad_numero":"0","partido_total_votos_entidad_porcentaje":"0.0000","seleccionado":false},{"partido_id":6,"partido_nombre":"PVEM","partido_logo":null,"partido_total_votos_entidad_numero":"0","partido_total_votos_entidad_porcentaje":"0.0000","seleccionado":false},{"partido_id":7,"partido_nombre":"MC","partido_logo":null,"partido_total_votos_entidad_numero":"0","partido_total_votos_entidad_porcentaje":"0.0000","seleccionado":false},{"partido_id":9,"partido_nombre":"MORENA","partido_logo":null,"partido_total_votos_entidad_numero":"0","partido_total_votos_entidad_porcentaje":"0.0000","seleccionado":false},{"partido_id":11,"partido_nombre":"BCSC","partido_logo":null,"partido_total_votos_entidad_numero":"0","partido_total_votos_entidad_porcentaje":"0.0000","seleccionado":false},{"partido_id":12,"partido_nombre":"PNABCS","partido_logo":null,"partido_total_votos_entidad_numero":"0","partido_total_votos_entidad_porcentaje":"0.0000","seleccionado":false},{"partido_id":13,"partido_nombre":"PES","partido_logo":null,"partido_total_votos_entidad_numero":"0","partido_total_votos_entidad_porcentaje":"0.0000","seleccionado":false},{"partido_id":14,"partido_nombre":"RSP","partido_logo":null,"partido_total_votos_entidad_numero":"0","partido_total_votos_entidad_porcentaje":"0.0000","seleccionado":false},{"partido_id":15,"partido_nombre":"FXM","partido_logo":null,"partido_total_votos_entidad_numero":"0","partido_total_votos_entidad_porcentaje":"0.0000","seleccionado":false},{"partido_id":19,"partido_nombre":"CAND_IND_4","partido_logo":null,"partido_total_votos_entidad_numero":"0","partido_total_votos_entidad_porcentaje":"0.0000","seleccionado":false}]},{"distrito_id":"8","partidos":[{"partido_id":1,"partido_nombre":"PAN-PRI-PRD-PRS-PHBCS","partido_logo":null,"partido_total_votos_entidad_numero":"0","partido_total_votos_entidad_porcentaje":"0.0000","seleccionado":false},{"partido_id":5,"partido_nombre":"PT","partido_logo":null,"partido_total_votos_entidad_numero":"0","partido_total_votos_entidad_porcentaje":"0.0000","seleccionado":false},{"partido_id":6,"partido_nombre":"PVEM","partido_logo":null,"partido_total_votos_entidad_numero":"0","partido_total_votos_entidad_porcentaje":"0.0000","seleccionado":false},{"partido_id":7,"partido_nombre":"MC","partido_logo":null,"partido_total_votos_entidad_numero":"0","partido_total_votos_entidad_porcentaje":"0.0000","seleccionado":false},{"partido_id":9,"partido_nombre":"MORENA","partido_logo":null,"partido_total_votos_entidad_numero":"0","partido_total_votos_entidad_porcentaje":"0.0000","seleccionado":false},{"partido_id":11,"partido_nombre":"BCSC","partido_logo":null,"partido_total_votos_entidad_numero":"0","partido_total_votos_entidad_porcentaje":"0.0000","seleccionado":false},{"partido_id":12,"partido_nombre":"PNABCS","partido_logo":null,"partido_total_votos_entidad_numero":"0","partido_total_votos_entidad_porcentaje":"0.0000","seleccionado":false},{"partido_id":13,"partido_nombre":"PES","partido_logo":null,"partido_total_votos_entidad_numero":"0","partido_total_votos_entidad_porcentaje":"0.0000","seleccionado":false},{"partido_id":14,"partido_nombre":"RSP","partido_logo":null,"partido_total_votos_entidad_numero":"0","partido_total_votos_entidad_porcentaje":"0.0000","seleccionado":false},{"partido_id":15,"partido_nombre":"FXM","partido_logo":null,"partido_total_votos_entidad_numero":"0","partido_total_votos_entidad_porcentaje":"0.0000","seleccionado":false},{"partido_id":19,"partido_nombre":"CAND_IND_4","partido_logo":null,"partido_total_votos_entidad_numero":"0","partido_total_votos_entidad_porcentaje":"0.0000","seleccionado":false}]},{"distrito_id":"9","partidos":[{"partido_id":1,"partido_nombre":"PAN-PRI-PRD-PRS-PHBCS","partido_logo":null,"partido_total_votos_entidad_numero":"0","partido_total_votos_entidad_porcentaje":"0.0000","seleccionado":false},{"partido_id":5,"partido_nombre":"PT","partido_logo":null,"partido_total_votos_entidad_numero":"0","partido_total_votos_entidad_porcentaje":"0.0000","seleccionado":false},{"partido_id":6,"partido_nombre":"PVEM","partido_logo":null,"partido_total_votos_entidad_numero":"0","partido_total_votos_entidad_porcentaje":"0.0000","seleccionado":false},{"partido_id":7,"partido_nombre":"MC","partido_logo":null,"partido_total_votos_entidad_numero":"0","partido_total_votos_entidad_porcentaje":"0.0000","seleccionado":false},{"partido_id":9,"partido_nombre":"MORENA","partido_logo":null,"partido_total_votos_entidad_numero":"0","partido_total_votos_entidad_porcentaje":"0.0000","seleccionado":false},{"partido_id":11,"partido_nombre":"BCSC","partido_logo":null,"partido_total_votos_entidad_numero":"0","partido_total_votos_entidad_porcentaje":"0.0000","seleccionado":false},{"partido_id":12,"partido_nombre":"PNABCS","partido_logo":null,"partido_total_votos_entidad_numero":"0","partido_total_votos_entidad_porcentaje":"0.0000","seleccionado":false},{"partido_id":13,"partido_nombre":"PES","partido_logo":null,"partido_total_votos_entidad_numero":"0","partido_total_votos_entidad_porcentaje":"0.0000","seleccionado":false},{"partido_id":14,"partido_nombre":"RSP","partido_logo":null,"partido_total_votos_entidad_numero":"0","partido_total_votos_entidad_porcentaje":"0.0000","seleccionado":false},{"partido_id":15,"partido_nombre":"FXM","partido_logo":null,"partido_total_votos_entidad_numero":"0","partido_total_votos_entidad_porcentaje":"0.0000","seleccionado":false},{"partido_id":19,"partido_nombre":"CAND_IND_4","partido_logo":null,"partido_total_votos_entidad_numero":"0","partido_total_votos_entidad_porcentaje":"0.0000","seleccionado":false}]},{"distrito_id":"10","partidos":[{"partido_id":1,"partido_nombre":"PAN-PRI-PRD-PRS-PHBCS","partido_logo":null,"partido_total_votos_entidad_numero":"0","partido_total_votos_entidad_porcentaje":"0.0000","seleccionado":false},{"partido_id":5,"partido_nombre":"PT","partido_logo":null,"partido_total_votos_entidad_numero":"0","partido_total_votos_entidad_porcentaje":"0.0000","seleccionado":false},{"partido_id":6,"partido_nombre":"PVEM","partido_logo":null,"partido_total_votos_entidad_numero":"0","partido_total_votos_entidad_porcentaje":"0.0000","seleccionado":false},{"partido_id":7,"partido_nombre":"MC","partido_logo":null,"partido_total_votos_entidad_numero":"0","partido_total_votos_entidad_porcentaje":"0.0000","seleccionado":false},{"partido_id":9,"partido_nombre":"MORENA","partido_logo":null,"partido_total_votos_entidad_numero":"0","partido_total_votos_entidad_porcentaje":"0.0000","seleccionado":false},{"partido_id":11,"partido_nombre":"BCSC","partido_logo":null,"partido_total_votos_entidad_numero":"0","partido_total_votos_entidad_porcentaje":"0.0000","seleccionado":false},{"partido_id":12,"partido_nombre":"PNABCS","partido_logo":null,"partido_total_votos_entidad_numero":"0","partido_total_votos_entidad_porcentaje":"0.0000","seleccionado":false},{"partido_id":13,"partido_nombre":"PES","partido_logo":null,"partido_total_votos_entidad_numero":"0","partido_total_votos_entidad_porcentaje":"0.0000","seleccionado":false},{"partido_id":14,"partido_nombre":"RSP","partido_logo":null,"partido_total_votos_entidad_numero":"0","partido_total_votos_entidad_porcentaje":"0.0000","seleccionado":false},{"partido_id":15,"partido_nombre":"FXM","partido_logo":null,"partido_total_votos_entidad_numero":"0","partido_total_votos_entidad_porcentaje":"0.0000","seleccionado":false},{"partido_id":19,"partido_nombre":"CAND_IND_4","partido_logo":null,"partido_total_votos_entidad_numero":"0","partido_total_votos_entidad_porcentaje":"0.0000","seleccionado":false}]},{"distrito_id":"11","partidos":[{"partido_id":1,"partido_nombre":"PAN-PRI-PRD-PRS-PHBCS","partido_logo":null,"partido_total_votos_entidad_numero":"0","partido_total_votos_entidad_porcentaje":"0.0000","seleccionado":false},{"partido_id":5,"partido_nombre":"PT","partido_logo":null,"partido_total_votos_entidad_numero":"0","partido_total_votos_entidad_porcentaje":"0.0000","seleccionado":false},{"partido_id":6,"partido_nombre":"PVEM","partido_logo":null,"partido_total_votos_entidad_numero":"0","partido_total_votos_entidad_porcentaje":"0.0000","seleccionado":false},{"partido_id":7,"partido_nombre":"MC","partido_logo":null,"partido_total_votos_entidad_numero":"0","partido_total_votos_entidad_porcentaje":"0.0000","seleccionado":false},{"partido_id":9,"partido_nombre":"MORENA","partido_logo":null,"partido_total_votos_entidad_numero":"0","partido_total_votos_entidad_porcentaje":"0.0000","seleccionado":false},{"partido_id":11,"partido_nombre":"BCSC","partido_logo":null,"partido_total_votos_entidad_numero":"0","partido_total_votos_entidad_porcentaje":"0.0000","seleccionado":false},{"partido_id":12,"partido_nombre":"PNABCS","partido_logo":null,"partido_total_votos_entidad_numero":"0","partido_total_votos_entidad_porcentaje":"0.0000","seleccionado":false},{"partido_id":13,"partido_nombre":"PES","partido_logo":null,"partido_total_votos_entidad_numero":"0","partido_total_votos_entidad_porcentaje":"0.0000","seleccionado":false},{"partido_id":14,"partido_nombre":"RSP","partido_logo":null,"partido_total_votos_entidad_numero":"0","partido_total_votos_entidad_porcentaje":"0.0000","seleccionado":false},{"partido_id":15,"partido_nombre":"FXM","partido_logo":null,"partido_total_votos_entidad_numero":"0","partido_total_votos_entidad_porcentaje":"0.0000","seleccionado":false},{"partido_id":19,"partido_nombre":"CAND_IND_4","partido_logo":null,"partido_total_votos_entidad_numero":"0","partido_total_votos_entidad_porcentaje":"0.0000","seleccionado":false}]},{"distrito_id":"12","partidos":[{"partido_id":1,"partido_nombre":"PAN-PRI-PRD-PRS-PHBCS","partido_logo":null,"partido_total_votos_entidad_numero":"0","partido_total_votos_entidad_porcentaje":"0.0000","seleccionado":false},{"partido_id":5,"partido_nombre":"PT","partido_logo":null,"partido_total_votos_entidad_numero":"0","partido_total_votos_entidad_porcentaje":"0.0000","seleccionado":false},{"partido_id":6,"partido_nombre":"PVEM","partido_logo":null,"partido_total_votos_entidad_numero":"0","partido_total_votos_entidad_porcentaje":"0.0000","seleccionado":false},{"partido_id":7,"partido_nombre":"MC","partido_logo":null,"partido_total_votos_entidad_numero":"0","partido_total_votos_entidad_porcentaje":"0.0000","seleccionado":false},{"partido_id":9,"partido_nombre":"MORENA","partido_logo":null,"partido_total_votos_entidad_numero":"0","partido_total_votos_entidad_porcentaje":"0.0000","seleccionado":false},{"partido_id":11,"partido_nombre":"BCSC","partido_logo":null,"partido_total_votos_entidad_numero":"0","partido_total_votos_entidad_porcentaje":"0.0000","seleccionado":false},{"partido_id":12,"partido_nombre":"PNABCS","partido_logo":null,"partido_total_votos_entidad_numero":"0","partido_total_votos_entidad_porcentaje":"0.0000","seleccionado":false},{"partido_id":13,"partido_nombre":"PES","partido_logo":null,"partido_total_votos_entidad_numero":"0","partido_total_votos_entidad_porcentaje":"0.0000","seleccionado":false},{"partido_id":14,"partido_nombre":"RSP","partido_logo":null,"partido_total_votos_entidad_numero":"0","partido_total_votos_entidad_porcentaje":"0.0000","seleccionado":false},{"partido_id":15,"partido_nombre":"FXM","partido_logo":null,"partido_total_votos_entidad_numero":"0","partido_total_votos_entidad_porcentaje":"0.0000","seleccionado":false},{"partido_id":19,"partido_nombre":"CAND_IND_4","partido_logo":null,"partido_total_votos_entidad_numero":"0","partido_total_votos_entidad_porcentaje":"0.0000","seleccionado":false}]},{"distrito_id":"13","partidos":[{"partido_id":1,"partido_nombre":"PAN-PRI-PRD-PRS-PHBCS","partido_logo":null,"partido_total_votos_entidad_numero":"0","partido_total_votos_entidad_porcentaje":"0.0000","seleccionado":false},{"partido_id":5,"partido_nombre":"PT","partido_logo":null,"partido_total_votos_entidad_numero":"0","partido_total_votos_entidad_porcentaje":"0.0000","seleccionado":false},{"partido_id":6,"partido_nombre":"PVEM","partido_logo":null,"partido_total_votos_entidad_numero":"0","partido_total_votos_entidad_porcentaje":"0.0000","seleccionado":false},{"partido_id":7,"partido_nombre":"MC","partido_logo":null,"partido_total_votos_entidad_numero":"0","partido_total_votos_entidad_porcentaje":"0.0000","seleccionado":false},{"partido_id":9,"partido_nombre":"MORENA","partido_logo":null,"partido_total_votos_entidad_numero":"0","partido_total_votos_entidad_porcentaje":"0.0000","seleccionado":false},{"partido_id":11,"partido_nombre":"BCSC","partido_logo":null,"partido_total_votos_entidad_numero":"0","partido_total_votos_entidad_porcentaje":"0.0000","seleccionado":false},{"partido_id":12,"partido_nombre":"PNABCS","partido_logo":null,"partido_total_votos_entidad_numero":"0","partido_total_votos_entidad_porcentaje":"0.0000","seleccionado":false},{"partido_id":13,"partido_nombre":"PES","partido_logo":null,"partido_total_votos_entidad_numero":"0","partido_total_votos_entidad_porcentaje":"0.0000","seleccionado":false},{"partido_id":14,"partido_nombre":"RSP","partido_logo":null,"partido_total_votos_entidad_numero":"0","partido_total_votos_entidad_porcentaje":"0.0000","seleccionado":false},{"partido_id":15,"partido_nombre":"FXM","partido_logo":null,"partido_total_votos_entidad_numero":"0","partido_total_votos_entidad_porcentaje":"0.0000","seleccionado":false},{"partido_id":19,"partido_nombre":"CAND_IND_4","partido_logo":null,"partido_total_votos_entidad_numero":"0","partido_total_votos_entidad_porcentaje":"0.0000","seleccionado":false}]},{"distrito_id":"14","partidos":[{"partido_id":1,"partido_nombre":"PAN-PRI-PRD-PRS-PHBCS","partido_logo":null,"partido_total_votos_entidad_numero":"0","partido_total_votos_entidad_porcentaje":"0.0000","seleccionado":false},{"partido_id":5,"partido_nombre":"PT","partido_logo":null,"partido_total_votos_entidad_numero":"0","partido_total_votos_entidad_porcentaje":"0.0000","seleccionado":false},{"partido_id":6,"partido_nombre":"PVEM","partido_logo":null,"partido_total_votos_entidad_numero":"0","partido_total_votos_entidad_porcentaje":"0.0000","seleccionado":false},{"partido_id":7,"partido_nombre":"MC","partido_logo":null,"partido_total_votos_entidad_numero":"0","partido_total_votos_entidad_porcentaje":"0.0000","seleccionado":false},{"partido_id":9,"partido_nombre":"MORENA","partido_logo":null,"partido_total_votos_entidad_numero":"0","partido_total_votos_entidad_porcentaje":"0.0000","seleccionado":false},{"partido_id":11,"partido_nombre":"BCSC","partido_logo":null,"partido_total_votos_entidad_numero":"0","partido_total_votos_entidad_porcentaje":"0.0000","seleccionado":false},{"partido_id":12,"partido_nombre":"PNABCS","partido_logo":null,"partido_total_votos_entidad_numero":"0","partido_total_votos_entidad_porcentaje":"0.0000","seleccionado":false},{"partido_id":13,"partido_nombre":"PES","partido_logo":null,"partido_total_votos_entidad_numero":"0","partido_total_votos_entidad_porcentaje":"0.0000","seleccionado":false},{"partido_id":14,"partido_nombre":"RSP","partido_logo":null,"partido_total_votos_entidad_numero":"0","partido_total_votos_entidad_porcentaje":"0.0000","seleccionado":false},{"partido_id":15,"partido_nombre":"FXM","partido_logo":null,"partido_total_votos_entidad_numero":"0","partido_total_votos_entidad_porcentaje":"0.0000","seleccionado":false},{"partido_id":19,"partido_nombre":"CAND_IND_4","partido_logo":null,"partido_total_votos_entidad_numero":"0","partido_total_votos_entidad_porcentaje":"0.0000","seleccionado":false}]},{"distrito_id":"15","partidos":[{"partido_id":1,"partido_nombre":"PAN-PRI-PRD-PRS-PHBCS","partido_logo":null,"partido_total_votos_entidad_numero":"0","partido_total_votos_entidad_porcentaje":"0.0000","seleccionado":false},{"partido_id":5,"partido_nombre":"PT","partido_logo":null,"partido_total_votos_entidad_numero":"0","partido_total_votos_entidad_porcentaje":"0.0000","seleccionado":false},{"partido_id":6,"partido_nombre":"PVEM","partido_logo":null,"partido_total_votos_entidad_numero":"0","partido_total_votos_entidad_porcentaje":"0.0000","seleccionado":false},{"partido_id":7,"partido_nombre":"MC","partido_logo":null,"partido_total_votos_entidad_numero":"0","partido_total_votos_entidad_porcentaje":"0.0000","seleccionado":false},{"partido_id":9,"partido_nombre":"MORENA","partido_logo":null,"partido_total_votos_entidad_numero":"0","partido_total_votos_entidad_porcentaje":"0.0000","seleccionado":false},{"partido_id":11,"partido_nombre":"BCSC","partido_logo":null,"partido_total_votos_entidad_numero":"0","partido_total_votos_entidad_porcentaje":"0.0000","seleccionado":false},{"partido_id":12,"partido_nombre":"PNABCS","partido_logo":null,"partido_total_votos_entidad_numero":"0","partido_total_votos_entidad_porcentaje":"0.0000","seleccionado":false},{"partido_id":13,"partido_nombre":"PES","partido_logo":null,"partido_total_votos_entidad_numero":"0","partido_total_votos_entidad_porcentaje":"0.0000","seleccionado":false},{"partido_id":14,"partido_nombre":"RSP","partido_logo":null,"partido_total_votos_entidad_numero":"0","partido_total_votos_entidad_porcentaje":"0.0000","seleccionado":false},{"partido_id":15,"partido_nombre":"FXM","partido_logo":null,"partido_total_votos_entidad_numero":"0","partido_total_votos_entidad_porcentaje":"0.0000","seleccionado":false},{"partido_id":19,"partido_nombre":"CAND_IND_4","partido_logo":null,"partido_total_votos_entidad_numero":"0","partido_total_votos_entidad_porcentaje":"0.0000","seleccionado":false}]},{"distrito_id":"16","partidos":[{"partido_id":1,"partido_nombre":"PAN-PRI-PRD-PRS-PHBCS","partido_logo":null,"partido_total_votos_entidad_numero":"0","partido_total_votos_entidad_porcentaje":"0.0000","seleccionado":false},{"partido_id":5,"partido_nombre":"PT","partido_logo":null,"partido_total_votos_entidad_numero":"0","partido_total_votos_entidad_porcentaje":"0.0000","seleccionado":false},{"partido_id":6,"partido_nombre":"PVEM","partido_logo":null,"partido_total_votos_entidad_numero":"0","partido_total_votos_entidad_porcentaje":"0.0000","seleccionado":false},{"partido_id":7,"partido_nombre":"MC","partido_logo":null,"partido_total_votos_entidad_numero":"0","partido_total_votos_entidad_porcentaje":"0.0000","seleccionado":false},{"partido_id":9,"partido_nombre":"MORENA","partido_logo":null,"partido_total_votos_entidad_numero":"0","partido_total_votos_entidad_porcentaje":"0.0000","seleccionado":false},{"partido_id":11,"partido_nombre":"BCSC","partido_logo":null,"partido_total_votos_entidad_numero":"0","partido_total_votos_entidad_porcentaje":"0.0000","seleccionado":false},{"partido_id":12,"partido_nombre":"PNABCS","partido_logo":null,"partido_total_votos_entidad_numero":"0","partido_total_votos_entidad_porcentaje":"0.0000","seleccionado":false},{"partido_id":13,"partido_nombre":"PES","partido_logo":null,"partido_total_votos_entidad_numero":"0","partido_total_votos_entidad_porcentaje":"0.0000","seleccionado":false},{"partido_id":14,"partido_nombre":"RSP","partido_logo":null,"partido_total_votos_entidad_numero":"0","partido_total_votos_entidad_porcentaje":"0.0000","seleccionado":false},{"partido_id":15,"partido_nombre":"FXM","partido_logo":null,"partido_total_votos_entidad_numero":"0","partido_total_votos_entidad_porcentaje":"0.0000","seleccionado":false},{"partido_id":19,"partido_nombre":"CAND_IND_4","partido_logo":null,"partido_total_votos_entidad_numero":"0","partido_total_votos_entidad_porcentaje":"0.0000","seleccionado":false}]}]}