{"fecha_utimo_corte":"27 Enero 2024","hora_local":"22:38 h UTC-7","tipo_eleccion":"Gubernatura","nombre_archivo_json":"Gubernatura_votos_candidaturas_combinaciones_vista_tarjetas_nivel_distrito.json","distritos":[{"distrito_id":"1","datos_candidaturas":[{"candidatura_id":1,"candidatura_logo":"\/emblemas\/PAN-PRI-PRD-PRS-PHBCS.jpeg","candidatura_nombre":"PAN-PRI-PRD-PRS-PHBCS","candidatura_total_votos_numero":"sin dato","candidatura_total_votos_porcentaje":"0.0000","seleccionado":false},{"candidatura_id":6,"candidatura_logo":"\/emblemas\/PVEM.jpeg","candidatura_nombre":"PVEM","candidatura_total_votos_numero":"sin dato","candidatura_total_votos_porcentaje":"0.0000","seleccionado":false},{"candidatura_id":7,"candidatura_logo":"\/emblemas\/MC.jpeg","candidatura_nombre":"MC","candidatura_total_votos_numero":"sin dato","candidatura_total_votos_porcentaje":"0.0000","seleccionado":false},{"candidatura_id":11,"candidatura_logo":"\/emblemas\/BCSC.jpeg","candidatura_nombre":"BCSC","candidatura_total_votos_numero":"sin dato","candidatura_total_votos_porcentaje":"0.0000","seleccionado":false},{"candidatura_id":12,"candidatura_logo":"\/emblemas\/PNABCS.jpeg","candidatura_nombre":"PNABCS","candidatura_total_votos_numero":"sin dato","candidatura_total_votos_porcentaje":"0.0000","seleccionado":false},{"candidatura_id":13,"candidatura_logo":"\/emblemas\/PES.png","candidatura_nombre":"PES","candidatura_total_votos_numero":"sin dato","candidatura_total_votos_porcentaje":"0.0000","seleccionado":false},{"candidatura_id":14,"candidatura_logo":"\/emblemas\/RSP.jpeg","candidatura_nombre":"RSP","candidatura_total_votos_numero":"sin dato","candidatura_total_votos_porcentaje":"0.0000","seleccionado":false},{"candidatura_id":15,"candidatura_logo":"\/emblemas\/FXM.jpg","candidatura_nombre":"FXM","candidatura_total_votos_numero":"sin dato","candidatura_total_votos_porcentaje":"0.0000","seleccionado":false},{"candidatura_id":19,"candidatura_logo":"\/emblemas\/CAND_IND_4.jpeg","candidatura_nombre":"CAND_IND_4","candidatura_total_votos_numero":"sin dato","candidatura_total_votos_porcentaje":"0.0000","seleccionado":false},{"candidatura_id":20,"candidatura_logo":"\/emblemas\/PT-MORENA.jpeg","candidatura_nombre":"PT-MORENA","candidatura_total_votos_numero":"sin dato","candidatura_total_votos_porcentaje":"0.0000","seleccionado":false},{"candidatura_id":9,"candidatura_logo":"\/emblemas\/MORENA.jpeg","candidatura_nombre":"MORENA","candidatura_total_votos_numero":"sin dato","candidatura_total_votos_porcentaje":"0.0000","seleccionado":false},{"candidatura_id":5,"candidatura_logo":"\/emblemas\/PT.jpeg","candidatura_nombre":"PT","candidatura_total_votos_numero":"sin dato","candidatura_total_votos_porcentaje":"0.0000","seleccionado":false},{"candidatura_id":9999,"candidatura_logo":"sin_logo","candidatura_nombre":"TOTAL","candidatura_total_votos_numero":"0","candidatura_total_votos_porcentaje":"0.0000","seleccionado":false}]},{"distrito_id":"2","datos_candidaturas":[{"candidatura_id":1,"candidatura_logo":"\/emblemas\/PAN-PRI-PRD-PRS-PHBCS.jpeg","candidatura_nombre":"PAN-PRI-PRD-PRS-PHBCS","candidatura_total_votos_numero":"sin dato","candidatura_total_votos_porcentaje":"0.0000","seleccionado":false},{"candidatura_id":6,"candidatura_logo":"\/emblemas\/PVEM.jpeg","candidatura_nombre":"PVEM","candidatura_total_votos_numero":"sin dato","candidatura_total_votos_porcentaje":"0.0000","seleccionado":false},{"candidatura_id":7,"candidatura_logo":"\/emblemas\/MC.jpeg","candidatura_nombre":"MC","candidatura_total_votos_numero":"sin dato","candidatura_total_votos_porcentaje":"0.0000","seleccionado":false},{"candidatura_id":11,"candidatura_logo":"\/emblemas\/BCSC.jpeg","candidatura_nombre":"BCSC","candidatura_total_votos_numero":"sin dato","candidatura_total_votos_porcentaje":"0.0000","seleccionado":false},{"candidatura_id":12,"candidatura_logo":"\/emblemas\/PNABCS.jpeg","candidatura_nombre":"PNABCS","candidatura_total_votos_numero":"sin dato","candidatura_total_votos_porcentaje":"0.0000","seleccionado":false},{"candidatura_id":13,"candidatura_logo":"\/emblemas\/PES.png","candidatura_nombre":"PES","candidatura_total_votos_numero":"sin dato","candidatura_total_votos_porcentaje":"0.0000","seleccionado":false},{"candidatura_id":14,"candidatura_logo":"\/emblemas\/RSP.jpeg","candidatura_nombre":"RSP","candidatura_total_votos_numero":"sin dato","candidatura_total_votos_porcentaje":"0.0000","seleccionado":false},{"candidatura_id":15,"candidatura_logo":"\/emblemas\/FXM.jpg","candidatura_nombre":"FXM","candidatura_total_votos_numero":"sin dato","candidatura_total_votos_porcentaje":"0.0000","seleccionado":false},{"candidatura_id":19,"candidatura_logo":"\/emblemas\/CAND_IND_4.jpeg","candidatura_nombre":"CAND_IND_4","candidatura_total_votos_numero":"sin dato","candidatura_total_votos_porcentaje":"0.0000","seleccionado":false},{"candidatura_id":20,"candidatura_logo":"\/emblemas\/PT-MORENA.jpeg","candidatura_nombre":"PT-MORENA","candidatura_total_votos_numero":"sin dato","candidatura_total_votos_porcentaje":"0.0000","seleccionado":false},{"candidatura_id":9,"candidatura_logo":"\/emblemas\/MORENA.jpeg","candidatura_nombre":"MORENA","candidatura_total_votos_numero":"sin dato","candidatura_total_votos_porcentaje":"0.0000","seleccionado":false},{"candidatura_id":5,"candidatura_logo":"\/emblemas\/PT.jpeg","candidatura_nombre":"PT","candidatura_total_votos_numero":"sin dato","candidatura_total_votos_porcentaje":"0.0000","seleccionado":false},{"candidatura_id":9999,"candidatura_logo":"sin_logo","candidatura_nombre":"TOTAL","candidatura_total_votos_numero":"0","candidatura_total_votos_porcentaje":"0.0000","seleccionado":false}]},{"distrito_id":"3","datos_candidaturas":[{"candidatura_id":1,"candidatura_logo":"\/emblemas\/PAN-PRI-PRD-PRS-PHBCS.jpeg","candidatura_nombre":"PAN-PRI-PRD-PRS-PHBCS","candidatura_total_votos_numero":"sin dato","candidatura_total_votos_porcentaje":"0.0000","seleccionado":false},{"candidatura_id":6,"candidatura_logo":"\/emblemas\/PVEM.jpeg","candidatura_nombre":"PVEM","candidatura_total_votos_numero":"sin dato","candidatura_total_votos_porcentaje":"0.0000","seleccionado":false},{"candidatura_id":7,"candidatura_logo":"\/emblemas\/MC.jpeg","candidatura_nombre":"MC","candidatura_total_votos_numero":"sin dato","candidatura_total_votos_porcentaje":"0.0000","seleccionado":false},{"candidatura_id":11,"candidatura_logo":"\/emblemas\/BCSC.jpeg","candidatura_nombre":"BCSC","candidatura_total_votos_numero":"sin dato","candidatura_total_votos_porcentaje":"0.0000","seleccionado":false},{"candidatura_id":12,"candidatura_logo":"\/emblemas\/PNABCS.jpeg","candidatura_nombre":"PNABCS","candidatura_total_votos_numero":"sin dato","candidatura_total_votos_porcentaje":"0.0000","seleccionado":false},{"candidatura_id":13,"candidatura_logo":"\/emblemas\/PES.png","candidatura_nombre":"PES","candidatura_total_votos_numero":"sin dato","candidatura_total_votos_porcentaje":"0.0000","seleccionado":false},{"candidatura_id":14,"candidatura_logo":"\/emblemas\/RSP.jpeg","candidatura_nombre":"RSP","candidatura_total_votos_numero":"sin dato","candidatura_total_votos_porcentaje":"0.0000","seleccionado":false},{"candidatura_id":15,"candidatura_logo":"\/emblemas\/FXM.jpg","candidatura_nombre":"FXM","candidatura_total_votos_numero":"sin dato","candidatura_total_votos_porcentaje":"0.0000","seleccionado":false},{"candidatura_id":19,"candidatura_logo":"\/emblemas\/CAND_IND_4.jpeg","candidatura_nombre":"CAND_IND_4","candidatura_total_votos_numero":"sin dato","candidatura_total_votos_porcentaje":"0.0000","seleccionado":false},{"candidatura_id":20,"candidatura_logo":"\/emblemas\/PT-MORENA.jpeg","candidatura_nombre":"PT-MORENA","candidatura_total_votos_numero":"sin dato","candidatura_total_votos_porcentaje":"0.0000","seleccionado":false},{"candidatura_id":9,"candidatura_logo":"\/emblemas\/MORENA.jpeg","candidatura_nombre":"MORENA","candidatura_total_votos_numero":"sin dato","candidatura_total_votos_porcentaje":"0.0000","seleccionado":false},{"candidatura_id":5,"candidatura_logo":"\/emblemas\/PT.jpeg","candidatura_nombre":"PT","candidatura_total_votos_numero":"sin dato","candidatura_total_votos_porcentaje":"0.0000","seleccionado":false},{"candidatura_id":9999,"candidatura_logo":"sin_logo","candidatura_nombre":"TOTAL","candidatura_total_votos_numero":"0","candidatura_total_votos_porcentaje":"0.0000","seleccionado":false}]},{"distrito_id":"4","datos_candidaturas":[{"candidatura_id":1,"candidatura_logo":"\/emblemas\/PAN-PRI-PRD-PRS-PHBCS.jpeg","candidatura_nombre":"PAN-PRI-PRD-PRS-PHBCS","candidatura_total_votos_numero":"sin dato","candidatura_total_votos_porcentaje":"0.0000","seleccionado":false},{"candidatura_id":6,"candidatura_logo":"\/emblemas\/PVEM.jpeg","candidatura_nombre":"PVEM","candidatura_total_votos_numero":"sin dato","candidatura_total_votos_porcentaje":"0.0000","seleccionado":false},{"candidatura_id":7,"candidatura_logo":"\/emblemas\/MC.jpeg","candidatura_nombre":"MC","candidatura_total_votos_numero":"sin dato","candidatura_total_votos_porcentaje":"0.0000","seleccionado":false},{"candidatura_id":11,"candidatura_logo":"\/emblemas\/BCSC.jpeg","candidatura_nombre":"BCSC","candidatura_total_votos_numero":"sin dato","candidatura_total_votos_porcentaje":"0.0000","seleccionado":false},{"candidatura_id":12,"candidatura_logo":"\/emblemas\/PNABCS.jpeg","candidatura_nombre":"PNABCS","candidatura_total_votos_numero":"sin dato","candidatura_total_votos_porcentaje":"0.0000","seleccionado":false},{"candidatura_id":13,"candidatura_logo":"\/emblemas\/PES.png","candidatura_nombre":"PES","candidatura_total_votos_numero":"sin dato","candidatura_total_votos_porcentaje":"0.0000","seleccionado":false},{"candidatura_id":14,"candidatura_logo":"\/emblemas\/RSP.jpeg","candidatura_nombre":"RSP","candidatura_total_votos_numero":"sin dato","candidatura_total_votos_porcentaje":"0.0000","seleccionado":false},{"candidatura_id":15,"candidatura_logo":"\/emblemas\/FXM.jpg","candidatura_nombre":"FXM","candidatura_total_votos_numero":"sin dato","candidatura_total_votos_porcentaje":"0.0000","seleccionado":false},{"candidatura_id":19,"candidatura_logo":"\/emblemas\/CAND_IND_4.jpeg","candidatura_nombre":"CAND_IND_4","candidatura_total_votos_numero":"sin dato","candidatura_total_votos_porcentaje":"0.0000","seleccionado":false},{"candidatura_id":20,"candidatura_logo":"\/emblemas\/PT-MORENA.jpeg","candidatura_nombre":"PT-MORENA","candidatura_total_votos_numero":"sin dato","candidatura_total_votos_porcentaje":"0.0000","seleccionado":false},{"candidatura_id":9,"candidatura_logo":"\/emblemas\/MORENA.jpeg","candidatura_nombre":"MORENA","candidatura_total_votos_numero":"sin dato","candidatura_total_votos_porcentaje":"0.0000","seleccionado":false},{"candidatura_id":5,"candidatura_logo":"\/emblemas\/PT.jpeg","candidatura_nombre":"PT","candidatura_total_votos_numero":"sin dato","candidatura_total_votos_porcentaje":"0.0000","seleccionado":false},{"candidatura_id":9999,"candidatura_logo":"sin_logo","candidatura_nombre":"TOTAL","candidatura_total_votos_numero":"0","candidatura_total_votos_porcentaje":"0.0000","seleccionado":false}]},{"distrito_id":"5","datos_candidaturas":[{"candidatura_id":1,"candidatura_logo":"\/emblemas\/PAN-PRI-PRD-PRS-PHBCS.jpeg","candidatura_nombre":"PAN-PRI-PRD-PRS-PHBCS","candidatura_total_votos_numero":"sin dato","candidatura_total_votos_porcentaje":"0.0000","seleccionado":false},{"candidatura_id":6,"candidatura_logo":"\/emblemas\/PVEM.jpeg","candidatura_nombre":"PVEM","candidatura_total_votos_numero":"sin dato","candidatura_total_votos_porcentaje":"0.0000","seleccionado":false},{"candidatura_id":7,"candidatura_logo":"\/emblemas\/MC.jpeg","candidatura_nombre":"MC","candidatura_total_votos_numero":"sin dato","candidatura_total_votos_porcentaje":"0.0000","seleccionado":false},{"candidatura_id":11,"candidatura_logo":"\/emblemas\/BCSC.jpeg","candidatura_nombre":"BCSC","candidatura_total_votos_numero":"sin dato","candidatura_total_votos_porcentaje":"0.0000","seleccionado":false},{"candidatura_id":12,"candidatura_logo":"\/emblemas\/PNABCS.jpeg","candidatura_nombre":"PNABCS","candidatura_total_votos_numero":"sin dato","candidatura_total_votos_porcentaje":"0.0000","seleccionado":false},{"candidatura_id":13,"candidatura_logo":"\/emblemas\/PES.png","candidatura_nombre":"PES","candidatura_total_votos_numero":"sin dato","candidatura_total_votos_porcentaje":"0.0000","seleccionado":false},{"candidatura_id":14,"candidatura_logo":"\/emblemas\/RSP.jpeg","candidatura_nombre":"RSP","candidatura_total_votos_numero":"sin dato","candidatura_total_votos_porcentaje":"0.0000","seleccionado":false},{"candidatura_id":15,"candidatura_logo":"\/emblemas\/FXM.jpg","candidatura_nombre":"FXM","candidatura_total_votos_numero":"sin dato","candidatura_total_votos_porcentaje":"0.0000","seleccionado":false},{"candidatura_id":19,"candidatura_logo":"\/emblemas\/CAND_IND_4.jpeg","candidatura_nombre":"CAND_IND_4","candidatura_total_votos_numero":"sin dato","candidatura_total_votos_porcentaje":"0.0000","seleccionado":false},{"candidatura_id":20,"candidatura_logo":"\/emblemas\/PT-MORENA.jpeg","candidatura_nombre":"PT-MORENA","candidatura_total_votos_numero":"sin dato","candidatura_total_votos_porcentaje":"0.0000","seleccionado":false},{"candidatura_id":9,"candidatura_logo":"\/emblemas\/MORENA.jpeg","candidatura_nombre":"MORENA","candidatura_total_votos_numero":"sin dato","candidatura_total_votos_porcentaje":"0.0000","seleccionado":false},{"candidatura_id":5,"candidatura_logo":"\/emblemas\/PT.jpeg","candidatura_nombre":"PT","candidatura_total_votos_numero":"sin dato","candidatura_total_votos_porcentaje":"0.0000","seleccionado":false},{"candidatura_id":9999,"candidatura_logo":"sin_logo","candidatura_nombre":"TOTAL","candidatura_total_votos_numero":"0","candidatura_total_votos_porcentaje":"0.0000","seleccionado":false}]},{"distrito_id":"6","datos_candidaturas":[{"candidatura_id":1,"candidatura_logo":"\/emblemas\/PAN-PRI-PRD-PRS-PHBCS.jpeg","candidatura_nombre":"PAN-PRI-PRD-PRS-PHBCS","candidatura_total_votos_numero":"sin dato","candidatura_total_votos_porcentaje":"0.0000","seleccionado":false},{"candidatura_id":6,"candidatura_logo":"\/emblemas\/PVEM.jpeg","candidatura_nombre":"PVEM","candidatura_total_votos_numero":"sin dato","candidatura_total_votos_porcentaje":"0.0000","seleccionado":false},{"candidatura_id":7,"candidatura_logo":"\/emblemas\/MC.jpeg","candidatura_nombre":"MC","candidatura_total_votos_numero":"sin dato","candidatura_total_votos_porcentaje":"0.0000","seleccionado":false},{"candidatura_id":11,"candidatura_logo":"\/emblemas\/BCSC.jpeg","candidatura_nombre":"BCSC","candidatura_total_votos_numero":"sin dato","candidatura_total_votos_porcentaje":"0.0000","seleccionado":false},{"candidatura_id":12,"candidatura_logo":"\/emblemas\/PNABCS.jpeg","candidatura_nombre":"PNABCS","candidatura_total_votos_numero":"sin dato","candidatura_total_votos_porcentaje":"0.0000","seleccionado":false},{"candidatura_id":13,"candidatura_logo":"\/emblemas\/PES.png","candidatura_nombre":"PES","candidatura_total_votos_numero":"sin dato","candidatura_total_votos_porcentaje":"0.0000","seleccionado":false},{"candidatura_id":14,"candidatura_logo":"\/emblemas\/RSP.jpeg","candidatura_nombre":"RSP","candidatura_total_votos_numero":"sin dato","candidatura_total_votos_porcentaje":"0.0000","seleccionado":false},{"candidatura_id":15,"candidatura_logo":"\/emblemas\/FXM.jpg","candidatura_nombre":"FXM","candidatura_total_votos_numero":"sin dato","candidatura_total_votos_porcentaje":"0.0000","seleccionado":false},{"candidatura_id":19,"candidatura_logo":"\/emblemas\/CAND_IND_4.jpeg","candidatura_nombre":"CAND_IND_4","candidatura_total_votos_numero":"sin dato","candidatura_total_votos_porcentaje":"0.0000","seleccionado":false},{"candidatura_id":20,"candidatura_logo":"\/emblemas\/PT-MORENA.jpeg","candidatura_nombre":"PT-MORENA","candidatura_total_votos_numero":"sin dato","candidatura_total_votos_porcentaje":"0.0000","seleccionado":false},{"candidatura_id":9,"candidatura_logo":"\/emblemas\/MORENA.jpeg","candidatura_nombre":"MORENA","candidatura_total_votos_numero":"sin dato","candidatura_total_votos_porcentaje":"0.0000","seleccionado":false},{"candidatura_id":5,"candidatura_logo":"\/emblemas\/PT.jpeg","candidatura_nombre":"PT","candidatura_total_votos_numero":"sin dato","candidatura_total_votos_porcentaje":"0.0000","seleccionado":false},{"candidatura_id":9999,"candidatura_logo":"sin_logo","candidatura_nombre":"TOTAL","candidatura_total_votos_numero":"0","candidatura_total_votos_porcentaje":"0.0000","seleccionado":false}]},{"distrito_id":"7","datos_candidaturas":[{"candidatura_id":1,"candidatura_logo":"\/emblemas\/PAN-PRI-PRD-PRS-PHBCS.jpeg","candidatura_nombre":"PAN-PRI-PRD-PRS-PHBCS","candidatura_total_votos_numero":"sin dato","candidatura_total_votos_porcentaje":"0.0000","seleccionado":false},{"candidatura_id":6,"candidatura_logo":"\/emblemas\/PVEM.jpeg","candidatura_nombre":"PVEM","candidatura_total_votos_numero":"sin dato","candidatura_total_votos_porcentaje":"0.0000","seleccionado":false},{"candidatura_id":7,"candidatura_logo":"\/emblemas\/MC.jpeg","candidatura_nombre":"MC","candidatura_total_votos_numero":"sin dato","candidatura_total_votos_porcentaje":"0.0000","seleccionado":false},{"candidatura_id":11,"candidatura_logo":"\/emblemas\/BCSC.jpeg","candidatura_nombre":"BCSC","candidatura_total_votos_numero":"sin dato","candidatura_total_votos_porcentaje":"0.0000","seleccionado":false},{"candidatura_id":12,"candidatura_logo":"\/emblemas\/PNABCS.jpeg","candidatura_nombre":"PNABCS","candidatura_total_votos_numero":"sin dato","candidatura_total_votos_porcentaje":"0.0000","seleccionado":false},{"candidatura_id":13,"candidatura_logo":"\/emblemas\/PES.png","candidatura_nombre":"PES","candidatura_total_votos_numero":"sin dato","candidatura_total_votos_porcentaje":"0.0000","seleccionado":false},{"candidatura_id":14,"candidatura_logo":"\/emblemas\/RSP.jpeg","candidatura_nombre":"RSP","candidatura_total_votos_numero":"sin dato","candidatura_total_votos_porcentaje":"0.0000","seleccionado":false},{"candidatura_id":15,"candidatura_logo":"\/emblemas\/FXM.jpg","candidatura_nombre":"FXM","candidatura_total_votos_numero":"sin dato","candidatura_total_votos_porcentaje":"0.0000","seleccionado":false},{"candidatura_id":19,"candidatura_logo":"\/emblemas\/CAND_IND_4.jpeg","candidatura_nombre":"CAND_IND_4","candidatura_total_votos_numero":"sin dato","candidatura_total_votos_porcentaje":"0.0000","seleccionado":false},{"candidatura_id":20,"candidatura_logo":"\/emblemas\/PT-MORENA.jpeg","candidatura_nombre":"PT-MORENA","candidatura_total_votos_numero":"sin dato","candidatura_total_votos_porcentaje":"0.0000","seleccionado":false},{"candidatura_id":9,"candidatura_logo":"\/emblemas\/MORENA.jpeg","candidatura_nombre":"MORENA","candidatura_total_votos_numero":"sin dato","candidatura_total_votos_porcentaje":"0.0000","seleccionado":false},{"candidatura_id":5,"candidatura_logo":"\/emblemas\/PT.jpeg","candidatura_nombre":"PT","candidatura_total_votos_numero":"sin dato","candidatura_total_votos_porcentaje":"0.0000","seleccionado":false},{"candidatura_id":9999,"candidatura_logo":"sin_logo","candidatura_nombre":"TOTAL","candidatura_total_votos_numero":"0","candidatura_total_votos_porcentaje":"0.0000","seleccionado":false}]},{"distrito_id":"8","datos_candidaturas":[{"candidatura_id":1,"candidatura_logo":"\/emblemas\/PAN-PRI-PRD-PRS-PHBCS.jpeg","candidatura_nombre":"PAN-PRI-PRD-PRS-PHBCS","candidatura_total_votos_numero":"sin dato","candidatura_total_votos_porcentaje":"0.0000","seleccionado":false},{"candidatura_id":6,"candidatura_logo":"\/emblemas\/PVEM.jpeg","candidatura_nombre":"PVEM","candidatura_total_votos_numero":"sin dato","candidatura_total_votos_porcentaje":"0.0000","seleccionado":false},{"candidatura_id":7,"candidatura_logo":"\/emblemas\/MC.jpeg","candidatura_nombre":"MC","candidatura_total_votos_numero":"sin dato","candidatura_total_votos_porcentaje":"0.0000","seleccionado":false},{"candidatura_id":11,"candidatura_logo":"\/emblemas\/BCSC.jpeg","candidatura_nombre":"BCSC","candidatura_total_votos_numero":"sin dato","candidatura_total_votos_porcentaje":"0.0000","seleccionado":false},{"candidatura_id":12,"candidatura_logo":"\/emblemas\/PNABCS.jpeg","candidatura_nombre":"PNABCS","candidatura_total_votos_numero":"sin dato","candidatura_total_votos_porcentaje":"0.0000","seleccionado":false},{"candidatura_id":13,"candidatura_logo":"\/emblemas\/PES.png","candidatura_nombre":"PES","candidatura_total_votos_numero":"sin dato","candidatura_total_votos_porcentaje":"0.0000","seleccionado":false},{"candidatura_id":14,"candidatura_logo":"\/emblemas\/RSP.jpeg","candidatura_nombre":"RSP","candidatura_total_votos_numero":"sin dato","candidatura_total_votos_porcentaje":"0.0000","seleccionado":false},{"candidatura_id":15,"candidatura_logo":"\/emblemas\/FXM.jpg","candidatura_nombre":"FXM","candidatura_total_votos_numero":"sin dato","candidatura_total_votos_porcentaje":"0.0000","seleccionado":false},{"candidatura_id":19,"candidatura_logo":"\/emblemas\/CAND_IND_4.jpeg","candidatura_nombre":"CAND_IND_4","candidatura_total_votos_numero":"sin dato","candidatura_total_votos_porcentaje":"0.0000","seleccionado":false},{"candidatura_id":20,"candidatura_logo":"\/emblemas\/PT-MORENA.jpeg","candidatura_nombre":"PT-MORENA","candidatura_total_votos_numero":"sin dato","candidatura_total_votos_porcentaje":"0.0000","seleccionado":false},{"candidatura_id":9,"candidatura_logo":"\/emblemas\/MORENA.jpeg","candidatura_nombre":"MORENA","candidatura_total_votos_numero":"sin dato","candidatura_total_votos_porcentaje":"0.0000","seleccionado":false},{"candidatura_id":5,"candidatura_logo":"\/emblemas\/PT.jpeg","candidatura_nombre":"PT","candidatura_total_votos_numero":"sin dato","candidatura_total_votos_porcentaje":"0.0000","seleccionado":false},{"candidatura_id":9999,"candidatura_logo":"sin_logo","candidatura_nombre":"TOTAL","candidatura_total_votos_numero":"0","candidatura_total_votos_porcentaje":"0.0000","seleccionado":false}]},{"distrito_id":"9","datos_candidaturas":[{"candidatura_id":1,"candidatura_logo":"\/emblemas\/PAN-PRI-PRD-PRS-PHBCS.jpeg","candidatura_nombre":"PAN-PRI-PRD-PRS-PHBCS","candidatura_total_votos_numero":"sin dato","candidatura_total_votos_porcentaje":"0.0000","seleccionado":false},{"candidatura_id":6,"candidatura_logo":"\/emblemas\/PVEM.jpeg","candidatura_nombre":"PVEM","candidatura_total_votos_numero":"sin dato","candidatura_total_votos_porcentaje":"0.0000","seleccionado":false},{"candidatura_id":7,"candidatura_logo":"\/emblemas\/MC.jpeg","candidatura_nombre":"MC","candidatura_total_votos_numero":"sin dato","candidatura_total_votos_porcentaje":"0.0000","seleccionado":false},{"candidatura_id":11,"candidatura_logo":"\/emblemas\/BCSC.jpeg","candidatura_nombre":"BCSC","candidatura_total_votos_numero":"sin dato","candidatura_total_votos_porcentaje":"0.0000","seleccionado":false},{"candidatura_id":12,"candidatura_logo":"\/emblemas\/PNABCS.jpeg","candidatura_nombre":"PNABCS","candidatura_total_votos_numero":"sin dato","candidatura_total_votos_porcentaje":"0.0000","seleccionado":false},{"candidatura_id":13,"candidatura_logo":"\/emblemas\/PES.png","candidatura_nombre":"PES","candidatura_total_votos_numero":"sin dato","candidatura_total_votos_porcentaje":"0.0000","seleccionado":false},{"candidatura_id":14,"candidatura_logo":"\/emblemas\/RSP.jpeg","candidatura_nombre":"RSP","candidatura_total_votos_numero":"sin dato","candidatura_total_votos_porcentaje":"0.0000","seleccionado":false},{"candidatura_id":15,"candidatura_logo":"\/emblemas\/FXM.jpg","candidatura_nombre":"FXM","candidatura_total_votos_numero":"sin dato","candidatura_total_votos_porcentaje":"0.0000","seleccionado":false},{"candidatura_id":19,"candidatura_logo":"\/emblemas\/CAND_IND_4.jpeg","candidatura_nombre":"CAND_IND_4","candidatura_total_votos_numero":"sin dato","candidatura_total_votos_porcentaje":"0.0000","seleccionado":false},{"candidatura_id":20,"candidatura_logo":"\/emblemas\/PT-MORENA.jpeg","candidatura_nombre":"PT-MORENA","candidatura_total_votos_numero":"sin dato","candidatura_total_votos_porcentaje":"0.0000","seleccionado":false},{"candidatura_id":9,"candidatura_logo":"\/emblemas\/MORENA.jpeg","candidatura_nombre":"MORENA","candidatura_total_votos_numero":"sin dato","candidatura_total_votos_porcentaje":"0.0000","seleccionado":false},{"candidatura_id":5,"candidatura_logo":"\/emblemas\/PT.jpeg","candidatura_nombre":"PT","candidatura_total_votos_numero":"sin dato","candidatura_total_votos_porcentaje":"0.0000","seleccionado":false},{"candidatura_id":9999,"candidatura_logo":"sin_logo","candidatura_nombre":"TOTAL","candidatura_total_votos_numero":"0","candidatura_total_votos_porcentaje":"0.0000","seleccionado":false}]},{"distrito_id":"10","datos_candidaturas":[{"candidatura_id":1,"candidatura_logo":"\/emblemas\/PAN-PRI-PRD-PRS-PHBCS.jpeg","candidatura_nombre":"PAN-PRI-PRD-PRS-PHBCS","candidatura_total_votos_numero":"sin dato","candidatura_total_votos_porcentaje":"0.0000","seleccionado":false},{"candidatura_id":6,"candidatura_logo":"\/emblemas\/PVEM.jpeg","candidatura_nombre":"PVEM","candidatura_total_votos_numero":"sin dato","candidatura_total_votos_porcentaje":"0.0000","seleccionado":false},{"candidatura_id":7,"candidatura_logo":"\/emblemas\/MC.jpeg","candidatura_nombre":"MC","candidatura_total_votos_numero":"sin dato","candidatura_total_votos_porcentaje":"0.0000","seleccionado":false},{"candidatura_id":11,"candidatura_logo":"\/emblemas\/BCSC.jpeg","candidatura_nombre":"BCSC","candidatura_total_votos_numero":"sin dato","candidatura_total_votos_porcentaje":"0.0000","seleccionado":false},{"candidatura_id":12,"candidatura_logo":"\/emblemas\/PNABCS.jpeg","candidatura_nombre":"PNABCS","candidatura_total_votos_numero":"sin dato","candidatura_total_votos_porcentaje":"0.0000","seleccionado":false},{"candidatura_id":13,"candidatura_logo":"\/emblemas\/PES.png","candidatura_nombre":"PES","candidatura_total_votos_numero":"sin dato","candidatura_total_votos_porcentaje":"0.0000","seleccionado":false},{"candidatura_id":15,"candidatura_logo":"\/emblemas\/FXM.jpg","candidatura_nombre":"FXM","candidatura_total_votos_numero":"sin dato","candidatura_total_votos_porcentaje":"0.0000","seleccionado":false},{"candidatura_id":19,"candidatura_logo":"\/emblemas\/CAND_IND_4.jpeg","candidatura_nombre":"CAND_IND_4","candidatura_total_votos_numero":"sin dato","candidatura_total_votos_porcentaje":"0.0000","seleccionado":false},{"candidatura_id":20,"candidatura_logo":"\/emblemas\/PT-MORENA.jpeg","candidatura_nombre":"PT-MORENA","candidatura_total_votos_numero":"sin dato","candidatura_total_votos_porcentaje":"0.0000","seleccionado":false},{"candidatura_id":9,"candidatura_logo":"\/emblemas\/MORENA.jpeg","candidatura_nombre":"MORENA","candidatura_total_votos_numero":"sin dato","candidatura_total_votos_porcentaje":"0.0000","seleccionado":false},{"candidatura_id":5,"candidatura_logo":"\/emblemas\/PT.jpeg","candidatura_nombre":"PT","candidatura_total_votos_numero":"sin dato","candidatura_total_votos_porcentaje":"0.0000","seleccionado":false},{"candidatura_id":9999,"candidatura_logo":"sin_logo","candidatura_nombre":"TOTAL","candidatura_total_votos_numero":"0","candidatura_total_votos_porcentaje":"0.0000","seleccionado":false}]},{"distrito_id":"11","datos_candidaturas":[{"candidatura_id":1,"candidatura_logo":"\/emblemas\/PAN-PRI-PRD-PRS-PHBCS.jpeg","candidatura_nombre":"PAN-PRI-PRD-PRS-PHBCS","candidatura_total_votos_numero":"sin dato","candidatura_total_votos_porcentaje":"0.0000","seleccionado":false},{"candidatura_id":6,"candidatura_logo":"\/emblemas\/PVEM.jpeg","candidatura_nombre":"PVEM","candidatura_total_votos_numero":"sin dato","candidatura_total_votos_porcentaje":"0.0000","seleccionado":false},{"candidatura_id":7,"candidatura_logo":"\/emblemas\/MC.jpeg","candidatura_nombre":"MC","candidatura_total_votos_numero":"sin dato","candidatura_total_votos_porcentaje":"0.0000","seleccionado":false},{"candidatura_id":11,"candidatura_logo":"\/emblemas\/BCSC.jpeg","candidatura_nombre":"BCSC","candidatura_total_votos_numero":"sin dato","candidatura_total_votos_porcentaje":"0.0000","seleccionado":false},{"candidatura_id":12,"candidatura_logo":"\/emblemas\/PNABCS.jpeg","candidatura_nombre":"PNABCS","candidatura_total_votos_numero":"sin dato","candidatura_total_votos_porcentaje":"0.0000","seleccionado":false},{"candidatura_id":13,"candidatura_logo":"\/emblemas\/PES.png","candidatura_nombre":"PES","candidatura_total_votos_numero":"sin dato","candidatura_total_votos_porcentaje":"0.0000","seleccionado":false},{"candidatura_id":14,"candidatura_logo":"\/emblemas\/RSP.jpeg","candidatura_nombre":"RSP","candidatura_total_votos_numero":"sin dato","candidatura_total_votos_porcentaje":"0.0000","seleccionado":false},{"candidatura_id":15,"candidatura_logo":"\/emblemas\/FXM.jpg","candidatura_nombre":"FXM","candidatura_total_votos_numero":"sin dato","candidatura_total_votos_porcentaje":"0.0000","seleccionado":false},{"candidatura_id":19,"candidatura_logo":"\/emblemas\/CAND_IND_4.jpeg","candidatura_nombre":"CAND_IND_4","candidatura_total_votos_numero":"sin dato","candidatura_total_votos_porcentaje":"0.0000","seleccionado":false},{"candidatura_id":20,"candidatura_logo":"\/emblemas\/PT-MORENA.jpeg","candidatura_nombre":"PT-MORENA","candidatura_total_votos_numero":"sin dato","candidatura_total_votos_porcentaje":"0.0000","seleccionado":false},{"candidatura_id":9,"candidatura_logo":"\/emblemas\/MORENA.jpeg","candidatura_nombre":"MORENA","candidatura_total_votos_numero":"sin dato","candidatura_total_votos_porcentaje":"0.0000","seleccionado":false},{"candidatura_id":5,"candidatura_logo":"\/emblemas\/PT.jpeg","candidatura_nombre":"PT","candidatura_total_votos_numero":"sin dato","candidatura_total_votos_porcentaje":"0.0000","seleccionado":false},{"candidatura_id":9999,"candidatura_logo":"sin_logo","candidatura_nombre":"TOTAL","candidatura_total_votos_numero":"0","candidatura_total_votos_porcentaje":"0.0000","seleccionado":false}]},{"distrito_id":"12","datos_candidaturas":[{"candidatura_id":1,"candidatura_logo":"\/emblemas\/PAN-PRI-PRD-PRS-PHBCS.jpeg","candidatura_nombre":"PAN-PRI-PRD-PRS-PHBCS","candidatura_total_votos_numero":"sin dato","candidatura_total_votos_porcentaje":"0.0000","seleccionado":false},{"candidatura_id":6,"candidatura_logo":"\/emblemas\/PVEM.jpeg","candidatura_nombre":"PVEM","candidatura_total_votos_numero":"sin dato","candidatura_total_votos_porcentaje":"0.0000","seleccionado":false},{"candidatura_id":7,"candidatura_logo":"\/emblemas\/MC.jpeg","candidatura_nombre":"MC","candidatura_total_votos_numero":"sin dato","candidatura_total_votos_porcentaje":"0.0000","seleccionado":false},{"candidatura_id":11,"candidatura_logo":"\/emblemas\/BCSC.jpeg","candidatura_nombre":"BCSC","candidatura_total_votos_numero":"sin dato","candidatura_total_votos_porcentaje":"0.0000","seleccionado":false},{"candidatura_id":12,"candidatura_logo":"\/emblemas\/PNABCS.jpeg","candidatura_nombre":"PNABCS","candidatura_total_votos_numero":"sin dato","candidatura_total_votos_porcentaje":"0.0000","seleccionado":false},{"candidatura_id":13,"candidatura_logo":"\/emblemas\/PES.png","candidatura_nombre":"PES","candidatura_total_votos_numero":"sin dato","candidatura_total_votos_porcentaje":"0.0000","seleccionado":false},{"candidatura_id":14,"candidatura_logo":"\/emblemas\/RSP.jpeg","candidatura_nombre":"RSP","candidatura_total_votos_numero":"sin dato","candidatura_total_votos_porcentaje":"0.0000","seleccionado":false},{"candidatura_id":15,"candidatura_logo":"\/emblemas\/FXM.jpg","candidatura_nombre":"FXM","candidatura_total_votos_numero":"sin dato","candidatura_total_votos_porcentaje":"0.0000","seleccionado":false},{"candidatura_id":19,"candidatura_logo":"\/emblemas\/CAND_IND_4.jpeg","candidatura_nombre":"CAND_IND_4","candidatura_total_votos_numero":"sin dato","candidatura_total_votos_porcentaje":"0.0000","seleccionado":false},{"candidatura_id":20,"candidatura_logo":"\/emblemas\/PT-MORENA.jpeg","candidatura_nombre":"PT-MORENA","candidatura_total_votos_numero":"sin dato","candidatura_total_votos_porcentaje":"0.0000","seleccionado":false},{"candidatura_id":9,"candidatura_logo":"\/emblemas\/MORENA.jpeg","candidatura_nombre":"MORENA","candidatura_total_votos_numero":"sin dato","candidatura_total_votos_porcentaje":"0.0000","seleccionado":false},{"candidatura_id":5,"candidatura_logo":"\/emblemas\/PT.jpeg","candidatura_nombre":"PT","candidatura_total_votos_numero":"sin dato","candidatura_total_votos_porcentaje":"0.0000","seleccionado":false},{"candidatura_id":9999,"candidatura_logo":"sin_logo","candidatura_nombre":"TOTAL","candidatura_total_votos_numero":"0","candidatura_total_votos_porcentaje":"0.0000","seleccionado":false}]},{"distrito_id":"13","datos_candidaturas":[{"candidatura_id":1,"candidatura_logo":"\/emblemas\/PAN-PRI-PRD-PRS-PHBCS.jpeg","candidatura_nombre":"PAN-PRI-PRD-PRS-PHBCS","candidatura_total_votos_numero":"sin dato","candidatura_total_votos_porcentaje":"0.0000","seleccionado":false},{"candidatura_id":6,"candidatura_logo":"\/emblemas\/PVEM.jpeg","candidatura_nombre":"PVEM","candidatura_total_votos_numero":"sin dato","candidatura_total_votos_porcentaje":"0.0000","seleccionado":false},{"candidatura_id":7,"candidatura_logo":"\/emblemas\/MC.jpeg","candidatura_nombre":"MC","candidatura_total_votos_numero":"sin dato","candidatura_total_votos_porcentaje":"0.0000","seleccionado":false},{"candidatura_id":11,"candidatura_logo":"\/emblemas\/BCSC.jpeg","candidatura_nombre":"BCSC","candidatura_total_votos_numero":"sin dato","candidatura_total_votos_porcentaje":"0.0000","seleccionado":false},{"candidatura_id":12,"candidatura_logo":"\/emblemas\/PNABCS.jpeg","candidatura_nombre":"PNABCS","candidatura_total_votos_numero":"sin dato","candidatura_total_votos_porcentaje":"0.0000","seleccionado":false},{"candidatura_id":13,"candidatura_logo":"\/emblemas\/PES.png","candidatura_nombre":"PES","candidatura_total_votos_numero":"sin dato","candidatura_total_votos_porcentaje":"0.0000","seleccionado":false},{"candidatura_id":14,"candidatura_logo":"\/emblemas\/RSP.jpeg","candidatura_nombre":"RSP","candidatura_total_votos_numero":"sin dato","candidatura_total_votos_porcentaje":"0.0000","seleccionado":false},{"candidatura_id":15,"candidatura_logo":"\/emblemas\/FXM.jpg","candidatura_nombre":"FXM","candidatura_total_votos_numero":"sin dato","candidatura_total_votos_porcentaje":"0.0000","seleccionado":false},{"candidatura_id":19,"candidatura_logo":"\/emblemas\/CAND_IND_4.jpeg","candidatura_nombre":"CAND_IND_4","candidatura_total_votos_numero":"sin dato","candidatura_total_votos_porcentaje":"0.0000","seleccionado":false},{"candidatura_id":20,"candidatura_logo":"\/emblemas\/PT-MORENA.jpeg","candidatura_nombre":"PT-MORENA","candidatura_total_votos_numero":"sin dato","candidatura_total_votos_porcentaje":"0.0000","seleccionado":false},{"candidatura_id":9,"candidatura_logo":"\/emblemas\/MORENA.jpeg","candidatura_nombre":"MORENA","candidatura_total_votos_numero":"sin dato","candidatura_total_votos_porcentaje":"0.0000","seleccionado":false},{"candidatura_id":5,"candidatura_logo":"\/emblemas\/PT.jpeg","candidatura_nombre":"PT","candidatura_total_votos_numero":"sin dato","candidatura_total_votos_porcentaje":"0.0000","seleccionado":false},{"candidatura_id":9999,"candidatura_logo":"sin_logo","candidatura_nombre":"TOTAL","candidatura_total_votos_numero":"0","candidatura_total_votos_porcentaje":"0.0000","seleccionado":false}]},{"distrito_id":"14","datos_candidaturas":[{"candidatura_id":1,"candidatura_logo":"\/emblemas\/PAN-PRI-PRD-PRS-PHBCS.jpeg","candidatura_nombre":"PAN-PRI-PRD-PRS-PHBCS","candidatura_total_votos_numero":"sin dato","candidatura_total_votos_porcentaje":"0.0000","seleccionado":false},{"candidatura_id":6,"candidatura_logo":"\/emblemas\/PVEM.jpeg","candidatura_nombre":"PVEM","candidatura_total_votos_numero":"sin dato","candidatura_total_votos_porcentaje":"0.0000","seleccionado":false},{"candidatura_id":7,"candidatura_logo":"\/emblemas\/MC.jpeg","candidatura_nombre":"MC","candidatura_total_votos_numero":"sin dato","candidatura_total_votos_porcentaje":"0.0000","seleccionado":false},{"candidatura_id":11,"candidatura_logo":"\/emblemas\/BCSC.jpeg","candidatura_nombre":"BCSC","candidatura_total_votos_numero":"sin dato","candidatura_total_votos_porcentaje":"0.0000","seleccionado":false},{"candidatura_id":12,"candidatura_logo":"\/emblemas\/PNABCS.jpeg","candidatura_nombre":"PNABCS","candidatura_total_votos_numero":"sin dato","candidatura_total_votos_porcentaje":"0.0000","seleccionado":false},{"candidatura_id":13,"candidatura_logo":"\/emblemas\/PES.png","candidatura_nombre":"PES","candidatura_total_votos_numero":"sin dato","candidatura_total_votos_porcentaje":"0.0000","seleccionado":false},{"candidatura_id":14,"candidatura_logo":"\/emblemas\/RSP.jpeg","candidatura_nombre":"RSP","candidatura_total_votos_numero":"sin dato","candidatura_total_votos_porcentaje":"0.0000","seleccionado":false},{"candidatura_id":15,"candidatura_logo":"\/emblemas\/FXM.jpg","candidatura_nombre":"FXM","candidatura_total_votos_numero":"sin dato","candidatura_total_votos_porcentaje":"0.0000","seleccionado":false},{"candidatura_id":19,"candidatura_logo":"\/emblemas\/CAND_IND_4.jpeg","candidatura_nombre":"CAND_IND_4","candidatura_total_votos_numero":"sin dato","candidatura_total_votos_porcentaje":"0.0000","seleccionado":false},{"candidatura_id":20,"candidatura_logo":"\/emblemas\/PT-MORENA.jpeg","candidatura_nombre":"PT-MORENA","candidatura_total_votos_numero":"sin dato","candidatura_total_votos_porcentaje":"0.0000","seleccionado":false},{"candidatura_id":9,"candidatura_logo":"\/emblemas\/MORENA.jpeg","candidatura_nombre":"MORENA","candidatura_total_votos_numero":"sin dato","candidatura_total_votos_porcentaje":"0.0000","seleccionado":false},{"candidatura_id":5,"candidatura_logo":"\/emblemas\/PT.jpeg","candidatura_nombre":"PT","candidatura_total_votos_numero":"sin dato","candidatura_total_votos_porcentaje":"0.0000","seleccionado":false},{"candidatura_id":9999,"candidatura_logo":"sin_logo","candidatura_nombre":"TOTAL","candidatura_total_votos_numero":"0","candidatura_total_votos_porcentaje":"0.0000","seleccionado":false}]},{"distrito_id":"15","datos_candidaturas":[{"candidatura_id":1,"candidatura_logo":"\/emblemas\/PAN-PRI-PRD-PRS-PHBCS.jpeg","candidatura_nombre":"PAN-PRI-PRD-PRS-PHBCS","candidatura_total_votos_numero":"sin dato","candidatura_total_votos_porcentaje":"0.0000","seleccionado":false},{"candidatura_id":6,"candidatura_logo":"\/emblemas\/PVEM.jpeg","candidatura_nombre":"PVEM","candidatura_total_votos_numero":"sin dato","candidatura_total_votos_porcentaje":"0.0000","seleccionado":false},{"candidatura_id":7,"candidatura_logo":"\/emblemas\/MC.jpeg","candidatura_nombre":"MC","candidatura_total_votos_numero":"sin dato","candidatura_total_votos_porcentaje":"0.0000","seleccionado":false},{"candidatura_id":11,"candidatura_logo":"\/emblemas\/BCSC.jpeg","candidatura_nombre":"BCSC","candidatura_total_votos_numero":"sin dato","candidatura_total_votos_porcentaje":"0.0000","seleccionado":false},{"candidatura_id":12,"candidatura_logo":"\/emblemas\/PNABCS.jpeg","candidatura_nombre":"PNABCS","candidatura_total_votos_numero":"sin dato","candidatura_total_votos_porcentaje":"0.0000","seleccionado":false},{"candidatura_id":13,"candidatura_logo":"\/emblemas\/PES.png","candidatura_nombre":"PES","candidatura_total_votos_numero":"sin dato","candidatura_total_votos_porcentaje":"0.0000","seleccionado":false},{"candidatura_id":14,"candidatura_logo":"\/emblemas\/RSP.jpeg","candidatura_nombre":"RSP","candidatura_total_votos_numero":"sin dato","candidatura_total_votos_porcentaje":"0.0000","seleccionado":false},{"candidatura_id":15,"candidatura_logo":"\/emblemas\/FXM.jpg","candidatura_nombre":"FXM","candidatura_total_votos_numero":"sin dato","candidatura_total_votos_porcentaje":"0.0000","seleccionado":false},{"candidatura_id":19,"candidatura_logo":"\/emblemas\/CAND_IND_4.jpeg","candidatura_nombre":"CAND_IND_4","candidatura_total_votos_numero":"sin dato","candidatura_total_votos_porcentaje":"0.0000","seleccionado":false},{"candidatura_id":20,"candidatura_logo":"\/emblemas\/PT-MORENA.jpeg","candidatura_nombre":"PT-MORENA","candidatura_total_votos_numero":"sin dato","candidatura_total_votos_porcentaje":"0.0000","seleccionado":false},{"candidatura_id":9,"candidatura_logo":"\/emblemas\/MORENA.jpeg","candidatura_nombre":"MORENA","candidatura_total_votos_numero":"sin dato","candidatura_total_votos_porcentaje":"0.0000","seleccionado":false},{"candidatura_id":5,"candidatura_logo":"\/emblemas\/PT.jpeg","candidatura_nombre":"PT","candidatura_total_votos_numero":"sin dato","candidatura_total_votos_porcentaje":"0.0000","seleccionado":false},{"candidatura_id":9999,"candidatura_logo":"sin_logo","candidatura_nombre":"TOTAL","candidatura_total_votos_numero":"0","candidatura_total_votos_porcentaje":"0.0000","seleccionado":false}]},{"distrito_id":"16","datos_candidaturas":[{"candidatura_id":1,"candidatura_logo":"\/emblemas\/PAN-PRI-PRD-PRS-PHBCS.jpeg","candidatura_nombre":"PAN-PRI-PRD-PRS-PHBCS","candidatura_total_votos_numero":"sin dato","candidatura_total_votos_porcentaje":"0.0000","seleccionado":false},{"candidatura_id":6,"candidatura_logo":"\/emblemas\/PVEM.jpeg","candidatura_nombre":"PVEM","candidatura_total_votos_numero":"sin dato","candidatura_total_votos_porcentaje":"0.0000","seleccionado":false},{"candidatura_id":7,"candidatura_logo":"\/emblemas\/MC.jpeg","candidatura_nombre":"MC","candidatura_total_votos_numero":"sin dato","candidatura_total_votos_porcentaje":"0.0000","seleccionado":false},{"candidatura_id":11,"candidatura_logo":"\/emblemas\/BCSC.jpeg","candidatura_nombre":"BCSC","candidatura_total_votos_numero":"sin dato","candidatura_total_votos_porcentaje":"0.0000","seleccionado":false},{"candidatura_id":12,"candidatura_logo":"\/emblemas\/PNABCS.jpeg","candidatura_nombre":"PNABCS","candidatura_total_votos_numero":"sin dato","candidatura_total_votos_porcentaje":"0.0000","seleccionado":false},{"candidatura_id":13,"candidatura_logo":"\/emblemas\/PES.png","candidatura_nombre":"PES","candidatura_total_votos_numero":"sin dato","candidatura_total_votos_porcentaje":"0.0000","seleccionado":false},{"candidatura_id":14,"candidatura_logo":"\/emblemas\/RSP.jpeg","candidatura_nombre":"RSP","candidatura_total_votos_numero":"sin dato","candidatura_total_votos_porcentaje":"0.0000","seleccionado":false},{"candidatura_id":15,"candidatura_logo":"\/emblemas\/FXM.jpg","candidatura_nombre":"FXM","candidatura_total_votos_numero":"sin dato","candidatura_total_votos_porcentaje":"0.0000","seleccionado":false},{"candidatura_id":19,"candidatura_logo":"\/emblemas\/CAND_IND_4.jpeg","candidatura_nombre":"CAND_IND_4","candidatura_total_votos_numero":"sin dato","candidatura_total_votos_porcentaje":"0.0000","seleccionado":false},{"candidatura_id":20,"candidatura_logo":"\/emblemas\/PT-MORENA.jpeg","candidatura_nombre":"PT-MORENA","candidatura_total_votos_numero":"sin dato","candidatura_total_votos_porcentaje":"0.0000","seleccionado":false},{"candidatura_id":9,"candidatura_logo":"\/emblemas\/MORENA.jpeg","candidatura_nombre":"MORENA","candidatura_total_votos_numero":"sin dato","candidatura_total_votos_porcentaje":"0.0000","seleccionado":false},{"candidatura_id":5,"candidatura_logo":"\/emblemas\/PT.jpeg","candidatura_nombre":"PT","candidatura_total_votos_numero":"sin dato","candidatura_total_votos_porcentaje":"0.0000","seleccionado":false},{"candidatura_id":9999,"candidatura_logo":"sin_logo","candidatura_nombre":"TOTAL","candidatura_total_votos_numero":"0","candidatura_total_votos_porcentaje":"0.0000","seleccionado":false}]}]}